"JS_KEY","NAME_REGIONALITY"
"us-al",0.771719217683709
"us-ar",0.89081105585978
"us-az",1.62749810879582
"us-ca",1.46594813291287
"us-co",1.26797688836405
"us-ct",0.47090415972829
"us-dc",1.11487951910105
"us-de",0.898739666434929
"us-fl",0.560827307042728
"us-ga",0.768944638964507
"us-hi",0.676372346685896
"us-ia",1.1009230008207
"us-id",1.39496471669186
"us-il",1.2079269927152
"us-in",1.27056308831118
"us-ks",1.04397160220936
"us-ky",1.60641546994853
"us-la",0.738125331752821
"us-ma",0.620757890062356
"us-md",1.00125197906923
"us-me",1.29276809520102
"us-mi",1.2927662907603
"us-mn",0.779276197264352
"us-mo",1.80107414555336
"us-ms",0.588851872215915
"us-mt",1.05674720837802
"us-nc",1.34333744501569
"us-nd",0.304119901365847
"us-ne",0.822749531902636
"us-nh",0.894335296175619
"us-nj",0.519671731199262
"us-nm",1.31491067292393
"us-nv",2.02581766275678
"us-ny",0.565447925486639
"us-oh",1.2505888185332
"us-ok",1.07829670496189
"us-or",1.56941978815315
"us-pa",0.583109409613147
"us-ri",0.561206244412351
"us-sc",0.806306458372616
"us-sd",0.394841838462712
"us-tn",1.06061534746437
"us-tx",1.10041763854667
"us-ut",1.67187045436852
"us-va",2.68085942460324
"us-vt",0.631052462964395
"us-wa",1.48039604849573
"us-wi",0.8554716909207
"us-wv",3.26690261943972
"us-wy",1.35648343498664
