"JS_KEY","NAME_REGIONALITY"
"us-al",71.4430835522094
"us-ar",110.404025707815
"us-az",137.663181376462
"us-ca",113.814603125883
"us-co",100.452438039061
"us-ct",76.704482989559
"us-dc",60.44554681749
"us-de",82.239338229552
"us-fl",89.8293978018022
"us-ga",90.373643039755
"us-hi",41.1593358076232
"us-ia",101.531144457849
"us-id",90.4165180488728
"us-il",109.031074296971
"us-in",107.850684837861
"us-ks",141.805314572118
"us-ky",140.005485921217
"us-la",57.1133688760843
"us-ma",91.5822511818176
"us-md",79.4558133758511
"us-me",128.379910607699
"us-mi",133.632520589305
"us-mn",88.0770317545358
"us-mo",147.810479592573
"us-ms",73.7556400640493
"us-mt",81.827405945039
"us-nc",111.392813612774
"us-nd",61.9657283685364
"us-ne",115.69144467237
"us-nh",123.307114473963
"us-nj",59.9851418085782
"us-nm",114.251152288558
"us-ny",73.3216471078404
"us-oh",102.675697381163
"us-ok",122.941245829374
"us-or",143.047917735853
"us-pa",61.1687918060286
"us-ri",79.4587062207304
"us-sc",91.2125677559315
"us-sd",92.827270239465
"us-tn",117.461049970424
"us-tx",105.413044225143
"us-ut",78.6942757120388
"us-va",217.455751015267
"us-vt",97.231874421739
"us-wa",117.362907805029
"us-wi",115.806044968891
"us-wv",164.921465420227
"us-wy",92.0491420702859
