"JS_KEY","NAME_REGIONALITY"
"us-ak",242.833045764182
"us-al",106.33394169465
"us-ar",163.692669527628
"us-az",176.875305245587
"us-ca",116.148112094939
"us-co",144.063377577674
"us-ct",81.0231112119666
"us-dc",97.9226207602456
"us-de",106.053886416988
"us-fl",97.6774449872337
"us-ga",121.844365407997
"us-hi",67.766708492171
"us-ia",91.3002633897143
"us-id",80.6152109522104
"us-il",83.1883688873512
"us-in",83.6265977632894
"us-ks",143.93754087639
"us-ky",118.675908420194
"us-la",88.150743304728
"us-ma",92.8341363092567
"us-md",99.5476007443444
"us-me",92.0224691029973
"us-mi",84.2655665239969
"us-mn",87.5995549654211
"us-mo",117.551667767758
"us-ms",99.9256440542953
"us-mt",128.499153383546
"us-nc",118.006109375698
"us-nd",120.627987530532
"us-ne",105.313910159826
"us-nh",105.950127141435
"us-nj",83.0521860851068
"us-nm",205.125052219517
"us-nv",110.142131471611
"us-ny",76.2959254984537
"us-oh",80.8703428841513
"us-ok",141.595114043389
"us-or",85.1357951144126
"us-pa",74.6403623474801
"us-ri",92.8288198356055
"us-sc",100.482005146293
"us-sd",104.193836170738
"us-tn",118.002786263874
"us-tx",137.776233645866
"us-ut",73.4280876477408
"us-va",168.130229393526
"us-vt",97.1757273727651
"us-wa",85.937169844748
"us-wi",76.3587982202314
"us-wv",123.755203900687
"us-wy",101.483792068907
