"JS_KEY","NAME_REGIONALITY"
"us-ak",1.37096643743847
"us-al",1.36795337525025
"us-ar",1.45702154555775
"us-az",1.79245635896456
"us-ca",1.18070359491337
"us-co",0.951927101655604
"us-ct",0.644211145140861
"us-dc",1.12844757180103
"us-de",1.22032783929159
"us-fl",1.23356318302682
"us-ga",1.58908512582531
"us-hi",1.01251188172179
"us-ia",0.494554230648188
"us-il",0.675446738758089
"us-in",0.647044146164521
"us-ks",0.75066459513655
"us-ky",1.17843100497447
"us-la",1.1824876584851
"us-ma",0.780025158767242
"us-md",1.18237609252053
"us-me",0.782125956726274
"us-mi",0.594659917380753
"us-mn",0.616489777874119
"us-mo",0.710209923555775
"us-ms",1.83267742498951
"us-mt",0.642008412122187
"us-nc",1.07904778686188
"us-nd",0.591795251974504
"us-ne",0.857344000788223
"us-nh",0.759860797612556
"us-nj",0.933850019446244
"us-nm",1.76657546813165
"us-nv",0.820694446930261
"us-ny",0.99691215941903
"us-oh",0.689548512379435
"us-ok",0.901882499225676
"us-or",0.541885451338646
"us-pa",0.843972724256864
"us-ri",0.668039537811099
"us-sc",1.3291029769574
"us-sd",0.541280820845485
"us-tn",1.19632411747327
"us-tx",1.90685131209794
"us-ut",0.720147351144988
"us-va",1.60822355109319
"us-vt",0.624259238088423
"us-wa",0.784115709649452
"us-wi",0.681880554938677
"us-wv",1.14073848503563
"us-wy",1.35334818624461
