"JS_KEY","NAME_REGIONALITY"
"us-ak",151.998475118032
"us-al",172.348792056821
"us-ar",88.2707061418074
"us-az",182.747780712688
"us-ca",126.869822866345
"us-co",70.6349693042524
"us-ct",65.2252014181854
"us-dc",68.678677783409
"us-fl",139.068013809989
"us-ga",122.595424170348
"us-hi",114.61138750691
"us-ia",37.4985983150843
"us-il",67.3908521205502
"us-in",61.3546064031698
"us-ks",79.3390580275826
"us-ky",133.788166861404
"us-la",117.340638545389
"us-ma",55.0986863248244
"us-md",105.083464140334
"us-me",64.4424552111695
"us-mi",58.6159322387927
"us-mn",38.9281301985347
"us-mo",53.0066195637612
"us-ms",176.692017536903
"us-mt",134.813254265501
"us-nc",127.463420631993
"us-ne",53.5542330502345
"us-nh",93.402890402566
"us-nj",84.9415959368236
"us-nm",115.418579276691
"us-nv",91.9680339532788
"us-ny",86.1013519722838
"us-oh",69.814453347803
"us-ok",103.992456318643
"us-or",60.0640905646923
"us-pa",73.3909973850117
"us-ri",62.3241860479098
"us-sc",194.1884488048
"us-tn",123.825429498356
"us-tx",205.4045526686
"us-ut",92.969116486476
"us-va",227.683623264359
"us-vt",125.052905129213
"us-wa",40.3595160564424
"us-wi",58.4999144430974
"us-wv",184.227315459022
