"JS_KEY","NAME_REGIONALITY"
"us-ak",198.702282126811
"us-al",127.255175087516
"us-ar",174.555143864165
"us-az",124.677672897266
"us-ca",122.091805641893
"us-co",82.2885177140904
"us-ct",44.7025867608681
"us-dc",102.04551427803
"us-fl",133.542394264869
"us-ga",153.437714706389
"us-hi",85.4820372372889
"us-ia",41.4970603645575
"us-id",69.7702493188239
"us-il",74.7748706279896
"us-in",58.5185925891175
"us-ks",40.7920476471705
"us-ky",122.534536071416
"us-la",133.73191417389
"us-ma",40.40332631528
"us-md",104.531983873329
"us-mi",74.6422730632117
"us-mn",29.0771343888938
"us-mo",62.6017367216752
"us-ms",212.645408077761
"us-mt",117.370112099337
"us-nc",129.378060971452
"us-ne",52.74684809473
"us-nh",70.4792477187223
"us-nj",92.6968076438773
"us-nm",208.776791966787
"us-nv",138.712716018611
"us-ny",70.8189720587293
"us-oh",79.6943668260315
"us-ok",82.6475312858897
"us-or",70.7438277546138
"us-pa",60.8462172578848
"us-sc",215.055334907686
"us-tn",130.982061041154
"us-tx",185.225329037554
"us-ut",71.2800838712813
"us-va",228.301082820216
"us-wa",63.0134760936627
"us-wi",39.1157129991303
"us-wv",173.32758132465
"us-wy",134.473385558627
