"JS_KEY","NAME_REGIONALITY"
"us-al",71.3535435256472
"us-ar",93.6835506319424
"us-az",77.187637267638
"us-ca",101.7575010214
"us-co",124.578346545522
"us-ct",106.922790358504
"us-dc",138.910821161771
"us-de",172.385723231058
"us-fl",125.411950664994
"us-ga",89.4985149453164
"us-hi",123.552907435229
"us-ia",99.0536177950159
"us-id",134.077784735268
"us-il",101.371816087959
"us-in",126.506156969955
"us-ks",131.64000683099
"us-ky",96.9875874270423
"us-la",79.483237657434
"us-ma",88.759977530071
"us-md",180.835476133736
"us-me",109.572299050242
"us-mi",95.7503610215237
"us-mn",70.0183986950841
"us-mo",136.172319501944
"us-ms",73.0989941665394
"us-mt",79.1896916092674
"us-nc",81.3577639103225
"us-nd",90.1107189616895
"us-ne",116.928300641222
"us-nh",124.259731848474
"us-nj",91.5897208065998
"us-nm",102.880289530436
"us-ny",104.298021628391
"us-oh",105.2094415218
"us-ok",120.716257701473
"us-or",135.113134424343
"us-pa",97.7051261773264
"us-ri",95.2657944171637
"us-sc",62.1818574438391
"us-sd",109.268115906301
"us-tn",104.88366936055
"us-tx",76.7323240606206
"us-ut",110.092492296043
"us-va",102.71162203221
"us-vt",131.480636362672
"us-wa",112.678615118579
"us-wi",70.7301990521749
"us-wv",139.573667956965
"us-wy",138.568428243147
