"JS_KEY","NAME_REGIONALITY"
"us-ak",1.43174503809921
"us-al",0.720399321543194
"us-ar",1.02185645061777
"us-az",0.994783890107893
"us-ca",0.910977450541203
"us-co",1.03856041941461
"us-ct",0.826235790074529
"us-dc",1.2379532854676
"us-de",1.54638098887231
"us-fl",0.98339323487765
"us-ga",0.879465321934078
"us-hi",0.706605905575819
"us-ia",1.0478275867504
"us-id",0.87427794559752
"us-il",1.05078909049017
"us-in",1.33387939734838
"us-ks",1.4510473452956
"us-ky",1.24672288476199
"us-la",0.863824998245588
"us-ma",0.893893887256213
"us-md",1.57674282096213
"us-me",1.1953134489834
"us-mi",0.86488229322864
"us-mn",0.601607819528824
"us-mo",1.34467339628377
"us-ms",0.723965510882912
"us-mt",1.12274364360725
"us-nc",0.816996245574894
"us-nd",0.677137791354512
"us-ne",0.950692853891529
"us-nh",1.03446577843407
"us-nj",0.989665833947538
"us-nm",0.627921391906254
"us-nv",1.91154551432497
"us-ny",0.956349926810987
"us-oh",1.10547942684097
"us-ok",1.18228991831528
"us-or",0.981527960272283
"us-pa",0.993716926102843
"us-ri",0.79561266123423
"us-sc",0.61687205389157
"us-sd",0.832644736488884
"us-tn",1.02947851343573
"us-tx",1.02510710176476
"us-ut",0.768461605633126
"us-va",1.04672671981289
"us-vt",1.10036236901085
"us-wa",0.846992365165712
"us-wi",0.691820246697301
"us-wv",1.50421127597925
"us-wy",1.59612516300457
