"JS_KEY","NAME_REGIONALITY"
"us-ak",1.12544103072349
"us-al",0.797487413899809
"us-ar",1.00508453555146
"us-az",0.798814611712255
"us-ca",0.897445398164901
"us-co",0.99169236421935
"us-ct",0.793308997220504
"us-dc",1.1035921359115
"us-de",0.891338532999774
"us-fl",1.23026348008344
"us-ga",0.843425685131834
"us-hi",0.700634979808201
"us-ia",0.961323235169736
"us-id",0.997651909705085
"us-il",1.03443773232452
"us-in",1.47276906964906
"us-ks",1.23585621360306
"us-ky",1.29064338385721
"us-la",0.860478572249638
"us-ma",0.921378645291295
"us-md",1.73534197141328
"us-me",1.13849578236123
"us-mi",0.853598885616608
"us-mn",0.65865844195806
"us-mo",1.30995177340388
"us-ms",0.801015125869486
"us-mt",1.0823982916407
"us-nc",0.839525898486995
"us-nd",0.61601960272823
"us-ne",1.0573205323062
"us-nh",1.19924044257421
"us-nj",0.936543788798951
"us-nm",0.812049915273495
"us-nv",1.61195980963
"us-ny",0.925351626050119
"us-oh",1.14193644621884
"us-ok",1.12441624629648
"us-or",1.08696708776101
"us-pa",0.980359181046738
"us-ri",0.822966948862776
"us-sc",0.626993091287858
"us-sd",0.968827295941535
"us-tn",1.18748574021208
"us-tx",0.981607093286558
"us-ut",0.576639397367158
"us-va",1.0436261046391
"us-vt",0.996553451053856
"us-wa",0.842580890828576
"us-wi",0.648913598156375
"us-wv",1.55443112252806
"us-wy",1.33736137106082
