"JS_KEY","NAME_REGIONALITY"
"us-ak",1.01952152458249
"us-al",0.864183994989478
"us-ar",1.12743735973837
"us-az",0.875486476490494
"us-ca",0.713251264484682
"us-co",1.09523015525767
"us-ct",0.719063298255321
"us-dc",1.18993105954288
"us-de",1.16830468729755
"us-fl",1.07087973778333
"us-ga",0.949239767289249
"us-hi",0.751356469025645
"us-ia",0.980045101913475
"us-id",0.892111902537045
"us-il",1.00838319926631
"us-in",1.38726682523835
"us-ks",1.29181257410166
"us-ky",1.41395977089366
"us-la",0.98290760356443
"us-ma",0.822182501954484
"us-md",1.63663923349834
"us-me",1.0881447948926
"us-mi",0.850277099432881
"us-mn",0.577919171375393
"us-mo",1.33567608749718
"us-ms",1.0694559586233
"us-mt",0.867373397543653
"us-nc",0.903014937897469
"us-nd",0.670853990201468
"us-ne",0.945201885891399
"us-nh",1.03503187059655
"us-nj",0.995995319353628
"us-nm",0.648234954435056
"us-nv",0.895565473471887
"us-ny",0.875695486241861
"us-oh",1.09214141818609
"us-ok",1.10175238563649
"us-or",0.806636449479483
"us-pa",0.988178719085764
"us-ri",0.784762146573618
"us-sc",0.75116478423222
"us-sd",1.02297571672462
"us-tn",1.21894751890002
"us-tx",1.02528142782577
"us-ut",0.725491132980261
"us-va",1.12126508707101
"us-vt",0.934680222886469
"us-wa",0.808432701268185
"us-wi",0.591237675574875
"us-wv",1.6111918606811
"us-wy",1.03351047678663
