"JS_KEY","NAME_REGIONALITY"
"us-ak",134.79881199098
"us-al",118.208752283636
"us-ar",143.158913424488
"us-az",72.8424760021481
"us-ca",71.3883652153713
"us-co",90.2470782143222
"us-ct",70.226562287247
"us-dc",126.459563452555
"us-de",115.636630035818
"us-fl",119.328436654863
"us-ga",114.207765571135
"us-hi",82.2191549041368
"us-ia",85.3135282245775
"us-id",91.194128720249
"us-il",93.4346066549327
"us-in",124.796764863096
"us-ks",114.236438266257
"us-ky",165.303641686865
"us-la",115.018192592989
"us-ma",74.258698049
"us-md",142.356866597472
"us-me",90.2737418646808
"us-mi",77.0470095206418
"us-mn",62.038089609485
"us-mo",122.029153377678
"us-ms",127.22318408769
"us-mt",80.3070815342731
"us-nc",109.885131489213
"us-nd",65.8887296542117
"us-ne",69.297104479554
"us-nh",82.264206495865
"us-nj",96.663357440525
"us-nm",66.7375681410252
"us-nv",72.9859877758647
"us-ny",78.4089613454113
"us-oh",99.6769504825619
"us-ok",131.668900633862
"us-or",72.0140638180454
"us-pa",95.2463693961075
"us-ri",63.745033577931
"us-sc",100.460416319069
"us-sd",78.188436384882
"us-tn",144.91237399572
"us-tx",126.427454526448
"us-ut",54.036269823789
"us-va",117.26972252505
"us-vt",66.4478077608895
"us-wa",78.0293457234013
"us-wi",60.4701567195287
"us-wv",154.542001739762
"us-wy",100.076614844125
