"JS_KEY","NAME_REGIONALITY"
"us-ak",80.2683043985453
"us-al",140.10819627894
"us-ar",172.652967405687
"us-az",85.6857738248049
"us-ca",70.7631185964057
"us-co",98.4673853958191
"us-ct",73.6812219742801
"us-dc",106.456690281945
"us-de",126.706657622009
"us-fl",123.125125214351
"us-ga",130.414473116427
"us-hi",96.2458815774026
"us-ia",81.2642705425687
"us-id",77.7627163013777
"us-il",87.1157520742546
"us-in",106.737937968943
"us-ks",114.431707271968
"us-ky",146.596884178259
"us-la",126.24325662001
"us-ma",75.0734382409769
"us-md",141.927742569867
"us-me",83.9967115702508
"us-mi",73.4595180920454
"us-mn",68.8150134372864
"us-mo",125.209931588205
"us-ms",145.483506420033
"us-mt",84.4915627687417
"us-nc",121.184629334486
"us-nd",60.0306865756826
"us-ne",73.304113441005
"us-nh",69.1095097450092
"us-nj",85.0764285423039
"us-nm",71.1488926828485
"us-nv",80.2683043985452
"us-ny",72.9748517646322
"us-oh",96.6079623622535
"us-ok",147.368484680353
"us-or",73.2955757560769
"us-pa",85.8968854148768
"us-ri",63.1144294718112
"us-sc",101.304364362671
"us-sd",69.9748567967826
"us-tn",153.958664718221
"us-tx",139.879727109127
"us-ut",32.8006692392726
"us-va",109.745644252593
"us-vt",78.2091465412738
"us-wa",66.5989741782642
"us-wi",53.4519003817557
"us-wv",144.193607996771
"us-wy",105.509909555321
