"JS_KEY","NAME_REGIONALITY"
"us-ak",64.7278286000908
"us-al",135.706301768605
"us-ar",167.914212019524
"us-az",79.1225248111557
"us-ca",70.5443129577155
"us-co",77.2791131306667
"us-ct",57.9916302213923
"us-dc",123.96302507318
"us-de",112.789919757083
"us-fl",117.830079004468
"us-ga",121.382874229162
"us-hi",79.4064720838436
"us-ia",73.9428548387813
"us-id",80.7867715630711
"us-il",88.0963682469538
"us-in",102.180259210001
"us-ks",99.8839122278458
"us-ky",151.557390843972
"us-la",129.143643098704
"us-ma",67.7244027399397
"us-md",144.150623693175
"us-me",82.8797337598155
"us-mi",74.1956169352529
"us-mn",66.0422220299917
"us-mo",122.681847112641
"us-ms",147.83510389916
"us-mt",89.3164287869836
"us-nc",115.662527437505
"us-nd",63.6959356803792
"us-ne",71.9919642875951
"us-nh",73.7939414007549
"us-nj",85.8178019320374
"us-nm",80.9590708987937
"us-nv",39.5633713272904
"us-ny",72.6281012300779
"us-oh",97.7797191929974
"us-ok",158.950377444228
"us-or",74.6410996469515
"us-pa",89.5551301997414
"us-ri",66.6732430206273
"us-sc",107.823136536535
"us-sd",72.5042028237308
"us-tn",152.286628515963
"us-tx",139.690579662402
"us-ut",53.5758557418488
"us-va",127.653003942537
"us-vt",65.0854409127984
"us-wa",63.9193252303615
"us-wi",55.5985635964706
"us-wv",147.800502047783
"us-wy",96.5064611277977
