"JS_KEY","NAME_REGIONALITY"
"us-ak",91.337612106247
"us-al",151.508823176354
"us-ar",160.383541643271
"us-az",95.1678840598138
"us-ca",73.1921965833711
"us-co",83.8016222897582
"us-ct",61.7537306168378
"us-dc",123.995740170114
"us-de",110.694004691335
"us-fl",135.19053126783
"us-ga",161.510171546676
"us-hi",95.9393097268731
"us-ia",65.3544507391218
"us-id",69.6069329102902
"us-il",82.1658537980225
"us-in",98.5097975142338
"us-ks",98.3044743157442
"us-ky",150.096083714836
"us-la",149.052572346729
"us-ma",69.3740447889032
"us-md",132.796039304628
"us-me",67.3847261091848
"us-mi",79.9961656390278
"us-mn",64.3899871773908
"us-mo",102.295718272396
"us-ms",210.01542744595
"us-mt",78.7425277438845
"us-nc",151.842231944735
"us-nd",52.5234562007029
"us-ne",59.6191655941899
"us-nh",65.3124576630291
"us-nj",78.0408780223274
"us-nm",97.1273125314217
"us-nv",98.3292412038104
"us-ny",77.7101297590984
"us-oh",101.53234389738
"us-ok",124.481755688822
"us-or",68.2977044067537
"us-pa",89.066422632162
"us-ri",67.0516098599512
"us-sc",157.232067812956
"us-sd",66.2391760455099
"us-tn",159.26272392273
"us-tx",129.644183850576
"us-ut",50.8467106922904
"us-va",138.293494674584
"us-vt",90.646789294825
"us-wa",70.7950244661782
"us-wi",56.971866681808
"us-wv",171.19125269396
"us-wy",100.2488074392
