"JS_KEY","NAME_REGIONALITY"
"us-ak",1.3072566547379
"us-al",1.63005526587611
"us-ar",1.58574491451915
"us-az",0.604198948425859
"us-ca",0.558134793149554
"us-co",1.10434969512478
"us-ct",0.972859159886016
"us-dc",1.77655618123023
"us-de",1.09560557730414
"us-fl",1.0654999705528
"us-ga",1.6068305875519
"us-hi",1.44207913593879
"us-ia",0.760957307046286
"us-id",0.899646263835888
"us-il",1.12477211776243
"us-in",1.11358975408128
"us-ks",0.95963256221862
"us-ky",1.69159314025437
"us-la",1.51989243225689
"us-ma",0.955113485831545
"us-md",1.15136342889199
"us-me",0.84090247290708
"us-mi",0.942246343830597
"us-mn",1.17664610364812
"us-mo",1.43625277565484
"us-ms",2.27628441034858
"us-mt",0.993268792610898
"us-nc",1.20620518819292
"us-nd",0.967357432803657
"us-ne",0.742554611851236
"us-nh",0.690819566721215
"us-nj",0.736815790348764
"us-nm",0.519361560347336
"us-nv",0.809871642743222
"us-ny",0.720617751890154
"us-oh",1.22351891881681
"us-ok",1.38324171950701
"us-or",0.929794206906812
"us-pa",0.928718633716182
"us-ri",0.630282316698502
"us-sc",1.81827606397485
"us-sd",1.15672814400437
"us-tn",1.53900113019205
"us-tx",0.84713801410936
"us-ut",0.563675696285841
"us-va",1.17755100094168
"us-vt",0.406875805210856
"us-wa",0.765184847640988
"us-wi",0.880516456391098
"us-wv",1.61686285637395
"us-wy",1.1310213988854
