"JS_KEY","NAME_REGIONALITY"
"us-ak",105.604883462819
"us-al",163.253870932169
"us-ar",116.503976366457
"us-az",72.1989298612022
"us-ca",52.9367837127492
"us-co",98.6873447245581
"us-ct",87.5244941418001
"us-dc",215.613224991627
"us-de",135.83119497139
"us-fl",84.9769971183709
"us-ga",142.836911657958
"us-hi",100.327213762703
"us-ia",92.0652815145204
"us-id",82.3714782586322
"us-il",111.885519767113
"us-in",120.408983439681
"us-ks",112.392982258321
"us-ky",155.372729420556
"us-la",171.165252865155
"us-ma",102.208685905968
"us-md",118.412051483679
"us-me",107.135256209981
"us-mi",122.916918139841
"us-mn",148.496695168683
"us-mo",119.120793677984
"us-ms",200.351604524904
"us-mt",112.766743623676
"us-nc",135.48855785368
"us-nd",45.1133726710741
"us-ne",77.3284913293134
"us-nh",117.26568060368
"us-nj",77.1235718322264
"us-nm",73.8352183542661
"us-nv",61.7122599296672
"us-ny",74.6555714139758
"us-oh",122.984973591792
"us-ok",125.241092773769
"us-or",82.8486191678959
"us-pa",88.6581646193643
"us-ri",81.7038377714128
"us-sc",169.375451067085
"us-sd",82.1352155345211
"us-tn",147.735633907361
"us-tx",81.323110440647
"us-ut",81.9576673546433
"us-va",140.224086141765
"us-vt",152.78253678652
"us-wa",88.4405337503087
"us-wi",109.835978428614
"us-wv",141.87849834105
"us-wy",80.5051312313392
