"JS_KEY","NAME_REGIONALITY"
"us-ak",162.726643009916
"us-al",139.301021575848
"us-ar",92.6115263565589
"us-az",71.2608827690865
"us-ca",51.7957181547039
"us-co",96.7924096152639
"us-ct",117.319776944632
"us-dc",150.874909861186
"us-de",108.586323878669
"us-fl",79.8956566520224
"us-ga",127.305853150448
"us-hi",139.313891219379
"us-ia",154.026000306738
"us-id",91.4090158825213
"us-il",126.756349212992
"us-in",122.240410571701
"us-ks",111.612404356411
"us-ky",163.502988133428
"us-la",124.801122147135
"us-ma",134.353386879509
"us-md",114.794863915252
"us-me",81.7960130679499
"us-mi",127.623152482703
"us-mn",183.870856540274
"us-mo",145.619393063219
"us-ms",163.523578528388
"us-mt",76.4801466724544
"us-nc",116.209707302739
"us-nd",184.752653032262
"us-ne",136.144236056208
"us-nh",148.835000585001
"us-nj",73.6718889972856
"us-nm",40.7825167967156
"us-nv",68.1735300962965
"us-ny",73.9857861912574
"us-oh",133.60131522754
"us-ok",96.7718780501906
"us-or",109.99700011646
"us-pa",94.3095700924048
"us-ri",74.6501761662653
"us-sc",156.30632208059
"us-sd",119.789114464932
"us-tn",133.718528385138
"us-tx",70.1190685282504
"us-ut",96.2138581446876
"us-va",128.409084283548
"us-vt",259.137518246561
"us-wa",105.916626358871
"us-wi",160.971557437958
"us-wv",146.897381816378
"us-wy",214.737373845364
