"JS_KEY","NAME_REGIONALITY"
"us-al",134.178676972039
"us-ar",222.855460018928
"us-ca",56.2864155902115
"us-ga",291.595308463164
"us-ia",144.134989499731
"us-il",80.9078462411162
"us-in",123.69330938992
"us-ks",157.884121873022
"us-ky",199.269860395712
"us-la",309.055170766659
"us-ma",134.151140370267
"us-mi",81.9875925940788
"us-mn",113.748682652432
"us-mo",161.831461627677
"us-ms",100.774502301946
"us-nc",213.635722015715
"us-ne",103.932292779402
"us-nj",39.5546900992555
"us-ny",39.8850043253054
"us-oh",58.6632671958242
"us-ok",246.526401520293
"us-pa",41.3477406958072
"us-sc",177.129967091233
"us-tn",178.474842767296
"us-tx",216.156706297836
"us-va",152.494327680917
"us-wi",60.4098817483912
"us-wv",310.937253567308
