"JS_KEY","NAME_REGIONALITY"
"us-al",1.44036894114207
"us-ar",1.67304769290053
"us-ca",0.421693833808173
"us-co",1.40543133137373
"us-ct",0.877663094600929
"us-fl",1.66519094051341
"us-ga",1.62925928414807
"us-ia",0.546109902858526
"us-il",0.756940566893065
"us-in",1.23737772058341
"us-ks",1.52848543426097
"us-ky",2.00231548675233
"us-la",3.13099319851445
"us-ma",0.774921405626716
"us-md",0.603345401599716
"us-mi",0.435147439898135
"us-mn",2.01811533688635
"us-mo",0.403619387035633
"us-ms",1.43263818031225
"us-mt",1.6467610928645
"us-nc",1.55044442199225
"us-nd",3.19130083098647
"us-ne",1.31619017968079
"us-nj",0.595309680322949
"us-ny",0.723703755968937
"us-oh",0.293053541298435
"us-ok",1.23887316474105
"us-pa",0.349384185087694
"us-sc",1.7456349473015
"us-sd",2.12301861756345
"us-tn",1.51723283665547
"us-tx",1.76101930012286
"us-va",1.37089453217573
"us-wa",1.06842718262606
"us-wi",0.89553019601341
"us-wv",3.50286117843034
