"JS_KEY","NAME_REGIONALITY"
"us-al",1.47398197784369
"us-ar",1.81889447728596
"us-az",2.25733877153922
"us-ca",0.502013999577516
"us-fl",1.75073913325128
"us-ga",1.10261208096012
"us-ia",1.50669236139887
"us-il",0.637685709117568
"us-in",0.54693141305631
"us-ks",1.66781796993044
"us-ky",1.35041278020463
"us-la",3.03699645563997
"us-ma",1.14148550598613
"us-md",0.590754331939628
"us-mi",0.802824633196926
"us-mn",2.85160205277198
"us-mo",1.23763196261593
"us-ms",1.17296686901848
"us-nc",1.04295881240875
"us-nd",1.94610895726161
"us-ne",2.88212840712853
"us-nj",0.351735480704914
"us-ny",0.760651929645381
"us-oh",0.573482229530734
"us-ok",0.952571318386168
"us-pa",0.5059850273309
"us-sc",1.32913412534136
"us-sd",2.70967850605819
"us-tn",1.4813951214632
"us-tx",1.59616009337016
"us-ut",2.17328958795715
"us-va",1.31583078955709
"us-wa",0.911314448493808
"us-wi",1.27319174488955
"us-wv",2.11007489605058
