"JS_KEY","NAME_REGIONALITY"
"us-al",59.5663503955158
"us-ar",110.777331975942
"us-ca",108.767443238078
"us-co",56.9128570599244
"us-ct",59.22988907494
"us-dc",92.4869444483544
"us-fl",74.0497629117393
"us-ga",103.959579212007
"us-hi",146.328080355493
"us-ia",208.388824007765
"us-id",172.102703205178
"us-il",72.7780585986294
"us-in",94.6631872768915
"us-ks",132.499058075091
"us-ky",102.71570092831
"us-la",114.304024301523
"us-ma",52.4360102413411
"us-md",44.6017520362151
"us-me",93.0807362422111
"us-mi",102.923859324792
"us-mn",448.898002280066
"us-mo",97.4352443745808
"us-ms",73.7289460041606
"us-mt",243.671620822169
"us-nc",96.6408277461008
"us-nd",703.697504125237
"us-ne",282.888186760554
"us-nj",64.3342159990295
"us-nm",168.104673076274
"us-ny",64.1408494089041
"us-oh",54.5590477999991
"us-ok",125.841552700261
"us-or",189.074863639202
"us-pa",46.7174933677133
"us-sc",66.8984444959956
"us-sd",439.490891254937
"us-tn",71.6547252694897
"us-tx",70.6928439910407
"us-ut",181.838383153934
"us-va",69.9159413294864
"us-wa",144.052371485267
"us-wi",213.613380893191
"us-wv",156.084000431945
