"JS_KEY","NAME_REGIONALITY"
"us-al",36.077286438278
"us-ar",48.7030857308399
"us-az",90.2726018458096
"us-ca",152.76748238479
"us-co",128.205215129397
"us-ct",35.2954877315169
"us-dc",68.55636503814
"us-fl",33.5924918889423
"us-ga",32.277249280726
"us-hi",86.052245398683
"us-ia",244.573548856386
"us-id",275.539639674058
"us-il",132.979003625893
"us-in",92.3250797668826
"us-ks",158.080373735877
"us-ky",56.3738638600051
"us-la",54.7336651236264
"us-ma",57.5288283643648
"us-md",36.1167421024486
"us-me",149.863913945518
"us-mi",121.786310896672
"us-mn",463.863098772319
"us-mo",72.781829920166
"us-ms",49.2419182735475
"us-mt",197.422928565021
"us-nc",42.1575876504739
"us-nd",624.630280914537
"us-ne",304.095380400468
"us-nh",56.3875525170555
"us-nj",51.6670262556983
"us-nm",112.477445432572
"us-ny",61.0601978287473
"us-oh",91.9503326280145
"us-ok",74.6822580639898
"us-or",238.083397874631
"us-pa",58.2358547709727
"us-ri",49.7702395906764
"us-sc",44.046284919055
"us-sd",421.357561725328
"us-tn",48.4099362800971
"us-tx",60.7287002308126
"us-ut",307.169724662695
"us-va",41.7744334819394
"us-wa",210.756415455619
"us-wi",177.893289226915
"us-wv",104.503522736041
"us-wy",187.036469394121
