"JS_KEY","NAME_REGIONALITY"
"us-al",17.4804796056223
"us-ar",25.973554676049
"us-az",57.6891131919729
"us-ca",178.293834295656
"us-co",129.168789080327
"us-ct",58.8956480347914
"us-dc",59.858357803079
"us-fl",41.6887373379329
"us-ga",29.8937794481278
"us-hi",99.646515461571
"us-ia",245.237714019044
"us-id",203.739859111103
"us-il",144.731607464493
"us-in",96.6055327989925
"us-ks",147.148748787643
"us-ky",43.6672056948664
"us-la",37.1893750250067
"us-ma",58.8360008252819
"us-md",61.7683905643623
"us-me",106.99521093777
"us-mi",143.277615671005
"us-mn",330.197700818387
"us-mo",89.714881019914
"us-ms",34.6142370709741
"us-mt",144.874201537631
"us-nc",38.533829867853
"us-nd",441.907014356528
"us-ne",229.962442971361
"us-nh",59.301373956118
"us-nj",67.5773305238969
"us-nm",75.0537758545678
"us-nv",149.07706508413
"us-ny",69.5241221710534
"us-oh",100.873773557296
"us-ok",67.5546602880476
"us-or",217.731787301549
"us-pa",68.2905978630096
"us-ri",84.8678422950853
"us-sc",26.942837206338
"us-sd",409.777593581636
"us-tn",36.5340607148513
"us-tx",35.7126560520904
"us-ut",275.455755818515
"us-va",38.0782196769995
"us-vt",34.0025241817271
"us-wa",257.58494770231
"us-wi",240.673505287553
"us-wv",52.1239427327656
"us-wy",166.88823652626
