"JS_KEY","NAME_REGIONALITY"
"us-ak",99.023640513765
"us-al",103.193435703553
"us-ar",119.69658392787
"us-az",91.5272994979131
"us-ca",94.1095381493625
"us-co",102.326467312865
"us-ct",63.9599503095755
"us-dc",52.0872398888982
"us-de",78.9268548516698
"us-fl",81.3075980335699
"us-ga",95.7609400084807
"us-hi",80.9709435872575
"us-ia",200.256912449667
"us-id",114.5097570428
"us-il",99.9706702923329
"us-in",143.243442469829
"us-ks",132.643682792416
"us-ky",96.7580595622142
"us-la",81.7403789727712
"us-ma",61.0714836082386
"us-md",78.6921033509221
"us-me",96.7119367249295
"us-mi",140.933428858353
"us-mn",86.564331137693
"us-mo",156.925008665236
"us-ms",72.4824774265614
"us-mt",135.440700841691
"us-nc",121.401432847893
"us-nd",147.533554227105
"us-ne",139.933180065857
"us-nh",122.364881928537
"us-nj",64.5460541324251
"us-nm",88.7669871175806
"us-nv",92.5556418414585
"us-ny",66.0469870297523
"us-oh",104.121960868
"us-ok",105.034824684099
"us-or",110.325326238581
"us-pa",105.22240018867
"us-ri",93.7986833474473
"us-sc",90.4890511943689
"us-sd",113.094695918554
"us-tn",105.259843061916
"us-tx",77.2233642641952
"us-ut",110.460092274489
"us-va",102.060592603401
"us-vt",114.57831961357
"us-wa",102.130211330623
"us-wi",152.327545699029
"us-wv",90.1253747446636
"us-wy",113.248020756061
