"JS_KEY","NAME_REGIONALITY"
"us-ak",106.815576259815
"us-al",95.4418652838262
"us-ar",75.8920093383305
"us-az",80.1630832302399
"us-ca",94.0088561746444
"us-co",77.3661290043459
"us-ct",86.0793283095356
"us-dc",81.5397321652411
"us-de",68.3072500478987
"us-fl",103.109802038662
"us-ga",73.6829701197825
"us-hi",175.168550070201
"us-ia",75.8926403970853
"us-id",85.5539937106682
"us-il",99.7413587764989
"us-in",88.2669089002172
"us-ks",68.6835312221502
"us-ky",113.520217001115
"us-la",123.939342941045
"us-ma",100.878160831845
"us-md",97.8218553538092
"us-me",90.7470484827464
"us-mi",126.127728820001
"us-mn",65.6185790434868
"us-mo",112.991593446859
"us-ms",113.740824323655
"us-mt",91.2850963863421
"us-nc",106.049711731592
"us-nd",93.3973844202975
"us-ne",41.8795338440986
"us-nh",92.5069023986548
"us-nj",141.181416287308
"us-nm",109.624586671074
"us-nv",58.8425601607785
"us-ny",126.886896538022
"us-oh",109.227673665913
"us-ok",76.06381044017
"us-or",92.831019089462
"us-pa",145.863667072931
"us-ri",161.401122221874
"us-sc",99.8558372218761
"us-sd",34.8605083305452
"us-tn",79.9879677521748
"us-tx",77.5738282142115
"us-ut",50.7372146474896
"us-va",93.044282716317
"us-vt",87.1394054389122
"us-wa",66.5232858217472
"us-wi",85.2153215186899
"us-wv",72.7058780772522
"us-wy",88.3421577569096
