"JS_KEY","NAME_REGIONALITY"
"us-ak",99.7025628297056
"us-al",115.501665783929
"us-ar",78.584578596751
"us-az",86.1949050888602
"us-ca",103.60992801428
"us-co",86.3955307850646
"us-ct",85.485465318822
"us-dc",242.158548544825
"us-de",133.274084441179
"us-fl",90.3856406542642
"us-ga",99.7640247168812
"us-hi",110.599486650164
"us-ia",70.8046239975542
"us-id",73.0069703583548
"us-il",99.3454013647903
"us-in",88.9964671646462
"us-ks",69.7924309764675
"us-ky",75.3788478622779
"us-la",120.412193882561
"us-ma",108.379122342103
"us-md",77.113125707908
"us-me",105.188934416507
"us-mi",112.976591464459
"us-mn",60.028930122555
"us-mo",104.369029957449
"us-ms",197.524266483119
"us-nc",98.9111865263819
"us-ne",47.6303485908824
"us-nh",85.3600067443342
"us-nj",142.839155898165
"us-nm",63.2287273008629
"us-nv",123.375939347991
"us-ny",138.858209551625
"us-oh",84.3958653411709
"us-ok",86.5851480094662
"us-or",84.0614810942918
"us-pa",120.813807973085
"us-ri",141.632923004128
"us-sc",159.290780892962
"us-tn",97.2534949884904
"us-tx",72.9037967256194
"us-ut",51.8763582386847
"us-va",112.101199924166
"us-wa",63.1345075100661
"us-wi",72.6276870486398
"us-wv",109.14605159406
