"JS_KEY","NAME_REGIONALITY"
"us-al",0.971308002381934
"us-az",0.376489204928802
"us-ca",0.726084495666146
"us-co",0.516274310729346
"us-ct",0.805493827160494
"us-fl",1.07162003290231
"us-ga",1.18248085021905
"us-ia",1.08654742872369
"us-il",0.972392424330612
"us-in",0.914074838249529
"us-ky",0.593438477770501
"us-la",1.55413551744356
"us-ma",1.57570268814208
"us-md",1.29064335494081
"us-mi",1.32641199083315
"us-mn",0.716659545088042
"us-mo",1.79346079351788
"us-ms",1.28988629056086
"us-nc",1.36574938812315
"us-nj",1.27469942891494
"us-nv",1.11161568504102
"us-ny",1.34839614805276
"us-oh",1.30118233618234
"us-or",1.23120749595372
"us-pa",1.34526275229837
"us-sc",1.7120109318736
"us-sd",4.75493328848526
"us-tn",1.21513429104571
"us-tx",0.71027275894179
"us-va",1.40332442549046
"us-wa",1.62535587967982
"us-wi",1.07952780959654
"us-wv",1.70581338288767
