"JS_KEY","NAME_REGIONALITY"
"us-al",1.19892156443858
"us-az",0.577916610186827
"us-ca",1.0222811694631
"us-co",0.920706347183527
"us-ct",1.69809519692811
"us-fl",1.11466707651565
"us-ga",0.823496755728658
"us-il",1.2953177032229
"us-in",0.560935878763648
"us-ks",1.44016760542112
"us-ky",1.48251339405687
"us-la",1.54632167620302
"us-ma",1.10343030914727
"us-md",1.27557702194442
"us-mi",1.68411387419891
"us-mn",0.921754092671076
"us-mo",0.8901004493788
"us-nc",1.14900547405448
"us-nj",1.4670804347781
"us-nm",1.91186013123849
"us-ny",1.23522297209192
"us-oh",1.73086294728002
"us-or",0.854421317441675
"us-pa",1.40733850896626
"us-sc",1.02303935451179
"us-tn",0.659803611798968
"us-tx",0.739181209024726
"us-va",0.937273095272747
"us-wa",1.37651221911368
"us-wi",0.953632269533137
