"JS_KEY","NAME_REGIONALITY"
"us-al",0.448644209529083
"us-ar",0.543736668385683
"us-az",0.4453130555582
"us-ca",0.689707857857616
"us-co",0.717823654372014
"us-ct",0.982003424236139
"us-dc",2.53990916275191
"us-de",1.50815776579425
"us-fl",0.755552652700831
"us-ga",0.56723247475188
"us-hi",0.949175097203704
"us-ia",0.67546495159917
"us-id",0.946515988740353
"us-il",0.998878438457971
"us-in",0.870880824661793
"us-ks",0.647046800668563
"us-ky",0.839712309906518
"us-la",0.657787494188173
"us-ma",1.39680072395361
"us-md",1.73624330405604
"us-me",0.91063795476996
"us-mi",1.01639142542096
"us-mn",0.822777408380095
"us-mo",0.874740644818525
"us-ms",0.362625585284459
"us-mt",1.03132214832224
"us-nc",0.56876579294375
"us-nd",1.06463733007984
"us-ne",0.593043439475511
"us-nh",1.02782614103979
"us-nj",1.36625331451516
"us-nm",0.463044978132463
"us-ny",1.45421470167017
"us-oh",1.02188410741723
"us-ok",0.261327922914776
"us-or",0.633517911656564
"us-pa",1.5076474583865
"us-ri",1.32921500460821
"us-sc",0.491189570375606
"us-sd",0.983025361837409
"us-tn",0.522056581852492
"us-tx",0.446360254854411
"us-ut",0.295333160655914
"us-va",0.757937563731988
"us-vt",0.859940673674574
"us-wa",0.75102299838672
"us-wi",1.09896008143438
"us-wv",0.68502196369391
"us-wy",1.12145687854547
