"JS_KEY","NAME_REGIONALITY"
"us-al",1.20237053288976
"us-ar",0.67017874794169
"us-az",0.398493681376792
"us-ca",0.577906501366857
"us-co",0.539002058991252
"us-ct",0.972025818598621
"us-dc",1.9159323188735
"us-de",1.6393600167311
"us-fl",1.19655667770128
"us-ga",1.3883966767969
"us-hi",0.517819545641485
"us-ia",0.61145467313949
"us-il",0.801896689698927
"us-in",0.592282240230493
"us-ks",0.330304102822768
"us-ky",0.668104325601
"us-la",1.28097890811592
"us-ma",1.24912355559927
"us-md",2.1021883885309
"us-me",1.08299098775259
"us-mi",0.751366051847198
"us-mn",0.626225799503874
"us-mo",0.588553833702911
"us-ms",1.08945741484683
"us-mt",0.379178010520624
"us-nc",1.15625667021913
"us-nd",0.60269394136749
"us-ne",0.547161088345558
"us-nh",1.08515475213872
"us-nj",1.69522166038298
"us-nm",0.257715723138249
"us-ny",1.64271962490508
"us-oh",0.72401695964601
"us-ok",0.345324138580353
"us-or",0.361197101755724
"us-pa",1.60051873639065
"us-ri",1.38384573635429
"us-sc",1.26550965947467
"us-sd",0.417504408566782
"us-tn",0.55960911576738
"us-tx",0.515890922349012
"us-ut",0.510093156868017
"us-va",1.27161352907842
"us-vt",1.05261286216965
"us-wa",0.327230114239709
"us-wi",0.645608395101296
"us-wv",0.55393262926331
