"JS_KEY","NAME_REGIONALITY"
"us-al",122.274395071965
"us-ar",59.0947681822675
"us-az",55.2780640228701
"us-ca",55.9345550694793
"us-co",54.9083855671535
"us-ct",95.4532906303124
"us-dc",176.607041902431
"us-de",170.73205863209
"us-fl",150.559292972013
"us-ga",119.536626452921
"us-hi",46.7440379116088
"us-ia",42.9889637332382
"us-id",45.5026373589163
"us-il",74.4870503265862
"us-in",60.4335165290059
"us-ks",38.8256423550111
"us-ky",58.8746926340835
"us-la",136.936865177337
"us-ma",133.008913401223
"us-md",254.217437290934
"us-me",68.743282792182
"us-mi",73.2673875609058
"us-mn",71.7728002068742
"us-mo",58.1771252659891
"us-ms",148.773780805194
"us-mt",62.7713487355951
"us-nc",114.301177280003
"us-nd",71.567735063426
"us-ne",42.2460031988959
"us-nh",101.277540390154
"us-nj",158.693407925812
"us-nm",55.7041592710253
"us-ny",181.32127702215
"us-oh",66.8078933242987
"us-ok",49.6874228604926
"us-or",42.3695728818223
"us-pa",148.26818282297
"us-ri",114.776819637666
"us-sc",134.887398916579
"us-sd",53.3368713458733
"us-tn",56.3222472637188
"us-tx",50.2412032137901
"us-ut",44.2356558916966
"us-va",130.597210842748
"us-vt",90.9424257712043
"us-wa",44.3464045335459
"us-wi",57.5941806419153
"us-wv",53.8455317781746
"us-wy",55.1258508526054
