"JS_KEY","NAME_REGIONALITY"
"us-al",111.480066511565
"us-ar",58.1880710069335
"us-az",93.1422550469778
"us-ca",105.994151747501
"us-co",101.926555998766
"us-ct",114.621833815651
"us-dc",121.126423738703
"us-de",141.77215455864
"us-fl",114.136060483219
"us-ga",97.8618633886323
"us-hi",132.264485691687
"us-ia",70.101939052534
"us-id",83.5393288729569
"us-il",96.7898862481485
"us-in",59.2929136540155
"us-ks",59.9025526954108
"us-ky",45.4399192505302
"us-la",147.288644866522
"us-ma",121.099721288159
"us-md",129.532962366437
"us-me",92.9535647354114
"us-mi",99.3458614254136
"us-mn",105.27582099821
"us-mo",74.8042638422288
"us-ms",127.13040728999
"us-mt",73.6208638467989
"us-nc",90.0017792214464
"us-nd",64.8417232977346
"us-ne",95.5058180556664
"us-nh",120.797573719503
"us-nj",139.145655373485
"us-nm",107.788467813872
"us-nv",74.2387758398502
"us-ny",149.255526700713
"us-oh",72.7513362521499
"us-ok",37.3693558021358
"us-or",99.0118241719668
"us-pa",126.61103113511
"us-ri",140.061933748978
"us-sc",128.544173362731
"us-sd",80.8186459168488
"us-tn",48.3591715993488
"us-tx",57.8568867712631
"us-ut",65.8425668679466
"us-va",89.8900179415753
"us-vt",74.5872367903726
"us-wa",92.8871627899653
"us-wi",77.1060633161478
"us-wv",70.5521144047272
"us-wy",72.1130842571857
