"JS_KEY","NAME_REGIONALITY"
"us-ak",111.586306670094
"us-al",92.9302629571324
"us-ar",69.850367882677
"us-az",117.663936112545
"us-ca",116.667145239692
"us-co",118.200877670446
"us-ct",121.464237448074
"us-dc",108.078642264911
"us-de",140.339210851929
"us-fl",113.838541026511
"us-ga",102.640150511977
"us-hi",109.586472032065
"us-ia",74.6139643686998
"us-id",85.1109109021179
"us-il",99.670648303025
"us-in",67.4486139962645
"us-ks",93.0853092481332
"us-ky",56.8923192295512
"us-la",148.579124097057
"us-ma",127.147018255154
"us-md",116.605436115497
"us-me",89.2192512693785
"us-mi",97.42891081681
"us-mn",93.5588755408046
"us-mo",90.1035362057906
"us-ms",102.759618910264
"us-mt",100.559730803878
"us-nc",100.061616058484
"us-nd",70.8206466419863
"us-ne",107.345843432602
"us-nh",83.1845056576374
"us-nj",132.959841225617
"us-nm",107.678439931115
"us-nv",162.483318365072
"us-ny",129.677701428466
"us-oh",81.7819847901633
"us-ok",67.3170968280866
"us-or",89.8859809567613
"us-pa",108.915643539643
"us-ri",107.623700136255
"us-sc",90.4409429837708
"us-sd",89.3664189074567
"us-tn",56.5697484405524
"us-tx",67.6403229221454
"us-ut",71.5080135734045
"us-va",93.4541977141358
"us-vt",81.3732757771354
"us-wa",110.565909244008
"us-wi",93.674764760751
"us-wv",68.0657888259135
"us-wy",98.3483478348109
