"JS_KEY","NAME_REGIONALITY"
"us-ak",1.76207590474284
"us-al",0.87106955985881
"us-ar",0.731230802281786
"us-az",0.804863462929683
"us-ca",1.12171721177112
"us-co",0.88238435360852
"us-ct",1.11852493140505
"us-dc",1.47272449301665
"us-de",1.34792826380766
"us-fl",1.08565722738725
"us-ga",1.02180394363151
"us-hi",1.33856198720523
"us-ia",0.667026588017076
"us-id",0.779281311204354
"us-il",1.11503074470046
"us-in",0.730356029163232
"us-ks",0.851927615387667
"us-ky",0.516103926187511
"us-la",0.905119371415699
"us-ma",1.04351283275091
"us-md",1.21988406115229
"us-me",1.20700244990889
"us-mi",0.912847494033199
"us-mn",0.986141510742426
"us-mo",1.04412501581042
"us-ms",0.840483742968414
"us-mt",0.753041454155183
"us-nc",1.04563035427554
"us-nd",0.913157844154846
"us-ne",0.684086412365045
"us-nh",1.66448042502212
"us-nj",1.18414094470704
"us-nm",0.945093401197825
"us-nv",1.16461287599818
"us-ny",1.40901383379601
"us-oh",0.792639482203109
"us-ok",0.724788176936433
"us-or",1.05852742550593
"us-pa",0.818821244619626
"us-ri",1.14755222435085
"us-sc",1.12485422845317
"us-sd",0.996975013087281
"us-tn",0.631000584748121
"us-tx",0.987560211441907
"us-ut",0.760890968519819
"us-va",1.2434949812469
"us-vt",1.29358060062716
"us-wa",0.920328394599726
"us-wi",0.765527374346776
"us-wv",0.623875587542355
"us-wy",0.755243329752128
