"JS_KEY","NAME_REGIONALITY"
"us-ak",84.9909807497381
"us-al",89.9896846790029
"us-ar",53.158065600986
"us-az",86.8564821873253
"us-ca",102.208859547407
"us-co",109.996022419529
"us-ct",117.985116537678
"us-dc",158.607489211638
"us-de",77.7103747674545
"us-fl",108.45525219296
"us-ga",92.8747455994082
"us-hi",137.218020160015
"us-ia",56.116302030766
"us-id",56.3175955517972
"us-il",99.8955726672807
"us-in",83.0274594950401
"us-ks",81.9896994332673
"us-ky",67.7930497075565
"us-la",112.517598480756
"us-ma",119.608673524945
"us-md",130.369481525739
"us-me",128.016040740803
"us-mi",90.3028340333241
"us-mn",82.3038741809714
"us-mo",82.2726167931596
"us-ms",75.5419247918659
"us-mt",49.6443368419415
"us-nc",113.130644039937
"us-nd",63.9683395359162
"us-ne",65.4791624567018
"us-nh",125.611670078657
"us-nj",123.694445449654
"us-nm",118.152947428912
"us-nv",49.6182114167322
"us-ny",145.982419460953
"us-oh",84.3084433456908
"us-ok",67.8820510814628
"us-or",77.0136643687662
"us-pa",101.753169236886
"us-ri",114.997373964305
"us-sc",120.538088760148
"us-sd",64.8848819502153
"us-tn",66.0447589146251
"us-tx",90.8497038721834
"us-ut",78.3081729198233
"us-va",128.246834950881
"us-vt",55.0983851761006
"us-wa",76.4876241719516
"us-wi",97.6012778713527
"us-wv",81.2579089932933
"us-wy",135.297997287628
