"JS_KEY","NAME_REGIONALITY"
"us-ak",86.6484353255853
"us-al",100.759598927743
"us-ar",59.8866044436422
"us-az",58.6683843008207
"us-ca",88.9038287187052
"us-co",108.294099208163
"us-ct",136.906647479674
"us-dc",224.478708836453
"us-de",113.323569877348
"us-fl",112.315992391881
"us-ga",106.844523915515
"us-hi",98.9082351755609
"us-ia",64.0396861691402
"us-id",75.4135586386755
"us-il",115.337474201061
"us-in",51.6064100629195
"us-ks",80.4188092564256
"us-ky",78.6577475129574
"us-la",93.7028094958799
"us-ma",166.929653561626
"us-md",132.198731581166
"us-me",88.3626184634627
"us-mi",89.1929819491684
"us-mn",83.281648001067
"us-mo",100.825768528488
"us-ms",70.147167103433
"us-mt",97.9153339730263
"us-nc",105.115286287974
"us-nd",34.0559067212067
"us-ne",67.5507092584485
"us-nh",180.650684166009
"us-nj",147.569105013742
"us-nm",61.3837234327681
"us-nv",60.7297564034601
"us-ny",137.571623943973
"us-oh",86.7095918346829
"us-ok",65.3947176354147
"us-or",67.263768865233
"us-pa",102.390001557673
"us-ri",75.6339740501456
"us-sc",120.663340855649
"us-sd",94.9159122148844
"us-tn",75.5678159514609
"us-tx",94.8413124110154
"us-ut",88.4193703057642
"us-va",147.971295366455
"us-vt",107.919790199642
"us-wa",70.4431936043881
"us-wi",80.0527522759849
"us-wv",89.08690222136
"us-wy",91.9042962202428
