"JS_KEY","NAME_REGIONALITY"
"us-ak",1.17787073937531
"us-al",1.10322638500454
"us-ar",1.01051410679321
"us-az",0.760974997079052
"us-ca",0.907731916349242
"us-co",0.896401015373531
"us-ct",1.1894572354341
"us-dc",1.90959259742613
"us-de",1.06807858549794
"us-fl",1.03832997392747
"us-ga",1.16656352770935
"us-hi",0.916909759534478
"us-ia",0.562819359637387
"us-id",0.310205504799233
"us-il",0.988044218892941
"us-in",0.880374567961112
"us-ks",0.681772024381357
"us-ky",0.698219526759299
"us-la",1.32395383928584
"us-ma",1.28149649342489
"us-md",1.30616760832728
"us-me",0.959547458043904
"us-mi",0.7953136827715
"us-mn",0.889520529640039
"us-mo",0.933493132363941
"us-ms",0.770813678592035
"us-mt",0.604577957546283
"us-nc",1.2645193627159
"us-nd",0.603916493697763
"us-ne",1.057499856772
"us-nh",1.27399683070693
"us-nj",1.39155491792358
"us-nm",1.10724417486494
"us-nv",0.425919372170854
"us-ny",1.31709250564059
"us-oh",0.764037580299844
"us-ok",0.75069486064227
"us-or",0.725859261279185
"us-pa",0.900079937172941
"us-ri",0.91230357563059
"us-sc",1.30190864168047
"us-sd",0.698791375862333
"us-tn",0.853277730341565
"us-tx",0.950738356884074
"us-ut",0.815685015259136
"us-va",1.47325143664308
"us-vt",0.801822579675527
"us-wa",0.797972982998727
"us-wi",0.592097100413442
"us-wv",0.721620667052737
"us-wy",1.38950201444872
