"JS_KEY","NAME_REGIONALITY"
"us-ak",0.863016501732731
"us-al",0.95786475663694
"us-ar",1.10255155700489
"us-az",0.5704858328881
"us-ca",1.05257346568035
"us-co",0.864292021244603
"us-ct",1.26504981569806
"us-dc",1.63651495896427
"us-de",0.884021136166438
"us-fl",1.03391413952869
"us-ga",1.21477260172113
"us-hi",0.510012193942176
"us-ia",0.50236402370942
"us-id",0.855248874642955
"us-il",0.95793973837599
"us-in",0.869221782435637
"us-ks",1.0813602860026
"us-ky",1.04229566272899
"us-la",1.35458062572661
"us-ma",1.56985166016402
"us-md",1.3767847052475
"us-me",1.21121830264479
"us-mi",0.74481857607878
"us-mn",0.895109982695358
"us-mo",0.665138635002496
"us-ms",0.563528688584586
"us-mt",0.65572996363994
"us-nc",1.35103428876956
"us-nd",1.27724792917693
"us-ne",0.735322571672637
"us-nh",1.0572321560719
"us-nj",1.33206006597144
"us-nm",0.881662778938823
"us-nv",0.572845696235851
"us-ny",1.03409932602395
"us-oh",0.91528672589733
"us-ok",0.664936780602123
"us-or",0.403611425516699
"us-pa",0.845971411888726
"us-ri",0.854091436263197
"us-sc",1.15825956167916
"us-tn",1.02870821793977
"us-tx",0.940570714270408
"us-ut",0.789628735590144
"us-va",1.20735960620397
"us-vt",1.12815661536433
"us-wa",0.85973484121681
"us-wi",0.775058444372685
"us-wv",0.669122926453571
"us-wy",1.49334123106322
