"JS_KEY","NAME_REGIONALITY"
"us-al",1.37586346414556
"us-ar",0.869130089602253
"us-az",0.526988622161627
"us-ca",0.838213475585135
"us-co",1.05020922093662
"us-ct",1.11108002372436
"us-dc",3.17656317547498
"us-fl",0.657516142616556
"us-ga",1.51347848495137
"us-ia",0.803012584142112
"us-il",1.12748469066063
"us-in",0.931087766531498
"us-ks",0.818388255869139
"us-ky",0.80734919181323
"us-la",2.00440987703714
"us-ma",1.75635434713234
"us-md",1.43944964601353
"us-me",0.937075638596737
"us-mi",0.740404654774084
"us-mn",1.25393866313839
"us-mo",0.625031431278975
"us-ms",0.582639524635945
"us-nc",1.18877857406581
"us-ne",0.83508401110846
"us-nh",1.68276627238451
"us-nj",0.85301553350641
"us-nm",0.753069091557342
"us-nv",0.685809181477725
"us-ny",0.989571451960265
"us-oh",1.10589047262263
"us-ok",0.579476765553952
"us-or",0.862181132412865
"us-pa",1.00968048757864
"us-ri",1.61996278889389
"us-sc",1.62382623796318
"us-tn",1.16155007882912
"us-tx",0.94577835565762
"us-ut",0.6306012599504
"us-va",1.65141654109848
"us-wa",1.05692711393729
"us-wi",1.15292848689338
