"JS_KEY","NAME_REGIONALITY"
"us-al",172.779435186726
"us-ar",78.0320601569682
"us-az",70.4164962270041
"us-ca",95.3951110138904
"us-co",83.6622349189297
"us-ct",90.3591032758118
"us-dc",182.745059923454
"us-fl",82.3974641592854
"us-ga",109.401750578984
"us-ia",105.545755473561
"us-il",73.539037688654
"us-in",92.9888561246891
"us-ks",117.22018157984
"us-ky",59.8737375817586
"us-la",161.160363555237
"us-ma",137.275129095537
"us-md",84.8358622702072
"us-me",162.683957249175
"us-mi",90.5108450055277
"us-mn",107.062762379398
"us-mo",56.2237626482259
"us-ms",105.321904454529
"us-nc",195.157634656848
"us-ne",96.7388531499556
"us-nj",81.1499775856187
"us-nm",85.9355294479301
"us-nv",47.3546833601181
"us-ny",111.18849503371
"us-oh",75.6154692683942
"us-ok",101.012457104371
"us-or",85.6440551025764
"us-pa",86.6489950844715
"us-ri",130.60211611373
"us-sc",142.332023227906
"us-tn",104.64988621502
"us-tx",105.960461791481
"us-ut",104.835525426173
"us-va",164.500859911196
"us-wa",89.1993816091797
"us-wi",93.2328287090076
"us-wv",113.651240064284
