"JS_KEY","NAME_REGIONALITY"
"us-ak",1.14472888281908
"us-al",1.14311406546582
"us-ar",1.00957504231294
"us-az",0.952862836546205
"us-ca",1.24175684697547
"us-co",1.07589251082866
"us-ct",0.941099567808979
"us-dc",0.918671498240218
"us-de",0.976128613889981
"us-fl",1.20737976765372
"us-ga",1.13341000812678
"us-hi",1.53823720453518
"us-ia",0.891420306916904
"us-id",1.12120305881637
"us-il",1.07657518347424
"us-in",0.758729453667573
"us-ks",1.08328605590816
"us-ky",0.982814174415596
"us-la",1.11547686707413
"us-ma",1.01675872209139
"us-md",1.05570947666065
"us-me",1.34024278252226
"us-mi",1.01208215284113
"us-mn",1.06462576560301
"us-mo",0.94903750947948
"us-ms",1.18488521048058
"us-mt",1.16061784725304
"us-nc",0.940702079982229
"us-nd",1.08988801991211
"us-ne",1.11437154549154
"us-nh",1.21865116150511
"us-nj",1.01766535779616
"us-nm",0.956192972275048
"us-nv",2.00231724830394
"us-ny",0.910614806686287
"us-oh",0.838214890557546
"us-ok",0.961069350199485
"us-or",1.02934041560183
"us-pa",0.972919630540974
"us-ri",1.02885935288168
"us-sc",1.0781044504857
"us-sd",1.16892361459981
"us-tn",0.920121526158218
"us-tx",1.01607560635832
"us-ut",1.04303866158262
"us-va",1.00602255269036
"us-vt",1.00655231706777
"us-wa",1.07024544284166
"us-wi",1.03262947517125
"us-wv",0.856301371071237
"us-wy",1.03549790986142
