"JS_KEY","NAME_REGIONALITY"
"us-ak",1.8707909097407
"us-al",1.21326898361357
"us-ar",1.00495276540448
"us-az",1.12426624378213
"us-ca",0.858143579888052
"us-co",0.872053510073023
"us-ct",1.22897553373875
"us-dc",1.17774212257048
"us-de",1.21610924854965
"us-fl",1.44290021599793
"us-ga",1.26680525018879
"us-hi",1.83415177369253
"us-ia",0.502216072469548
"us-id",0.647257812878633
"us-il",0.843396584070937
"us-in",0.664891816075175
"us-ks",0.732885562682253
"us-ky",1.11910003145513
"us-la",1.1806491660542
"us-ma",1.18199680850722
"us-md",1.3015193160662
"us-me",1.1560220230226
"us-mi",0.738526896694093
"us-mn",0.471211943696541
"us-mo",0.768612884829691
"us-ms",1.75179561422688
"us-mt",0.800631959494759
"us-nc",1.16682925475609
"us-nd",0.541240433079902
"us-ne",0.663643248074147
"us-nh",1.12621440818696
"us-nj",1.40027874307399
"us-nm",1.1719954816905
"us-nv",1.01222302398332
"us-ny",1.08336518526641
"us-oh",0.806564000983474
"us-ok",0.813416652758293
"us-or",0.704558156392756
"us-pa",1.1835993973508
"us-ri",1.26290569561034
"us-sc",1.29031827853
"us-sd",0.501080702950308
"us-tn",1.00256324455861
"us-tx",1.04964534674562
"us-ut",0.791137068653694
"us-va",1.33300298990181
"us-vt",1.07445923987205
"us-wa",0.743892589498635
"us-wi",0.518334649203544
"us-wv",0.922102288976145
"us-wy",0.983350588683844
