"JS_KEY","NAME_REGIONALITY"
"us-ak",164.204041943362
"us-al",134.052183557073
"us-ar",110.215064442445
"us-az",110.777186147157
"us-ca",86.4353581803911
"us-co",93.9963375658829
"us-ct",107.517676615277
"us-dc",119.331743777184
"us-de",124.046935010866
"us-fl",134.836539000362
"us-ga",140.858249414921
"us-hi",122.694839141293
"us-ia",44.7854994612305
"us-id",58.9303274256108
"us-il",85.1630161822358
"us-in",71.9555718408787
"us-ks",69.2866991324013
"us-ky",110.751255764875
"us-la",113.660539937902
"us-ma",114.381184072199
"us-md",135.303868886087
"us-me",100.055654578801
"us-mi",74.9228187515662
"us-mn",50.4439568373547
"us-mo",70.6031537497451
"us-ms",159.141794673805
"us-mt",95.4696529413018
"us-nc",131.187821602663
"us-nd",30.2561485186248
"us-ne",47.4603070429046
"us-nh",110.56348451254
"us-nj",133.645750102458
"us-nm",125.461674549611
"us-nv",109.083026931703
"us-ny",108.380179969046
"us-oh",75.7676521892828
"us-ok",83.6635765948868
"us-or",56.3866918613304
"us-pa",125.139159408575
"us-ri",110.176640557004
"us-sc",148.852750728792
"us-sd",48.4980463873599
"us-tn",102.395361215143
"us-tx",117.989201939424
"us-ut",83.502805507483
"us-va",134.475031758308
"us-vt",122.59048313159
"us-wa",70.8543072494387
"us-wi",44.5470757074421
"us-wv",106.215648974327
"us-wy",133.464468863713
