"JS_KEY","NAME_REGIONALITY"
"us-ak",134.620137605702
"us-al",125.52084034398
"us-ar",101.387941541101
"us-az",138.400250152701
"us-ca",88.706233666787
"us-co",92.5585682982036
"us-ct",123.086293127293
"us-dc",127.029561099334
"us-de",156.817355403194
"us-fl",125.764927199727
"us-ga",134.514299567171
"us-hi",108.800675922796
"us-ia",45.7948915450922
"us-id",77.1810490005091
"us-il",87.6707373217316
"us-in",72.2345684494629
"us-ks",68.2376209715991
"us-ky",96.7745704101714
"us-la",111.427003248272
"us-ma",92.3734126296428
"us-md",130.282177374005
"us-me",102.769386361311
"us-mi",73.0879998458019
"us-mn",40.6811878066341
"us-mo",69.5394834618209
"us-ms",162.151946694211
"us-mt",88.9792317377824
"us-nc",124.573906128957
"us-nd",50.0392880626264
"us-ne",51.2005237910018
"us-nh",112.203216880473
"us-nj",135.846196069578
"us-nm",105.756872956133
"us-nv",110.674785155328
"us-ny",115.760996890723
"us-oh",84.4372798447565
"us-ok",79.5427722991779
"us-or",69.9543332037138
"us-pa",118.940655071701
"us-ri",99.999134331256
"us-sc",150.073785847185
"us-sd",41.5522750259211
"us-tn",102.927728424288
"us-tx",128.729699567394
"us-ut",67.1241770896639
"us-va",141.26304693173
"us-vt",75.369083187032
"us-wa",65.3936388421086
"us-wi",40.8991900819568
"us-wv",97.5056205464314
"us-wy",76.2779560986257
