"JS_KEY","NAME_REGIONALITY"
"us-ak",0.854663406954412
"us-al",1.08492983078659
"us-ar",1.01146750627911
"us-az",1.20606633528032
"us-ca",0.974222235987852
"us-co",0.834021566674867
"us-ct",0.990315227169283
"us-dc",1.49399985166135
"us-de",1.1490828178108
"us-fl",1.32662901878006
"us-ga",1.26856285216149
"us-hi",1.58077178564147
"us-ia",0.403239440192604
"us-id",0.575964136168628
"us-il",0.912504306259128
"us-in",0.68740618320425
"us-ks",0.577185372194937
"us-ky",0.982051998757478
"us-la",1.14143110937518
"us-ma",0.998130921864692
"us-md",1.43819100303592
"us-me",0.758277654560556
"us-mi",0.721821827014284
"us-mn",0.305587139261899
"us-mo",0.685399624733746
"us-ms",1.36399985040068
"us-mt",0.811665090973227
"us-nc",1.0323611179452
"us-ne",0.323296089197662
"us-nh",0.717623524253064
"us-nj",1.57228480249012
"us-nm",1.22240174252614
"us-nv",0.753166198803333
"us-ny",1.2852877314407
"us-oh",0.833759146244167
"us-ok",0.767008459783283
"us-or",0.684559731244654
"us-pa",1.14455578209484
"us-ri",1.24486811293676
"us-sc",1.29714672062804
"us-sd",0.386851921209579
"us-tn",0.954088661819655
"us-tx",1.13444145652406
"us-ut",0.52722365358594
"us-va",1.23914529047648
"us-vt",0.679713815782217
"us-wa",0.725636636670007
"us-wi",0.44444126812678
"us-wv",1.30820879180295
"us-wy",1.05824989492679
