"JS_KEY","NAME_REGIONALITY"
"us-ak",142.328287328013
"us-al",116.682469305079
"us-ar",63.428805458722
"us-az",93.6971102691116
"us-ca",104.670888944372
"us-co",58.6346265274125
"us-ct",88.3405621405712
"us-dc",170.429875633384
"us-de",183.29851352139
"us-fl",133.574061731903
"us-ga",109.089072644873
"us-hi",139.644858097922
"us-ia",24.4262027252053
"us-id",56.295268588838
"us-il",101.48031148244
"us-in",73.6681420729468
"us-ks",61.0123835791568
"us-ky",98.1876162633017
"us-la",125.653918831534
"us-ma",92.123714297706
"us-md",148.331045434903
"us-me",67.1763865391759
"us-mi",69.0279461590647
"us-mn",30.3592451743405
"us-mo",83.6431276165059
"us-ms",154.097774487991
"us-mt",62.7479187590719
"us-nc",119.183849583592
"us-nd",39.5076134468049
"us-ne",53.1458277353682
"us-nh",76.5355044291391
"us-nj",159.516665155789
"us-nm",112.362463461061
"us-nv",62.2268261440515
"us-ny",142.504815612983
"us-oh",79.8787422886718
"us-ok",73.1990695274883
"us-or",62.6107046499488
"us-pa",120.680176806711
"us-ri",53.5594409164391
"us-sc",124.567635322239
"us-sd",51.6116616841839
"us-tn",96.7405236468593
"us-tx",121.23009517459
"us-ut",44.0906681775757
"us-va",125.230793738608
"us-vt",88.6954662503214
"us-wa",57.6265545872278
"us-wi",26.6006206274114
"us-wv",127.825431749455
"us-wy",57.2216249107256
