"JS_KEY","NAME_REGIONALITY"
"us-ak",99.1082287380672
"us-al",125.464503500719
"us-ar",83.3434879110704
"us-az",89.2933192388168
"us-ca",99.4751500338616
"us-co",60.3376906265439
"us-ct",109.768097188244
"us-dc",144.863558730595
"us-de",198.056169225876
"us-fl",118.283994365603
"us-ga",123.424452669465
"us-hi",104.951427324623
"us-ia",26.7479265152175
"us-id",39.2613477453303
"us-il",104.556373549413
"us-in",71.8467881176902
"us-ks",48.2941719961558
"us-ky",96.4378229812215
"us-la",108.40796017117
"us-ma",93.3752254583714
"us-md",164.127358484465
"us-me",71.8950318550331
"us-mi",76.2301458579396
"us-mn",27.6673007899739
"us-mo",74.5541119427351
"us-ms",166.608686538421
"us-mt",77.197677105558
"us-nc",119.133907563706
"us-nd",46.7206276444177
"us-ne",32.3802355052095
"us-nh",47.5923812317662
"us-nj",153.510399278118
"us-nm",118.551606226467
"us-nv",60.8235451093186
"us-ny",133.643375604277
"us-oh",81.308279771712
"us-ok",70.1345986763089
"us-or",66.6933401825382
"us-pa",133.247062598798
"us-ri",80.9090283900361
"us-sc",167.223016107266
"us-sd",53.3222758016315
"us-tn",91.1282377663035
"us-tx",119.659326717221
"us-ut",45.4403960548045
"us-va",140.983693477521
"us-vt",74.6142300895502
"us-wa",64.4711886307175
"us-wi",29.6152368345494
"us-wv",108.236859978001
"us-wy",90.8055752322164
