"JS_KEY","NAME_REGIONALITY"
"us-ca",1.7556797516079
"us-ga",1.44215694311609
"us-il",1.30030252803536
"us-in",1.24877510135188
"us-ky",2.18941021917998
"us-la",3.27479951540939
"us-mo",2.25035106836595
"us-ms",4.50920483025746
"us-ny",0.477343084430547
"us-oh",1.48188805851945
"us-ok",3.55020255624486
"us-pa",0.67536042376792
"us-tn",2.62841901388966
"us-tx",2.39621588898203
"us-ut",19.7723634093038
"us-va",1.31899763404312
"us-wv",3.36365413214362
