"JS_KEY","NAME_REGIONALITY"
"us-al",208.860269946243
"us-ca",346.253480606216
"us-il",231.671579135932
"us-in",176.539739137651
"us-la",320.910258578527
"us-mn",365.884809815586
"us-ms",305.933337109938
"us-oh",135.012986825674
"us-ok",493.863234903316
"us-pa",116.540140654136
"us-tn",345.462988876211
"us-tx",321.207696222994
