"JS_KEY","NAME_REGIONALITY"
"us-al",167.753677016788
"us-ca",279.051280291069
"us-ga",190.44883808096
"us-il",130.767135626662
"us-ky",161.54561495541
"us-ma",143.434721242061
"us-mn",295.404883518126
"us-mo",175.205379078488
"us-nc",174.238739069733
"us-ny",81.6110984701457
"us-oh",136.725491075433
"us-ok",222.288207887657
"us-pa",77.124439701174
"us-tn",264.929123081435
"us-tx",160.609257393469
"us-ut",1011.48103911615
"us-wv",221.61923454367
