"JS_KEY","NAME_REGIONALITY"
"us-ak",0.81815752149235
"us-al",0.412101227547506
"us-ar",0.569060104018229
"us-az",1.03104188869335
"us-ca",1.0861844981936
"us-co",1.40625305207939
"us-ct",0.931367342830649
"us-dc",0.489974890551363
"us-de",0.606718589638394
"us-fl",0.792731547171216
"us-ga",0.470946828680561
"us-hi",1.09256869122213
"us-ia",2.10235003304983
"us-id",1.66454632138574
"us-il",1.15031988933901
"us-in",1.27806868156672
"us-ks",1.30756151251333
"us-ky",0.524544699601136
"us-la",0.468821701546155
"us-ma",1.09767652996538
"us-md",0.561406110217003
"us-me",1.71273015372638
"us-mi",1.30322102844704
"us-mn",1.98341042813993
"us-mo",0.977873701493964
"us-ms",0.326862680078607
"us-mt",1.56585620740597
"us-nc",0.44621803600395
"us-nd",2.0747666788316
"us-ne",1.90160132197534
"us-nh",1.76307240237628
"us-nj",0.879500058767138
"us-nm",0.66862498671419
"us-nv",1.01566628480948
"us-ny",0.86321510641077
"us-oh",1.14329321293528
"us-ok",0.985709100468758
"us-or",1.58592114084314
"us-pa",0.986173793578564
"us-ri",0.896651714844315
"us-sc",0.455328185599368
"us-sd",2.12657380521214
"us-tn",0.495959085467989
"us-tx",0.587820023870304
"us-ut",2.11513969734538
"us-va",0.491323563327133
"us-vt",1.68694444828936
"us-wa",1.59623003459646
"us-wi",1.85753796088001
"us-wv",0.543404309152786
"us-wy",1.54606978909888
