"JS_KEY","NAME_REGIONALITY"
"us-ak",97.754458845526
"us-al",38.4236491651866
"us-ar",54.9053509163582
"us-az",87.6221671971971
"us-ca",104.66364076291
"us-co",130.489260361215
"us-ct",112.811770345468
"us-dc",58.6489559650331
"us-de",85.2374528218184
"us-fl",69.5189189078209
"us-ga",43.5398983603645
"us-hi",113.66081615802
"us-ia",168.559814811375
"us-id",167.047186006671
"us-il",105.446674168369
"us-in",121.257340835726
"us-ks",119.698111004363
"us-ky",47.0139471300932
"us-la",54.1256121260265
"us-ma",132.886942868002
"us-md",70.3128657493114
"us-me",138.682890935814
"us-mi",148.808194604621
"us-mn",187.999884386837
"us-mo",94.0719395843608
"us-ms",33.6759522742162
"us-mt",156.309945419459
"us-nc",44.4312096814819
"us-nd",200.606163759424
"us-ne",186.824998866731
"us-nh",203.738452676506
"us-nj",91.6377740882607
"us-nm",44.863758823991
"us-nv",88.5808184281914
"us-ny",96.9804297909181
"us-oh",114.606896835179
"us-ok",86.1610214229798
"us-or",150.887877905613
"us-pa",104.944295901956
"us-ri",113.736422692994
"us-sc",38.9970905761349
"us-sd",184.78162002923
"us-tn",44.0717825773357
"us-tx",61.2996042804952
"us-ut",159.878467188535
"us-va",54.6019003955136
"us-vt",175.400003079223
"us-wa",145.264646927697
"us-wi",185.690088941383
"us-wv",59.6442273066958
"us-wy",106.064877276289
