"JS_KEY","NAME_REGIONALITY"
"us-ak",58.7810589341198
"us-al",48.388356512082
"us-ar",48.9522140587987
"us-az",92.3397931702158
"us-ca",96.6686332614372
"us-co",124.155251529041
"us-ct",109.665191783918
"us-dc",58.5830914669445
"us-de",91.2685883450217
"us-fl",71.4359868736861
"us-ga",58.1360097731573
"us-hi",115.269729680579
"us-ia",171.827780791052
"us-id",142.670726801871
"us-il",104.327373470801
"us-in",116.971894838918
"us-ks",115.590585846974
"us-ky",56.1850418012888
"us-la",63.8129992537026
"us-ma",139.182312770102
"us-md",69.2251403345222
"us-me",175.130364246856
"us-mi",149.852787602645
"us-mn",176.731678300815
"us-mo",104.031372829473
"us-ms",35.0804314670698
"us-mt",172.335690048014
"us-nc",47.6573416044423
"us-nd",193.290325202426
"us-ne",178.700547880417
"us-nh",194.902323785198
"us-nj",97.2117120406704
"us-nm",51.6090238108533
"us-nv",121.368989768525
"us-ny",97.8218105806898
"us-oh",106.849929009837
"us-ok",88.3110873280755
"us-or",146.180482793074
"us-pa",104.776393252921
"us-ri",141.693955616756
"us-sc",47.9574976489037
"us-sd",183.569277901024
"us-tn",45.6780842181497
"us-tx",58.2966884398049
"us-ut",133.095774716931
"us-va",58.0792159541267
"us-vt",188.908715320146
"us-wa",141.804160748912
"us-wi",182.946620335044
"us-wv",69.3522045506053
"us-wy",135.522429251535
