"JS_KEY","NAME_REGIONALITY"
"us-ak",0.828876001547499
"us-al",0.348274703091866
"us-ar",0.682880796729474
"us-az",1.06047370786224
"us-ca",0.956865041927442
"us-co",1.05234572861871
"us-ct",1.24785517675042
"us-dc",0.523766793540328
"us-de",0.83288346005619
"us-fl",0.86050765210009
"us-ga",0.507310815328465
"us-hi",1.08427601597072
"us-ia",1.60636770253282
"us-id",1.20844243301995
"us-il",1.07776687795714
"us-in",1.25151020656096
"us-ks",1.24749893399247
"us-ky",0.525902492727324
"us-la",0.805610525173941
"us-ma",1.25730758548462
"us-md",0.9034599490475
"us-me",1.42775041274508
"us-mi",1.45463603755652
"us-mn",1.48321477255942
"us-mo",1.12732152101543
"us-ms",0.351248357510226
"us-mt",1.57457190148403
"us-nc",0.505322258794092
"us-nd",2.08285272913137
"us-ne",1.73410536307465
"us-nh",1.60163251024439
"us-nj",1.01065459593176
"us-nm",0.449088905568799
"us-nv",0.877277519886039
"us-ny",1.04109782750693
"us-oh",1.20373683838754
"us-ok",0.828563748391896
"us-or",1.16650555422001
"us-pa",1.1522857793352
"us-ri",1.30977032937838
"us-sc",0.44058783241555
"us-sd",1.76804519158942
"us-tn",0.46663843071562
"us-tx",0.54989987316705
"us-ut",1.23876053283245
"us-va",0.603918890104667
"us-vt",1.42425367001873
"us-wa",1.21606946293022
"us-wi",1.79009707346249
"us-wv",0.658408693308673
"us-wy",1.08556018267189
