"JS_KEY","NAME_REGIONALITY"
"us-ak",0.973918679091514
"us-al",0.395964863132799
"us-ar",0.670247550515108
"us-az",1.06044040512102
"us-ca",1.01981442036097
"us-co",1.26633691328212
"us-ct",1.19413718522095
"us-dc",0.787928791391419
"us-de",0.7690950327472
"us-fl",0.750169225426144
"us-ga",0.537350014486146
"us-hi",1.16086282182735
"us-ia",1.36958631968072
"us-id",1.58382903230585
"us-il",1.16752446611811
"us-in",1.07993304909422
"us-ks",1.19695024641511
"us-ky",0.59918295662802
"us-la",0.77233396766977
"us-ma",1.22991550074052
"us-md",1.03665778080194
"us-me",1.49099581782152
"us-mi",1.44901338783528
"us-mn",1.34351614073469
"us-mo",1.05585961134667
"us-ms",0.368902121321818
"us-mt",1.381006380934
"us-nc",0.497089615511213
"us-nd",2.00512669224723
"us-ne",1.71894212681813
"us-nh",1.5709232194692
"us-nj",1.08754006671232
"us-nm",0.634975858346162
"us-nv",1.15906859799145
"us-ny",1.03827257083323
"us-oh",1.24858662092744
"us-ok",0.731242572585212
"us-or",1.09455906848505
"us-pa",1.08858530660152
"us-ri",1.02043276666999
"us-sc",0.532830557930944
"us-sd",1.57325325084014
"us-tn",0.420082133441569
"us-tx",0.603868504421001
"us-ut",1.54089654941021
"us-va",0.687687638909358
"us-vt",0.883892582704903
"us-wa",1.03727670012268
"us-wi",1.45669031981754
"us-wv",0.692564394020632
"us-wy",1.10466808368521
