"JS_KEY","NAME_REGIONALITY"
"us-ak",101.270879937118
"us-al",43.639482242291
"us-ar",54.1905020083146
"us-az",87.4961535181376
"us-ca",100.160101307701
"us-co",122.256934134053
"us-ct",122.966488548399
"us-dc",68.2938120891442
"us-de",105.185552606957
"us-fl",72.6325007456348
"us-ga",55.1067732602315
"us-hi",152.538976498114
"us-ia",127.590011640596
"us-id",147.360380845884
"us-il",120.584418967919
"us-in",117.691176913816
"us-ks",130.152841775254
"us-ky",55.1214842803269
"us-la",84.9612840859697
"us-ma",119.797840031711
"us-md",96.0065074481084
"us-me",136.660483864016
"us-mi",143.657480922834
"us-mn",130.815856928095
"us-mo",112.406621881616
"us-ms",37.4458686928679
"us-mt",165.248172757475
"us-nc",43.9848279721174
"us-nd",166.049850894747
"us-ne",159.863691188837
"us-nh",146.390098691785
"us-nj",116.576923060281
"us-nm",60.2633785012016
"us-nv",100.013617665606
"us-ny",103.714156587122
"us-oh",115.636218454178
"us-ok",75.72652396699
"us-or",143.405989062305
"us-pa",115.759128316898
"us-ri",115.556039721964
"us-sc",48.3385366624629
"us-sd",98.871374805901
"us-tn",43.0335002993008
"us-tx",59.7616526264378
"us-ut",169.621843574149
"us-va",64.858892542581
"us-vt",150.895854737847
"us-wa",132.767225553118
"us-wi",147.838574088136
"us-wv",63.5929097089351
"us-wy",111.702890046291
