"JS_KEY","NAME_REGIONALITY"
"us-ak",78.9228067690629
"us-al",73.8459789370081
"us-ar",82.0689926973148
"us-az",95.3879024887148
"us-ca",84.9514665952493
"us-co",115.037199129806
"us-ct",122.50434177238
"us-dc",79.6549292808353
"us-de",92.156072595809
"us-fl",84.6067397240958
"us-ga",55.6426718125064
"us-hi",143.949754638794
"us-ia",112.566943755378
"us-id",128.492513516557
"us-il",117.951867968792
"us-in",118.440865243735
"us-ks",145.525011909282
"us-ky",42.216918096267
"us-la",102.58649418664
"us-ma",117.748480646168
"us-md",121.150356641171
"us-me",193.077735844214
"us-mi",157.589083253116
"us-mn",122.467301750779
"us-mo",129.679918053347
"us-ms",32.144474606838
"us-mt",128.823948127643
"us-nc",71.7962110043757
"us-nd",126.111026009141
"us-ne",128.043905375444
"us-nh",123.214559863157
"us-nj",112.057743768636
"us-nm",92.0594351672019
"us-nv",133.655216678484
"us-ny",87.2359277661845
"us-oh",117.551513517842
"us-ok",76.4924565859327
"us-or",116.564338316733
"us-pa",137.863941323708
"us-ri",96.5628646578569
"us-sc",64.1577738696956
"us-sd",117.165039364989
"us-tn",57.9315473291416
"us-tx",65.9856306751
"us-ut",153.816415162992
"us-va",83.6001078314165
"us-vt",215.728115795395
"us-wa",136.668889254877
"us-wi",109.853708802882
"us-wv",85.4048288525169
"us-wy",194.681187831465
