"JS_KEY","NAME_REGIONALITY"
"us-ct",2.59507137085914
"us-il",1.14816163327993
"us-ma",1.66524886704048
"us-mi",1.40775362005151
"us-nj",5.54133232385039
"us-ny",3.88966129959747
"us-oh",0.798643965666953
"us-pa",1.55050062578223
