"JS_KEY","NAME_REGIONALITY"
"us-ca",144.856005943611
"us-ct",355.022959838885
"us-il",81.574877057919
"us-ma",136.453400805888
"us-mi",123.081134289393
"us-nj",308.589179846829
"us-ny",335.82972992304
"us-oh",88.5775268043119
"us-pa",173.726215624988
