"JS_KEY","NAME_REGIONALITY"
"us-ca",0.331079848791325
"us-ct",4.01060759452332
"us-ia",0.296824213175836
"us-il",0.733210736316459
"us-in",0.29784100231188
"us-ks",0.403763330598851
"us-ky",0.490811691078155
"us-la",0.599892533123103
"us-ma",2.12463647325862
"us-md",0.70957558619753
"us-mi",0.569352274914285
"us-mn",0.476337929718391
"us-mo",0.388997348680484
"us-mt",0.681235899092083
"us-nd",1.01724687919968
"us-nh",1.94127368617189
"us-nj",3.21208481871142
"us-ny",2.85252365278863
"us-oh",0.806686309726681
"us-pa",1.805130354514
"us-ri",2.8447313853362
"us-tx",0.27377037068632
"us-va",0.273299646283442
"us-wi",0.480572535618021
"us-wv",0.408237148089782
