"JS_KEY","NAME_REGIONALITY"
"us-ca",47.9113406700701
"us-co",45.8700219639722
"us-ct",434.317098914673
"us-de",148.80380038483
"us-ia",50.4986581349834
"us-il",73.4715035591451
"us-in",12.0294570247107
"us-ks",23.4614244621013
"us-la",96.1561225975221
"us-ma",225.185553680626
"us-md",58.7486894822295
"us-mi",68.8704342773317
"us-mn",68.810543761179
"us-mo",17.2198041591953
"us-nd",65.7925374558641
"us-nh",369.121768583549
"us-nj",296.178501238707
"us-ny",317.382102133557
"us-oh",77.8772101242063
"us-pa",173.844136314182
"us-ri",216.638930842911
"us-tx",27.8024607419891
"us-va",16.0144107397641
"us-wa",38.9927550302863
"us-wi",50.6966920884539
"us-wv",54.8932416091495
