"JS_KEY","NAME_REGIONALITY"
"us-ak",1.94181032110694
"us-al",0.158883660145855
"us-az",0.718934060353772
"us-ca",0.910448690674813
"us-co",0.925603245801085
"us-ct",2.05668359172908
"us-dc",1.0812024630648
"us-de",1.96290918094954
"us-fl",0.409455057269454
"us-ga",0.173796425730482
"us-hi",1.2992594681515
"us-ia",0.853242355735706
"us-id",0.594364882829236
"us-il",0.944322436651
"us-in",0.640932570241765
"us-ks",1.04733273040397
"us-ky",0.302429760411394
"us-la",0.674270861920003
"us-ma",1.30452568535247
"us-md",1.01756549146966
"us-me",0.543325799669693
"us-mi",0.699635913923417
"us-mn",0.851046174694179
"us-mo",0.674218754908281
"us-ms",0.190498631215045
"us-mt",0.877882990017995
"us-nc",0.159858670719492
"us-ne",0.813500929882099
"us-nj",3.01031745060592
"us-nm",0.714937219447442
"us-ny",2.46356537314074
"us-oh",1.19176398646752
"us-ok",0.243775316110392
"us-or",0.752120401983912
"us-pa",1.77436897704662
"us-ri",1.51652289970828
"us-sd",0.663998379992808
"us-tn",0.259468016952896
"us-tx",0.34318369213547
"us-ut",0.539624559823104
"us-va",0.437780900117817
"us-wa",0.704380445421072
"us-wi",0.638162171009851
"us-wv",0.272648746352705
