"JS_KEY","NAME_REGIONALITY"
"us-ak",1.5763691377986
"us-al",0.130518493948725
"us-ar",0.365028833651492
"us-az",0.538500722432786
"us-ca",0.939683542547995
"us-co",0.945322770125158
"us-ct",1.59066130542789
"us-dc",1.15949896857138
"us-de",1.59141297455783
"us-fl",0.733033517321493
"us-ga",0.24772833397227
"us-hi",0.725050886284087
"us-ia",1.19812670738617
"us-id",0.738788414462907
"us-il",1.0858615899643
"us-in",0.721071823428667
"us-ks",0.751583329136781
"us-ky",0.560059081287622
"us-la",0.850148764567484
"us-ma",1.18233128013797
"us-md",0.809594464627289
"us-me",0.592163491026653
"us-mi",0.769611185890286
"us-mn",0.873945165063754
"us-mo",0.458931396639607
"us-ms",0.186549342487207
"us-nc",0.254649956257447
"us-nd",0.678469065917166
"us-ne",0.396791546671908
"us-nh",0.609714269581552
"us-nj",2.39736404866822
"us-nm",0.537469795491968
"us-ny",2.39253595212999
"us-oh",1.16408458823987
"us-ok",0.308414463808217
"us-or",0.60980595593788
"us-pa",1.41214114689134
"us-ri",0.851528217559528
"us-sc",0.270167195668681
"us-sd",0.629495437284523
"us-tn",0.240951254128752
"us-tx",0.369777356934052
"us-ut",0.480702893194275
"us-va",0.389352582408162
"us-wa",0.92800219848191
"us-wi",0.737726008114739
"us-wv",0.405340809227922
