"JS_KEY","NAME_REGIONALITY"
"us-al",0.305251869965195
"us-ar",0.255948843285227
"us-az",0.887612679556201
"us-ca",1.11152207298652
"us-co",1.57371570248095
"us-ct",1.05281654568124
"us-dc",1.33824680917704
"us-de",0.932982524916456
"us-fl",0.681007473172786
"us-ga",0.376327469555934
"us-hi",0.617784378675446
"us-ia",1.44405322469732
"us-id",0.557818044736088
"us-il",1.28262285867335
"us-in",0.975490548825996
"us-ks",0.488761906270373
"us-ky",0.41034940294561
"us-la",0.960031500605259
"us-ma",1.01163292580287
"us-md",0.66863005775771
"us-me",1.15271026498302
"us-mi",1.16698451221427
"us-mn",1.26163230066245
"us-mo",1.08069038153555
"us-ms",0.261011296757381
"us-mt",1.17076270061661
"us-nc",0.363139091622596
"us-nd",0.703997347253388
"us-ne",1.08093684323343
"us-nh",0.518402637701293
"us-nj",1.75184615653804
"us-nm",0.975240589683674
"us-nv",1.22865391378113
"us-ny",1.81634528434245
"us-oh",1.16391600383999
"us-ok",0.454298910514618
"us-or",1.12605250625166
"us-pa",1.1629051826512
"us-ri",0.703106904996694
"us-sc",0.522337027073077
"us-sd",1.19014044294401
"us-tn",0.495578985705392
"us-tx",0.545365958922646
"us-ut",0.738696849148036
"us-va",0.503369316994775
"us-vt",0.909569889182634
"us-wa",0.965567870951522
"us-wi",1.5947711352579
"us-wv",0.234747456433673
