"JS_KEY","NAME_REGIONALITY"
"us-ak",135.800602030361
"us-al",60.8125499184168
"us-ar",86.8092484095202
"us-az",88.9825115255794
"us-ca",102.21119892797
"us-co",112.447191077206
"us-ct",83.5558871350253
"us-dc",71.6317666357319
"us-de",76.6266324013152
"us-fl",81.6055904784808
"us-ga",72.1633002435283
"us-hi",101.096668986461
"us-ia",169.823569091849
"us-id",117.164870378124
"us-il",125.282485031598
"us-in",109.477496634433
"us-ks",102.291028449885
"us-ky",80.6753559405494
"us-la",90.3802337247468
"us-ma",115.296808245982
"us-md",85.207445556041
"us-me",153.540125706685
"us-mi",124.177056503395
"us-mn",182.544395467352
"us-mo",104.969020555095
"us-ms",59.2713687342188
"us-mt",118.66841875536
"us-nc",63.1623181792983
"us-nd",109.997780910599
"us-ne",155.665833912702
"us-nh",129.81295892859
"us-nj",90.6878943278873
"us-nm",79.473065245751
"us-nv",104.835171781804
"us-ny",96.3896710114036
"us-oh",122.163083871884
"us-ok",83.5520433475007
"us-or",139.587475862385
"us-pa",88.7596885427384
"us-ri",105.851730831331
"us-sc",59.0381521080579
"us-sd",137.314971232097
"us-tn",65.7784290234534
"us-tx",60.334150311768
"us-ut",115.585800174975
"us-va",64.3356845849153
"us-vt",119.132221806796
"us-wa",130.936629809172
"us-wi",153.610906785546
"us-wv",55.7385518147965
"us-wy",118.361579580496
