"JS_KEY","NAME_REGIONALITY"
"us-ak",65.4215050636506
"us-al",69.4239706061071
"us-ar",77.0248001859747
"us-az",100.335758287575
"us-ca",87.8173364141927
"us-co",114.39625505041
"us-ct",127.743267048328
"us-dc",69.8070668325055
"us-de",110.952390744083
"us-fl",89.1191106558097
"us-ga",77.8821802322858
"us-hi",125.248547521406
"us-ia",134.187513772855
"us-id",109.102773205562
"us-il",111.701437694904
"us-in",121.733679925669
"us-ks",104.914831892701
"us-ky",84.6612210995012
"us-la",91.127251926262
"us-ma",136.785727427402
"us-md",97.5948099698158
"us-me",152.928869152312
"us-mi",118.950354947482
"us-mn",144.744672596686
"us-mo",116.621849477247
"us-ms",68.2169872720156
"us-mt",104.215154278518
"us-nc",69.1990916353798
"us-nd",149.379103228669
"us-ne",122.980324408035
"us-nh",153.888372151122
"us-nj",110.229078426133
"us-nm",67.5935888529281
"us-nv",99.3217931638354
"us-ny",112.891041891066
"us-oh",116.649181086477
"us-ok",77.9363228324134
"us-or",109.214176325636
"us-pa",104.10078454126
"us-ri",148.783659270052
"us-sc",59.3838255266048
"us-sd",122.573916333126
"us-tn",75.0101690672619
"us-tx",64.1676546444729
"us-ut",110.491272449355
"us-va",77.859844781328
"us-vt",132.311757576613
"us-wa",117.514968818104
"us-wi",137.361248305135
"us-wv",81.4781064721496
"us-wy",71.4980520285907
