"JS_KEY","NAME_REGIONALITY"
"us-ak",1.02495578067213
"us-al",0.621905727367048
"us-ar",0.751253719909249
"us-az",1.01808017888516
"us-ca",1.18126813041701
"us-co",0.520644118205252
"us-ct",1.73909010299434
"us-dc",1.20579251294305
"us-de",1.10966618792706
"us-fl",1.07447420710464
"us-ga",0.628309512074914
"us-hi",0.952421508750304
"us-ia",0.413842942187063
"us-id",0.249346727377991
"us-il",1.29682711425533
"us-in",0.943184176659443
"us-ks",0.88575535319585
"us-ky",0.770770882365085
"us-la",0.787322331278733
"us-ma",1.06001948067375
"us-md",0.906461724738287
"us-me",1.30144146351423
"us-mi",0.866423180800076
"us-mn",0.61570556247373
"us-mo",0.758364192219524
"us-ms",0.782723606033986
"us-mt",0.600716237866365
"us-nc",0.788986602206821
"us-nd",0.759104442062641
"us-ne",0.54085104577659
"us-nh",1.08170209155318
"us-nj",2.00631447947915
"us-nm",0.970862843652425
"us-nv",0.866530723219141
"us-ny",1.56695366005618
"us-oh",0.905034197357713
"us-ok",0.75508319914117
"us-or",0.581302509034119
"us-pa",1.17444247588515
"us-ri",0.958706523782666
"us-sc",0.91341049382716
"us-tn",0.750792953691504
"us-tx",0.893797212492783
"us-ut",0.450462425259173
"us-va",0.818829526861655
"us-wa",0.793261369477586
"us-wi",0.609898337519435
"us-wv",0.957345829203088
