"JS_KEY","NAME_REGIONALITY"
"us-al",0.809026378218047
"us-ar",1.35312907238316
"us-ca",1.57190683437754
"us-co",1.47536922433081
"us-ct",0.470865544201045
"us-fl",0.993290821723231
"us-ga",0.488277360603212
"us-ia",1.30233593903545
"us-id",1.55058008562701
"us-il",1.27416711878261
"us-in",1.23401729237054
"us-ks",1.35248690943356
"us-ky",1.03900160937957
"us-la",0.593063750699219
"us-ma",0.589548257215524
"us-md",0.48980088587159
"us-me",0.567362705084289
"us-mi",1.1130137759456
"us-mn",1.09586941442914
"us-mo",1.0782364267971
"us-ms",0.82712337555408
"us-nc",1.00562983814215
"us-nd",1.14691667490593
"us-ne",0.910827025238537
"us-nj",1.1932005124316
"us-ny",1.3362289183567
"us-oh",1.04858202033586
"us-ok",1.12660228361608
"us-pa",0.965870124194392
"us-ri",0.490377800931509
"us-sc",0.789886133812182
"us-tn",1.18906941853832
"us-tx",1.20987303097115
"us-va",0.733143225557623
"us-wa",2.24369866881297
"us-wi",1.16131311852399
"us-wv",1.08496524115124
