"JS_KEY","NAME_REGIONALITY"
"us-ak",0.771480237048
"us-al",0.283530969303856
"us-ar",0.661946029758656
"us-az",1.04691725122032
"us-ca",1.58589851589789
"us-co",1.70000990234885
"us-ct",0.338218736021562
"us-dc",0.636733010124684
"us-de",0.884065667441112
"us-fl",0.478761197871528
"us-ga",0.297105052596849
"us-hi",0.897332143543831
"us-ia",1.92870059262
"us-id",1.56250192601067
"us-il",1.32238312433528
"us-in",2.13181238703884
"us-ks",2.28596052715109
"us-ky",0.482096972682225
"us-la",0.310122303553841
"us-ma",0.172010713501478
"us-md",0.544921621648847
"us-me",0.278691946692294
"us-mi",1.63509845936333
"us-mn",1.22336745531994
"us-mo",1.30909200590444
"us-ms",0.230496306695422
"us-mt",1.46688683039393
"us-nc",0.358018130466393
"us-nd",0.78176664020864
"us-ne",1.79456361030728
"us-nh",0.191453054744973
"us-nj",0.397875270463938
"us-nm",0.781456538407685
"us-nv",1.37621511234773
"us-ny",0.577907057792587
"us-oh",2.12181486100005
"us-ok",1.46732079825125
"us-or",1.84055569346419
"us-pa",1.23288986211498
"us-ri",0.116127910243495
"us-sc",0.242323226699024
"us-sd",1.26315744703103
"us-tn",0.379554567226323
"us-tx",0.630824877198239
"us-ut",1.77226694253848
"us-va",0.251452034376004
"us-vt",0.383366333179237
"us-wa",2.02979861427643
"us-wi",1.07032377985221
"us-wv",1.16807417118084
"us-wy",1.77695604328843
