"JS_KEY","NAME_REGIONALITY"
"us-ak",81.3276238030528
"us-al",165.008780127737
"us-ar",183.206000314924
"us-az",119.847816227342
"us-ca",68.7603556721712
"us-co",122.178826542835
"us-ct",30.1630747985318
"us-dc",75.5214080248019
"us-de",88.3195914603288
"us-fl",167.745190256182
"us-ga",190.468994740027
"us-hi",66.4882232513109
"us-ia",93.6476388078512
"us-id",117.8661214537
"us-il",81.6106136265902
"us-in",101.758478098914
"us-ks",118.664185026388
"us-ky",167.370135637601
"us-la",116.696488282508
"us-ma",19.8715048664143
"us-md",103.813408776791
"us-me",52.3053944959339
"us-mi",77.5142777263979
"us-mn",78.5069505787085
"us-mo",151.151429736023
"us-ms",106.619912762579
"us-mt",107.509716438103
"us-nc",156.481789647435
"us-nd",117.498833256535
"us-ne",109.491191357887
"us-nh",50.3547203453481
"us-nj",36.4598077749837
"us-nm",119.556034991784
"us-nv",104.740121564538
"us-ny",33.7572195095565
"us-oh",89.4537382552692
"us-ok",192.090311774482
"us-or",88.5399397266168
"us-pa",62.3973046401016
"us-ri",19.7775356337564
"us-sc",152.048756016438
"us-sd",129.531814264416
"us-tn",194.154497464843
"us-tx",152.137674354709
"us-ut",61.8984028945011
"us-va",126.595529587755
"us-vt",72.0375370569151
"us-wa",80.6319753879412
"us-wi",71.7408621314209
"us-wv",185.190310484203
"us-wy",115.938750914205
