"JS_KEY","NAME_REGIONALITY"
"us-ak",81.8636637824413
"us-al",207.117186330521
"us-ar",227.664641613943
"us-az",141.680319289357
"us-ca",63.3430020973399
"us-co",93.7714224070815
"us-ct",32.7098853146474
"us-dc",64.8441910625991
"us-de",92.6924271685103
"us-fl",174.593961949784
"us-ga",214.94007398582
"us-hi",97.5273743159874
"us-ia",82.8821877237759
"us-id",116.760140850317
"us-il",65.530525236927
"us-in",86.0027635612888
"us-ks",91.6254639780814
"us-ky",212.496269588919
"us-la",159.026408662425
"us-ma",18.2203687268091
"us-md",73.7353567402131
"us-me",57.9087305371716
"us-mi",61.4665940572556
"us-mn",60.8562261150509
"us-mo",131.075772154665
"us-ms",151.431789753143
"us-mt",102.622767203164
"us-nc",183.141422953345
"us-nd",89.5163555997421
"us-ne",88.1288412479903
"us-nh",59.5296901671576
"us-nj",35.1550424777024
"us-nm",118.74513396142
"us-nv",53.04431275699
"us-ny",30.5924743331488
"us-oh",73.6064539544478
"us-ok",167.439124550146
"us-or",73.0568483546164
"us-pa",55.0825133649061
"us-ri",16.2267106137325
"us-sc",174.623873833329
"us-sd",113.537728730259
"us-tn",217.755451913093
"us-tx",162.76300287911
"us-ut",60.3323605073531
"us-va",165.495334758945
"us-vt",63.6996035908887
"us-wa",66.8563002881814
"us-wi",63.5605214869785
"us-wv",178.624460603231
"us-wy",88.6981073767098
