"JS_KEY","NAME_REGIONALITY"
"us-al",167.216908435642
"us-ar",144.747392476106
"us-ca",116.207925981226
"us-co",86.3714943796302
"us-fl",92.1560170024853
"us-ga",204.876743384669
"us-il",81.9290611581393
"us-in",66.5039436551884
"us-ks",129.446824362079
"us-ky",175.71417439482
"us-la",138.479383564733
"us-ma",52.4854888293181
"us-md",130.876145994497
"us-mi",97.7535858054369
"us-mo",66.4436801059586
"us-ms",303.377017363695
"us-nc",136.165355407514
"us-nj",69.1241497441971
"us-ny",116.747765100309
"us-oh",164.777108661561
"us-ok",318.666391084851
"us-pa",39.9390900702653
"us-sc",154.73427527741
"us-tn",125.491135490421
"us-tx",115.697845690312
"us-va",157.738740731501
"us-wa",68.0490621617701
"us-wi",71.501970289216
"us-wv",310.816180242301
