"JS_KEY","NAME_REGIONALITY"
"us-al",2.09398119122257
"us-ca",1.34932816210052
"us-fl",1.67484368388886
"us-ga",1.81019134171482
"us-il",1.24200251011017
"us-in",1.54212695224573
"us-ky",1.81587236862225
"us-ma",0.720563091610259
"us-md",0.838012796386903
"us-mi",0.687606878848121
"us-mo",1.27544035514822
"us-ms",3.51229515379897
"us-nc",2.33070481507327
"us-ny",0.734430873407775
"us-oh",1.23258926390856
"us-ok",1.61289387902934
"us-pa",1.02897546097324
"us-sc",2.34159850432344
"us-tn",1.54285714285714
"us-tx",1.59700447219644
"us-wi",1.23021429417104
