"JS_KEY","NAME_REGIONALITY"
"us-ca",1.1988027929367
"us-fl",0.81220839869096
"us-ga",2.0967383525391
"us-il",1.04195831249009
"us-mo",2.60143617814806
"us-nc",2.19294136425361
"us-nj",1.83417766967216
"us-ny",1.62748978384541
"us-oh",1.81565145307238
"us-pa",1.57079442510522
"us-tn",2.33456542410584
"us-tx",1.94705108081587
"us-va",1.58076893574885
