"JS_KEY","NAME_REGIONALITY"
"us-ar",6.21349231233742
"us-ca",1.84879883900728
"us-fl",1.32805020530313
"us-ga",2.13721458060503
"us-il",1.22600987196991
"us-in",2.4156692732083
"us-oh",3.21596543951916
"us-pa",1.6502403501931
"us-tx",1.58634058688431
"us-va",3.34589068460218
"us-wa",2.70190855884744
