"JS_KEY","NAME_REGIONALITY"
"us-ca",147.137521761342
"us-fl",90.994976548926
"us-ga",148.109782607176
"us-il",118.804609146527
"us-in",319.513261659555
"us-mo",353.198653198653
"us-ny",143.894575007877
"us-oh",270.452843674484
"us-pa",186.614882529522
"us-tn",287.000216708202
"us-tx",148.551799078115
"us-ut",458.588167058386
