"JS_KEY","NAME_REGIONALITY"
"us-ca",236.159336441941
"us-ia",993.283139232995
"us-mi",287.34624595497
"us-ny",239.669414091515
"us-oh",269.274752234664
"us-pa",456.490019943069
"us-wa",378.944255466066
