"JS_KEY","NAME_REGIONALITY"
"us-az",244.596675135872
"us-ca",118.549264172602
"us-il",127.721521767781
"us-mn",382.515500539983
"us-mo",378.576134455866
"us-nc",250.29926157632
"us-ny",141.877136520129
"us-oh",325.036398238656
"us-pa",151.190660197064
"us-tx",138.022931621589
"us-ut",491.607366804289
"us-wi",548.641386075165
