"JS_KEY","NAME_REGIONALITY"
"us-az",172.197679385382
"us-ca",117.283345210115
"us-fl",105.705506157363
"us-ga",102.379607223219
"us-in",166.985744212913
"us-mn",274.003336307561
"us-mo",569.304587591373
"us-ny",105.586837514719
"us-oh",201.172069927718
"us-ok",453.154758369464
"us-pa",208.234832108628
"us-tn",139.623030012041
"us-tx",152.843696414779
"us-ut",449.526573553419
"us-wa",158.135098682973
