"JS_KEY","NAME_REGIONALITY"
"us-ak",313.497988207607
"us-al",40.1267336474901
"us-ar",58.3161958751578
"us-az",28.7428859124245
"us-ca",39.0403797921228
"us-co",76.4072019842022
"us-ct",165.582200428828
"us-dc",31.3497988207607
"us-de",135.141989904031
"us-fl",36.2451655445816
"us-ga",49.563485425659
"us-ia",74.9232045352938
"us-id",52.8643666389298
"us-il",103.458888039474
"us-in",75.3727340952032
"us-ks",81.2694784741059
"us-ky",114.080471405167
"us-la",73.8020926901056
"us-ma",102.198080632299
"us-md",110.267509683013
"us-me",37.6635534144645
"us-mi",98.0518377155938
"us-mn",88.7599242332648
"us-mo",89.7770600556707
"us-ms",39.2479754196516
"us-mt",71.6146966811752
"us-nc",29.1029985159636
"us-nd",169.234628266184
"us-ne",78.3744970519017
"us-nh",74.0343075126431
"us-nj",174.209930469207
"us-nm",57.4653505915187
"us-ny",138.593224127283
"us-oh",96.6935422445921
"us-ok",78.5367133355661
"us-or",69.3972380588267
"us-pa",204.43850022887
"us-ri",130.07416528263
"us-sc",57.5908438147513
"us-sd",120.297653217722
"us-tn",56.481340242262
"us-tx",51.8307058387273
"us-ut",57.8765516690967
"us-va",44.7422717645332
"us-vt",65.2804527502523
"us-wa",44.6371307712818
"us-wi",91.9445609464299
"us-wv",96.2886678066221
"us-wy",90.2994205267844
