"JS_KEY","NAME_REGIONALITY"
"us-ak",2.19209871734835
"us-al",0.957653165763664
"us-ar",1.38137312194966
"us-az",2.5903660973175
"us-ca",0.954451140558979
"us-co",1.16382192111522
"us-ct",0.709033480475658
"us-dc",0.812014550615767
"us-de",0.809427601604955
"us-fl",0.594764044165043
"us-ga",0.852359887999005
"us-hi",1.05176511477625
"us-ia",0.397867506443808
"us-id",0.930981167207704
"us-il",0.739309141460534
"us-in",1.13814310949656
"us-ks",0.85150382505795
"us-ky",2.87331079733539
"us-la",1.45654976707248
"us-ma",0.574960097818435
"us-md",1.26144953120259
"us-me",0.461992721392868
"us-mi",0.557036047389525
"us-mn",0.284105253999513
"us-mo",1.00858393619455
"us-ms",1.17411289096443
"us-mt",0.833017477061566
"us-nc",0.971242958085738
"us-ne",0.593969212165465
"us-nh",0.390077273035483
"us-nj",1.0205607749264
"us-nm",2.40934128657099
"us-nv",1.35705221040593
"us-ny",1.00187751770263
"us-oh",0.697399621888433
"us-ok",1.30658815832064
"us-or",0.779137072746868
"us-pa",1.24290877744785
"us-ri",0.783177300493289
"us-sc",1.52633738680218
"us-sd",0.61717489191201
"us-tn",1.49092663928374
"us-tx",1.64331506735154
"us-ut",0.951947118086886
"us-va",1.11709576717633
"us-vt",0.941862552439633
"us-wa",0.515794384126857
"us-wi",0.326851544133148
"us-wv",1.78343639553406
