"JS_KEY","NAME_REGIONALITY"
"us-ak",124.779778950607
"us-al",77.4808581890568
"us-ar",73.807293360203
"us-az",223.08304861259
"us-ca",129.632582770744
"us-co",138.077312507
"us-ct",85.0562604389693
"us-dc",70.8764471030585
"us-de",60.4352999665407
"us-fl",68.8668436781899
"us-ga",56.6026870257343
"us-hi",149.612885450622
"us-ia",70.6621240569899
"us-id",88.9932645692173
"us-il",89.8992413858471
"us-in",93.2003538450461
"us-ks",92.454113746909
"us-ky",178.624079699825
"us-la",124.47820718101
"us-ma",62.9618353524225
"us-md",106.568817611787
"us-me",57.617861950985
"us-mi",64.7565972515088
"us-mn",37.90647935849
"us-mo",82.4916807080015
"us-ms",118.149122637189
"us-mt",101.182818196676
"us-nc",77.5584166056624
"us-nd",55.0700894611493
"us-ne",53.8367870211387
"us-nh",74.3710426339416
"us-nj",105.535494253381
"us-nm",249.374662174266
"us-nv",167.585287995892
"us-ny",126.222204641948
"us-oh",85.4042941189991
"us-ok",79.6590931801123
"us-or",85.1899457029933
"us-pa",110.535517770622
"us-ri",43.1562499337259
"us-sc",102.546932106919
"us-sd",78.6650113184637
"us-tn",116.843568366274
"us-tx",164.979191055344
"us-ut",102.710562247223
"us-va",95.9459961609139
"us-vt",136.579940762479
"us-wa",52.5466696803439
"us-wi",49.9025457065618
"us-wv",141.895094511039
"us-wy",79.324952688585
