"JS_KEY","NAME_REGIONALITY"
"us-ak",168.057976050223
"us-al",106.607864825244
"us-ar",100.069756072855
"us-az",238.472279530291
"us-ca",158.193274031866
"us-co",155.048642285247
"us-ct",82.3878585354954
"us-dc",67.9203920342065
"us-de",106.780161104937
"us-fl",71.2989946865555
"us-ga",79.2315481559354
"us-hi",99.8931302718858
"us-ia",60.427651781525
"us-id",138.137876722308
"us-il",84.1702379208634
"us-in",76.6052541249494
"us-ks",82.1814364572043
"us-ky",142.79898402249
"us-la",127.885046216447
"us-ma",56.3394372920787
"us-md",97.7794775714054
"us-me",91.0543614666843
"us-mi",71.6800522066303
"us-mn",47.0979309594491
"us-mo",81.2941648882021
"us-ms",73.4332607298158
"us-mt",84.7427265708983
"us-nc",85.0253207437652
"us-nd",46.7376842572074
"us-ne",33.4699235758611
"us-nh",30.0009814641546
"us-nj",107.571803649347
"us-nm",302.242208036493
"us-nv",134.973975908518
"us-ny",98.1418641726124
"us-oh",84.0584468321707
"us-ok",84.5493761517339
"us-or",122.749743640658
"us-pa",87.5826420232956
"us-ri",68.5627087701757
"us-sc",108.010278994637
"us-sd",37.169176228145
"us-tn",104.332824950636
"us-tx",186.952487415535
"us-ut",141.917871776737
"us-va",80.6656335208821
"us-wa",61.4079667074815
"us-wi",64.8210663094248
"us-wv",168.422657780708
"us-wy",80.7295459412375
