"JS_KEY","NAME_REGIONALITY"
"us-ak",2.31718109075203
"us-al",0.914929239097512
"us-ar",0.843183774702082
"us-az",1.65408055334383
"us-ca",1.47191628264464
"us-co",1.59676457972252
"us-ct",0.444823428313406
"us-dc",0.821015197599675
"us-de",0.866161045448221
"us-fl",0.761366996901665
"us-ga",1.12602684668708
"us-hi",0.840324911259959
"us-ia",0.76820092942453
"us-id",1.65604323078238
"us-il",0.835477396847124
"us-in",0.845826326103253
"us-ks",0.816495847888117
"us-ky",0.940886655167955
"us-la",0.598823014099432
"us-ma",0.583540607797645
"us-md",0.644246465293312
"us-me",0.48625431888192
"us-mi",0.949664699342132
"us-mn",1.40165442034498
"us-mo",0.824586206952251
"us-ms",0.660059684201271
"us-mt",1.3374292208943
"us-nc",1.18221202847486
"us-nd",0.72323469686523
"us-ne",0.907520044284704
"us-nh",0.597079706879048
"us-nj",0.742642171569379
"us-nm",1.74767746194625
"us-nv",0.870160159454908
"us-ny",0.873912069585267
"us-oh",0.80931457322035
"us-ok",0.949665869855848
"us-or",1.89823562995482
"us-pa",0.567014289547278
"us-ri",0.841130219162095
"us-sc",1.13420132412991
"us-sd",1.39572583591945
"us-tn",0.98864452586738
"us-tx",1.47733638876055
"us-ut",1.14710042811319
"us-va",0.943788686313864
"us-vt",0.850203114211714
"us-wa",1.37164550106644
"us-wi",0.852978046275126
"us-wv",0.832573208604737
"us-wy",1.52965394002789
