"JS_KEY","NAME_REGIONALITY"
"us-ak",1.63110301237063
"us-al",1.49233198777247
"us-ar",1.22890083830232
"us-az",1.0475191406839
"us-ca",0.909310981281398
"us-co",1.19683411213579
"us-ct",0.561525245388104
"us-dc",1.57099468317656
"us-de",0.644186251138236
"us-fl",0.682209668348522
"us-ga",1.65010970658599
"us-hi",0.49757765947511
"us-ia",1.40220310287315
"us-id",1.15171527591233
"us-il",0.954675058716727
"us-in",0.937970756439032
"us-ks",1.27610988614774
"us-ky",0.754787888099915
"us-la",0.933653437954132
"us-ma",0.779917051096988
"us-md",0.719728637644764
"us-me",0.794242315537016
"us-mi",0.887969354507538
"us-mn",1.8086173748625
"us-mo",0.955011592055259
"us-ms",2.29790986796747
"us-mt",1.332224056014
"us-nc",1.66106200200464
"us-nd",1.31367658851833
"us-ne",1.29057937168326
"us-nh",0.930975494745442
"us-nj",0.560258407819862
"us-nm",1.293002966044
"us-nv",0.612726176744186
"us-ny",0.611927820502752
"us-oh",0.894767670197823
"us-ok",0.821573580529635
"us-or",1.39016780605238
"us-pa",0.715510138644506
"us-ri",0.272596553313188
"us-sc",1.47506478278415
"us-sd",1.11489256528771
"us-tn",1.27282961751138
"us-tx",1.08731485276749
"us-ut",1.02227500363403
"us-va",0.97349601013045
"us-vt",1.77936000587825
"us-wa",1.60093449772347
"us-wi",1.26633528463315
"us-wv",0.986776493873155
"us-wy",2.00059482010822
