"JS_KEY","NAME_REGIONALITY"
"us-ak",89.928954348937
"us-al",243.987040261721
"us-ar",165.753155977025
"us-az",56.2889720979289
"us-ca",36.2841747103274
"us-co",107.878282480788
"us-ct",101.881774179775
"us-dc",108.267551905177
"us-de",67.6005927549151
"us-fl",65.6410743095315
"us-ga",141.884892779974
"us-hi",63.7229702052914
"us-ia",192.814927316776
"us-id",110.682945985949
"us-il",96.080128832659
"us-in",132.058271048898
"us-ks",130.007034913975
"us-ky",130.244340993775
"us-la",152.784687837825
"us-ma",102.012389986589
"us-md",93.8671696116668
"us-me",156.34634495793
"us-mi",117.824585441293
"us-mn",195.027953151935
"us-mo",165.352218809693
"us-ms",270.873832307953
"us-mt",177.448559619537
"us-nc",137.842697123333
"us-nd",183.327820189305
"us-ne",168.274072352622
"us-nh",119.03337331459
"us-nj",68.8380373473412
"us-nm",58.8464329491964
"us-nv",64.8221450027326
"us-ny",79.5012511190365
"us-oh",125.481016468014
"us-ok",93.7568326290384
"us-or",97.332011594783
"us-pa",113.112214699083
"us-ri",93.5867428635334
"us-sc",158.350354346491
"us-sd",93.2854575746368
"us-tn",166.489813450163
"us-tx",63.6164791105541
"us-ut",129.070148559966
"us-va",107.378855512114
"us-vt",161.45559964841
"us-wa",126.936557474857
"us-wi",147.715183988725
"us-wv",86.7172059793321
"us-wy",119.553564761719
