"JS_KEY","NAME_REGIONALITY"
"us-ak",1.27232755015706
"us-al",1.50521272776615
"us-ar",1.40534847155747
"us-az",0.629181041556582
"us-ca",0.64920294071888
"us-co",1.22023855888367
"us-ct",1.02474007461114
"us-dc",1.36071012360625
"us-de",0.895651630702667
"us-fl",0.845517162789545
"us-ga",1.27466338189959
"us-hi",0.955361739416179
"us-ia",1.35029873902605
"us-id",0.871115683210913
"us-il",0.999311261365188
"us-in",1.44103698214041
"us-ks",1.23872635653329
"us-ky",1.32407562027839
"us-la",1.33999062833494
"us-ma",1.19172628862903
"us-md",0.812164342232993
"us-me",0.817651939139972
"us-mi",0.919926736160934
"us-mn",1.17869305512386
"us-mo",1.39117021610659
"us-ms",1.70033452031123
"us-mt",0.906460576724464
"us-nc",1.14853436527818
"us-nd",2.37451827674661
"us-ne",1.528091353607
"us-nh",1.46759824650741
"us-nj",0.807482323555572
"us-nm",0.460707437789528
"us-nv",0.476010656876942
"us-ny",0.866764483360745
"us-oh",1.30640279729116
"us-ok",1.04141555071184
"us-or",0.9130720849551
"us-pa",1.54619064432368
"us-ri",0.875210850959855
"us-sc",1.28398455277235
"us-sd",1.733466730455
"us-tn",1.25064418302195
"us-tx",0.680491831449626
"us-ut",0.965992276429518
"us-va",0.990272024284191
"us-vt",1.59226956569363
"us-wa",1.07098043510293
"us-wi",1.06581153759529
"us-wv",1.33282983925544
"us-wy",1.51265608740895
