"JS_KEY","NAME_REGIONALITY"
"us-al",84.9629499928883
"us-ar",158.184934986611
"us-ca",153.536066936289
"us-co",174.993432416071
"us-ga",116.126820850579
"us-il",80.0836179030437
"us-ks",193.330747264765
"us-ky",280.791671757604
"us-ma",118.949461489025
"us-mi",161.904435254992
"us-mn",149.216876886265
"us-mo",56.3085339150619
"us-ms",192.921252332831
"us-nc",141.547197259438
"us-ne",255.475097193358
"us-nj",71.8357480372391
"us-nm",702.514292784646
"us-ny",102.411942910493
"us-oh",25.8348144209406
"us-ok",121.495405920978
"us-pa",67.9734035227608
"us-sc",112.956089808667
"us-tn",80.2852246415769
"us-tx",263.043587289192
"us-va",109.970517786362
"us-wa",178.508117065256
"us-wi",145.055328854005
"us-wv",107.70010837339
