"JS_KEY","NAME_REGIONALITY"
"us-al",120.572786552305
"us-ar",132.189750710083
"us-ca",252.553380581292
"us-co",362.180812256809
"us-fl",140.030793305394
"us-ga",96.1717020295203
"us-il",89.5841282035418
"us-ky",329.008042069814
"us-la",145.033562882582
"us-ma",87.7635412457389
"us-mi",91.3291568952504
"us-mn",122.558771317951
"us-mo",111.885168927621
"us-ms",89.2088065459076
"us-nc",144.147416533276
"us-ne",145.227522846317
"us-nj",115.3699414353
"us-ny",111.913057725258
"us-oh",26.4159770225619
"us-ok",130.958719265041
"us-pa",71.3890878312006
"us-ri",267.034131659836
"us-sc",114.256729357094
"us-tx",284.927430578916
"us-va",119.650691870753
"us-wi",148.453698165869
