"JS_KEY","NAME_REGIONALITY"
"us-al",76.8856779492995
"us-ar",105.456280467808
"us-ca",226.031261688951
"us-co",179.305299345967
"us-fl",163.453521713499
"us-ga",195.793142963987
"us-il",42.0065192368759
"us-in",44.5864846172724
"us-ks",177.891164526835
"us-ky",226.817699466617
"us-la",135.471943901662
"us-ma",60.2763801389652
"us-mi",136.781219694125
"us-mo",98.8400270606427
"us-ms",116.243608306707
"us-nc",170.57789882426
"us-ne",118.802692289529
"us-nj",53.1939054726368
"us-nm",417.207101746171
"us-ny",120.960979373241
"us-oh",64.0016509256078
"us-ok",150.904696376275
"us-pa",46.3398724902328
"us-sc",111.342554626137
"us-tn",150.3486956275
"us-tx",276.489620230491
"us-va",107.30527101243
"us-wa",177.14430937605
"us-wi",69.6483214044345
"us-wv",82.9966019596466
