"JS_KEY","NAME_REGIONALITY"
"us-al",126.710688000137
"us-ar",245.893225571099
"us-ca",181.073896016521
"us-co",110.538636656501
"us-fl",105.665645136468
"us-ga",66.663945586726
"us-ia",56.0681385822449
"us-il",83.0807847179179
"us-in",140.083029907304
"us-ks",156.858183620898
"us-ky",212.091875573645
"us-la",183.729325438423
"us-ma",60.0735907030217
"us-md",45.0012835276422
"us-mi",70.7906756601982
"us-mn",33.8919069268581
"us-mo",78.2281040975506
"us-ms",147.290995592599
"us-mt",169.024880122568
"us-nc",101.186003475084
"us-nj",47.6010377587138
"us-nm",261.200190429699
"us-ny",106.082510813202
"us-oh",86.5036453134853
"us-ok",202.515252403086
"us-pa",60.9994998386293
"us-sc",63.6406925859756
"us-tn",95.4314996198982
"us-tx",243.722777519725
"us-va",132.201366401038
"us-wa",119.90777460017
"us-wi",26.9408596075648
"us-wv",195.825645421217
