"JS_KEY","NAME_REGIONALITY"
"us-al",0.989008372176764
"us-ar",1.49370040968382
"us-az",3.72594142898608
"us-ca",2.39921264528657
"us-co",1.81028336288664
"us-ct",1.12018742350864
"us-fl",1.21086964639467
"us-ga",0.506823929386382
"us-ia",0.583055997868812
"us-il",0.749535270736241
"us-in",1.7948584304539
"us-ks",0.754900588896149
"us-ky",1.66671422594732
"us-la",1.68211008378525
"us-ma",0.675332362040409
"us-md",0.356982805293962
"us-me",0.868789850845923
"us-mi",0.731026020504459
"us-mn",0.466496964760311
"us-mo",1.21944378478374
"us-ms",1.44150931236162
"us-nc",1.19233411148757
"us-ne",0.679525015630142
"us-nj",0.745442594571484
"us-nm",3.09759597649492
"us-ny",0.935562234253462
"us-oh",0.895642930279191
"us-ok",1.41973225918012
"us-or",0.892457013234905
"us-pa",0.44995834830777
"us-sc",0.818270865812467
"us-tn",1.17957183767067
"us-tx",2.34256081663964
"us-va",0.898237175237722
"us-wa",1.22281692746543
"us-wi",0.451083979427483
"us-wv",0.653289043485947
