"JS_KEY","NAME_REGIONALITY"
"us-ak",66.2841966238775
"us-al",84.746362066992
"us-ar",85.1075420868178
"us-az",93.2673911038334
"us-ca",212.287018274297
"us-co",61.7568340536148
"us-ct",56.3753167212449
"us-dc",83.5291658847972
"us-de",114.290502344515
"us-fl",123.771500976265
"us-ga",96.12559803732
"us-hi",138.042003252248
"us-ia",34.3278880298745
"us-id",77.7423980912516
"us-il",105.284343143469
"us-in",53.7867805097699
"us-ks",67.7331496985267
"us-ky",49.5359985530373
"us-la",112.485628090455
"us-ma",65.2600012027034
"us-md",73.5236356334803
"us-me",39.9187573916962
"us-mi",69.6268455137568
"us-mn",53.9118527714302
"us-mo",62.8584453182205
"us-ms",80.1576331265496
"us-mt",58.9946302432465
"us-nc",54.9652341439197
"us-ne",37.0929128588965
"us-nj",83.1007278849019
"us-nm",108.00391936333
"us-ny",125.753916823139
"us-oh",71.0330525649682
"us-ok",87.8618374476537
"us-or",97.4364528456994
"us-pa",77.249712818925
"us-ri",199.469870638418
"us-sc",74.6065577057462
"us-tn",97.3537089297819
"us-tx",160.587626799617
"us-ut",80.4048010528012
"us-va",78.6989176771499
"us-wa",58.6722855843574
"us-wi",52.5626127127821
"us-wv",32.8392981646582
"us-wy",80.4587350486777
