"JS_KEY","NAME_REGIONALITY"
"us-al",63.7546906984975
"us-ar",105.122349381143
"us-az",106.648512353272
"us-ca",182.378450786843
"us-co",40.9290073115393
"us-ct",46.8434573855613
"us-dc",292.452337548897
"us-de",152.786664880979
"us-fl",103.841597965
"us-ga",100.644661653422
"us-hi",166.149286095723
"us-ia",99.0097073855418
"us-il",77.3747671181261
"us-in",82.2464974733746
"us-ks",70.1885610117352
"us-ky",85.4342930476628
"us-la",57.0700690048091
"us-ma",54.3743435395465
"us-md",50.4759633977674
"us-mi",65.2472829960366
"us-mn",69.7869683576513
"us-mo",52.3996044026062
"us-ms",65.7077286269937
"us-nc",63.9596281607267
"us-nj",68.6447593194654
"us-nm",99.3484764185555
"us-nv",90.1883422514695
"us-ny",124.564383827112
"us-oh",68.7877371114358
"us-ok",82.3651970069034
"us-or",97.5988771764069
"us-pa",92.0154915702626
"us-sc",136.083396534839
"us-tn",68.6410801712336
"us-tx",183.251459796913
"us-va",60.1969081716097
"us-wa",71.1192380638245
"us-wi",77.1922648689868
