"JS_KEY","NAME_REGIONALITY"
"us-al",90.508321609689
"us-ar",92.986865691233
"us-az",109.722405507645
"us-ca",166.983422000266
"us-co",139.090906301962
"us-ct",63.1942702148182
"us-fl",93.4585097590185
"us-ga",91.2682811575324
"us-ia",72.8205481559862
"us-il",68.3612861104609
"us-in",90.2677150367117
"us-ky",86.3352787089531
"us-la",99.73548456568
"us-ma",31.6603835906095
"us-md",39.9145687975827
"us-mi",75.9319397958723
"us-mn",93.0630220103904
"us-mo",85.3381180133226
"us-ms",130.698747737048
"us-nc",107.906638558511
"us-nj",72.8968048203038
"us-nv",88.5730891330891
"us-ny",124.847079551967
"us-oh",58.0338464718293
"us-ok",135.712054332513
"us-pa",124.858018405799
"us-sc",146.527741419218
"us-tn",47.1283862578957
"us-tx",154.765598731518
"us-va",105.307390884563
"us-wa",94.6293687319328
"us-wi",82.3893908523864
"us-wv",155.189132942437
