"JS_KEY","NAME_REGIONALITY"
"us-al",1.05191811633657
"us-az",1.56946054295532
"us-ca",1.35583370249348
"us-fl",0.679162728781522
"us-ga",0.883086470716058
"us-il",1.22203745060095
"us-in",1.09368402492611
"us-ky",0.985407486684671
"us-ma",0.75299415066432
"us-md",0.932645511019665
"us-mi",0.985079673149513
"us-mn",1.34789166315218
"us-nc",0.92411219156995
"us-nj",0.953479411547575
"us-ny",1.13335267672874
"us-oh",2.07086800316417
"us-ok",1.1785669641741
"us-or",1.49931620125946
"us-pa",2.38989758792843
"us-tn",1.56786247703235
"us-tx",1.40027395090145
"us-va",0.548234112008783
"us-wi",0.871567181011755
