"JS_KEY","NAME_REGIONALITY"
"us-al",0.952639550557786
"us-az",3.2292602627451
"us-ca",1.62502366933125
"us-co",2.77947020468527
"us-ct",0.740364534034895
"us-fl",0.859250152360273
"us-ga",0.940778376599333
"us-il",1.01992881572582
"us-in",1.05993219746042
"us-ks",1.92121485806702
"us-ma",0.698142703980202
"us-mi",0.657515831826605
"us-mn",1.29614962656556
"us-mo",1.15521152950619
"us-mt",6.52907240388976
"us-ne",4.21469412570231
"us-nj",0.46279838144951
"us-ny",0.605312556900476
"us-oh",0.698655667025008
"us-ok",1.74337129254435
"us-or",6.29336581891179
"us-pa",0.761649043970013
"us-sc",0.85324376283029
"us-tx",0.51257973811457
"us-ut",12.468572780249
"us-va",0.667971443899059
"us-wa",3.66493363292807
"us-wi",2.46760813707612
