"JS_KEY","NAME_REGIONALITY"
"us-ak",80.2977195860829
"us-al",139.035160956396
"us-ar",110.353469041335
"us-az",58.4899824220236
"us-ca",76.7321624517634
"us-co",92.8541016564032
"us-ct",143.057115888723
"us-dc",62.6451725222392
"us-de",78.2407392253583
"us-fl",111.737817794199
"us-ga",111.573067952022
"us-hi",184.672607132773
"us-ia",80.8044527679368
"us-id",105.486167745215
"us-il",96.9787939170744
"us-in",134.754794701678
"us-ks",54.6465099736733
"us-ky",121.946646668095
"us-la",167.892381771936
"us-ma",138.09147532255
"us-md",113.217538341516
"us-me",61.1749991554391
"us-mi",118.196013806235
"us-mn",65.7052348721308
"us-mo",95.4839515298284
"us-ms",195.282579553422
"us-nc",110.190486765647
"us-nd",142.728551084201
"us-ne",63.5575306231195
"us-nh",76.2690367477434
"us-nj",127.315742996196
"us-nm",121.69589962217
"us-nv",36.2060190760087
"us-ny",110.220896647935
"us-oh",101.684917717258
"us-ok",116.461789996367
"us-or",58.0644698047224
"us-pa",137.722793637096
"us-sc",158.530640668524
"us-sd",148.843969629165
"us-tn",77.1370297378533
"us-tx",74.0445891441312
"us-ut",69.0464462842002
"us-va",102.098594428359
"us-wa",72.9542027912125
"us-wi",95.5620654191316
"us-wv",135.00176212648
