"JS_KEY","NAME_REGIONALITY"
"us-al",0.152338048251931
"us-ar",0.166164196392156
"us-ca",1.81465109479441
"us-co",1.68472032453158
"us-ct",0.889176660688399
"us-dc",0.496760423316832
"us-fl",0.217312458799513
"us-ga",0.136963508214844
"us-ia",3.69904533829825
"us-id",3.79736320748207
"us-il",1.15952626539099
"us-in",1.82494909714792
"us-ks",1.67652615952899
"us-ky",0.243307530457515
"us-la",0.218794847341764
"us-ma",0.901613958395169
"us-md",0.505324220228523
"us-me",2.84472241672852
"us-mi",2.21835696055693
"us-mn",2.97255779070115
"us-mo",0.967436422192376
"us-ms",0.137905880569382
"us-mt",1.93303511159406
"us-nc",0.170763666067045
"us-nd",2.22105451024388
"us-ne",3.00711187353608
"us-nh",2.19870279642257
"us-nj",0.526667596882816
"us-nm",0.880476006712205
"us-ny",0.934154059230479
"us-oh",1.67215303679711
"us-ok",0.776687197834973
"us-or",2.9685495677759
"us-pa",0.722892275057856
"us-ri",0.433284136070469
"us-sc",0.156632316915285
"us-sd",2.88393046908288
"us-tn",0.272921773624665
"us-tx",0.411195724952047
"us-ut",1.44404599245564
"us-va",0.0988259450452921
"us-vt",2.21915891487668
"us-wa",2.56656611940358
"us-wi",1.8515152598291
"us-wv",0.634365252276838
"us-wy",2.132440520366
