"JS_KEY","NAME_REGIONALITY"
"us-ak",195.137472791843
"us-al",16.8397164438728
"us-ar",31.665309986506
"us-az",86.1805873528645
"us-ca",145.060675701331
"us-co",142.599075891437
"us-ct",68.8945637839787
"us-dc",83.4978092770169
"us-de",32.6589912622332
"us-fl",45.7841208825512
"us-ga",15.9017731029442
"us-hi",30.6900350393463
"us-ia",316.544665367607
"us-id",174.146589264434
"us-il",109.503165439633
"us-in",148.108703449425
"us-ks",162.666697421864
"us-ky",24.2062248197661
"us-la",18.016154441255
"us-ma",84.2788729940975
"us-md",59.3629114039367
"us-me",231.617178387945
"us-mi",216.623197548713
"us-mn",323.614126865325
"us-mo",97.3103902271769
"us-ms",10.6598892585102
"us-mt",212.478148101805
"us-nc",18.9955004728067
"us-nd",265.632161915598
"us-ne",295.561060338764
"us-nh",142.582884100832
"us-nj",47.7400545056497
"us-nm",41.7183266257281
"us-nv",142.287740577386
"us-ny",84.8552059363384
"us-oh",141.20832401301
"us-ok",68.7048164018226
"us-or",273.344319864061
"us-pa",72.0616193345332
"us-ri",61.7553258415807
"us-sc",10.9113955676715
"us-sd",313.197309774046
"us-tn",21.5418319452493
"us-tx",29.164329236919
"us-ut",102.05069248478
"us-va",19.0536708370221
"us-vt",230.386626672778
"us-wa",211.720180576914
"us-wi",207.927766311673
"us-wv",77.5758441966989
"us-wy",85.6179039671707
