"JS_KEY","NAME_REGIONALITY"
"us-al",19.286107071051
"us-ar",28.1831038842774
"us-az",44.6923703619433
"us-ca",128.478597297117
"us-co",133.414517776496
"us-ct",88.0171758640504
"us-dc",53.6598297463429
"us-de",76.7222834637942
"us-fl",40.9058868194459
"us-ga",19.457427446582
"us-hi",33.859782421716
"us-ia",263.817595282372
"us-id",202.260807766845
"us-il",129.09275614727
"us-in",139.476178263114
"us-ks",159.519930394281
"us-ky",31.7439051083995
"us-la",29.9873982323005
"us-ma",91.1800151467545
"us-md",61.386715345203
"us-me",175.698029454005
"us-mi",176.945754562189
"us-mn",293.366118009638
"us-mo",109.89090858631
"us-ms",13.2038361551253
"us-mt",189.22571933494
"us-nc",24.2403973327232
"us-nd",268.037739272955
"us-ne",257.91787757225
"us-nh",128.384008473551
"us-nj",52.3133913525754
"us-nm",41.4972941927474
"us-nv",165.259499468797
"us-ny",91.4309671948686
"us-oh",139.83895834366
"us-ok",74.7448562540356
"us-or",226.56524971728
"us-pa",76.9663711882788
"us-ri",69.2843994095353
"us-sc",11.4413592060748
"us-sd",291.565807107969
"us-tn",21.0172538131927
"us-tx",33.4338866691137
"us-ut",113.584037298481
"us-va",19.8219741361851
"us-vt",148.021266734622
"us-wa",210.126245164344
"us-wi",246.334550767264
"us-wv",78.4070648411787
"us-wy",164.122161681704
