"JS_KEY","NAME_REGIONALITY"
"us-ak",0.491836019621584
"us-al",0.40011097416161
"us-ar",0.561540099286047
"us-az",0.518549158067484
"us-ca",1.14850776516897
"us-co",1.17594894706758
"us-ct",0.939850776064691
"us-dc",0.877840124886252
"us-de",1.2415123830784
"us-fl",0.519022935279058
"us-ga",0.344091393983774
"us-hi",0.683753076251175
"us-ia",1.58787119642624
"us-id",1.15602483244389
"us-il",1.37972452602791
"us-in",1.4599736235555
"us-ks",1.52203689078013
"us-ky",0.901327304371512
"us-la",0.593970478164279
"us-ma",0.944511976322238
"us-md",0.888120986227908
"us-me",1.22629503329053
"us-mi",1.35136364725124
"us-mn",1.55000016865446
"us-mo",1.43004515015756
"us-ms",0.185177455449343
"us-mt",1.36989512864019
"us-nc",0.467553080584399
"us-nd",1.6789303219377
"us-ne",1.77709636359157
"us-nh",1.22192905186359
"us-nj",0.774316683526151
"us-nm",0.598950942225196
"us-nv",1.16127949077318
"us-ny",0.896569468890219
"us-oh",1.22397332285979
"us-ok",1.23852735869656
"us-or",1.32524652145711
"us-pa",1.03732011229174
"us-ri",0.764152007886641
"us-sc",0.234449278853871
"us-sd",2.03975081746115
"us-tn",0.456197566420535
"us-tx",0.690528762568318
"us-ut",0.82517338840166
"us-va",0.508198470372204
"us-vt",1.20459354273244
"us-wa",1.36026187904673
"us-wi",1.70566225893716
"us-wv",1.04842618440105
"us-wy",1.24763434746775
