"JS_KEY","NAME_REGIONALITY"
"us-ak",66.3403386323882
"us-al",61.9629515079295
"us-ar",100.213699469129
"us-az",69.8051182230199
"us-ca",94.0778657441792
"us-co",122.744558898008
"us-ct",94.9339450667814
"us-dc",77.1739894762345
"us-de",73.6086726962742
"us-fl",87.1328488969642
"us-ga",61.5252979578236
"us-hi",77.9860684387889
"us-ia",130.593696226646
"us-id",105.057330508264
"us-il",113.136129114867
"us-in",119.984640286609
"us-ks",140.370879749648
"us-ky",138.145407736671
"us-la",87.6488710835639
"us-ma",88.6691066614506
"us-md",95.6760657113574
"us-me",133.018394547028
"us-mi",108.261700621883
"us-mn",136.254761960956
"us-mo",140.831887672979
"us-ms",39.9631432494405
"us-mt",131.014482145772
"us-nc",72.2959904437396
"us-nd",197.394267752279
"us-ne",149.322663538971
"us-nh",140.640327672565
"us-nj",80.7891006044734
"us-nm",68.1332518285503
"us-nv",51.6290579846842
"us-ny",80.6153252088237
"us-oh",106.22934459707
"us-ok",162.513336961125
"us-or",109.688977262847
"us-pa",98.1353729907983
"us-ri",97.460733763285
"us-sc",45.1065675743618
"us-sd",153.461252024676
"us-tn",79.9219531514229
"us-tx",95.864095867335
"us-ut",52.4343830344453
"us-va",86.5412520282428
"us-vt",102.714478037927
"us-wa",107.588226647252
"us-wi",130.422542823532
"us-wv",107.21147776658
"us-wy",115.316218327633
