"JS_KEY","NAME_REGIONALITY"
"us-ak",1.18425908496111
"us-al",1.19115857358819
"us-ar",1.1597717967522
"us-az",1.04597040061866
"us-ca",0.974523226904577
"us-co",0.984016555077831
"us-ct",0.817160659630353
"us-dc",0.873712397769031
"us-de",1.07446809790935
"us-fl",1.02592140343215
"us-ga",0.941554211305665
"us-hi",0.685872588503375
"us-ia",1.0244220130563
"us-id",1.23750672176551
"us-il",0.985990176745168
"us-in",1.1185347405552
"us-ks",1.26046082846062
"us-ky",1.13239550522112
"us-la",1.54339157198938
"us-ma",0.79124891388514
"us-md",1.00302190251399
"us-me",1.03758337216022
"us-mi",1.07245148828334
"us-mn",0.835020868733608
"us-mo",1.13728075975234
"us-ms",0.987924939420664
"us-mt",1.30719387641278
"us-nc",1.27025927630858
"us-nd",0.990880444681143
"us-ne",1.2120601264646
"us-nh",1.34770216970101
"us-nj",0.759984030193912
"us-nm",0.845898486506673
"us-nv",1.20400299435158
"us-ny",0.758593166878784
"us-oh",1.08003667664258
"us-ok",1.17530926339289
"us-or",1.21947000386707
"us-pa",0.953012679937764
"us-ri",0.953260159997279
"us-sc",1.00447565468612
"us-sd",1.09873213773088
"us-tn",1.08462129954105
"us-tx",0.989155956522207
"us-ut",0.681036260099136
"us-va",1.03225398427557
"us-vt",0.72904075205385
"us-wa",1.16665052770807
"us-wi",0.820712975554187
"us-wv",1.2182366670304
"us-wy",1.17456101665216
