"JS_KEY","NAME_REGIONALITY"
"us-ak",111.83402038558
"us-al",119.103870963726
"us-ar",116.907531918605
"us-az",85.8582748041625
"us-ca",91.5828886262721
"us-co",104.211778929941
"us-ct",83.7180092064932
"us-dc",95.0913745333416
"us-de",104.427896264926
"us-fl",109.26424735423
"us-ga",104.717850523622
"us-hi",73.0334912962629
"us-ia",87.832466974676
"us-id",112.802714110545
"us-il",101.163004255199
"us-in",115.997356455923
"us-ks",97.8363821479289
"us-ky",132.696863785179
"us-la",138.382861724363
"us-ma",73.4501248200406
"us-md",99.4492786458936
"us-me",115.845063106233
"us-mi",107.509509846611
"us-mn",76.8757995351215
"us-mo",112.251127462706
"us-ms",107.163088533968
"us-mt",124.989467152212
"us-nc",115.657025015346
"us-nd",91.5104160024486
"us-ne",87.783351796977
"us-nh",108.477233043833
"us-nj",75.0205945771823
"us-nm",72.1024611324192
"us-nv",112.752197892851
"us-ny",76.0247896296897
"us-oh",126.782629144553
"us-ok",138.696652206552
"us-or",104.721806491912
"us-pa",105.286280420468
"us-ri",76.2032862877533
"us-sc",109.542033739336
"us-sd",91.3827700629943
"us-tn",97.6305857957245
"us-tx",92.8611208430775
"us-ut",63.4265074652678
"us-va",107.368495264215
"us-vt",96.2546677777285
"us-wa",113.550940715879
"us-wi",81.3837952529877
"us-wv",136.434454469175
"us-wy",121.917557193544
