"JS_KEY","NAME_REGIONALITY"
"us-al",95.5495523165228
"us-ar",134.899951895211
"us-az",80.0199685382051
"us-ca",50.2786608191325
"us-co",63.9032603409008
"us-ct",45.6783388513115
"us-dc",205.838809684427
"us-de",110.923925586579
"us-fl",127.352232101179
"us-ga",129.742983116374
"us-ia",95.6031750004785
"us-il",99.0168663949657
"us-in",150.874517886274
"us-ks",63.0042695740886
"us-ky",206.813830319009
"us-la",288.88962821177
"us-ma",61.8540547070774
"us-md",128.99240837224
"us-me",146.882410422192
"us-mi",141.432600074158
"us-mn",92.0659433132945
"us-mo",155.351966178177
"us-ms",185.81781694978
"us-nc",110.005407780736
"us-ne",86.5769503772816
"us-nh",67.4650288057966
"us-nj",102.103444281892
"us-nm",62.6492814610813
"us-nv",140.045972499538
"us-ny",72.4377450959216
"us-oh",139.155311217491
"us-ok",127.544565569293
"us-or",83.2187084959702
"us-pa",120.422491057708
"us-ri",127.958671301661
"us-sc",130.590469019138
"us-tn",131.06601138931
"us-tx",86.642734856055
"us-ut",54.5487512710362
"us-va",101.745890695525
"us-wa",70.3186703239768
"us-wi",73.7644105150751
"us-wv",201.322988364995
