"JS_KEY","NAME_REGIONALITY"
"us-al",8.33676751579887
"us-az",42.0845835013401
"us-ca",33.7608552817393
"us-co",41.3592282514739
"us-ct",302.228943712256
"us-dc",44.3989021186087
"us-de",76.552184406024
"us-fl",22.7642738199926
"us-hi",62.9448580494486
"us-ia",33.2622039419441
"us-il",96.8058411575707
"us-in",41.8991726863506
"us-ks",18.819999059849
"us-ky",10.3430517921629
"us-la",27.7131717782627
"us-ma",142.718979454497
"us-md",43.0588287287501
"us-me",60.4601181264464
"us-mi",66.9196565265782
"us-mn",58.0446816378852
"us-mo",30.0256602588776
"us-ms",8.4089586951937
"us-mt",32.4141237514484
"us-nd",53.3378529021268
"us-ne",41.3312622131922
"us-nh",82.4818413128841
"us-nj",290.60439449895
"us-ny",236.963025279076
"us-oh",87.2434591274633
"us-ok",11.3378013908709
"us-or",31.1458668558556
"us-pa",220.992352313527
"us-ri",168.87914764134
"us-sd",22.7788496925296
"us-tx",10.0893876787043
"us-va",5.71885290446884
"us-vt",85.0535891825194
"us-wa",30.1203679471492
"us-wi",63.968566922037
"us-wv",46.7961869743051
