"JS_KEY","NAME_REGIONALITY"
"us-al",19.9996860630715
"us-ar",9.03406657742147
"us-az",63.9376697681386
"us-ca",49.5257974695966
"us-co",45.5340045768055
"us-ct",263.024246640606
"us-dc",40.409183795417
"us-de",110.743006401494
"us-fl",24.2774332664237
"us-ga",6.5982145521019
"us-hi",77.2278908400296
"us-ia",32.858790993226
"us-il",88.8988223373472
"us-in",40.089303215697
"us-ks",22.9917930244815
"us-ky",12.163540184609
"us-la",40.5759158625709
"us-ma",144.031263445202
"us-md",53.7557489131845
"us-me",32.3291689111666
"us-mi",64.1466595365109
"us-mn",47.0765572626509
"us-mo",20.5491034947607
"us-ms",8.28847648850086
"us-mt",69.3585756238524
"us-nc",5.67138028591509
"us-nd",67.2058870541492
"us-ne",18.9523183943353
"us-nh",115.879277060387
"us-nj",307.853367965628
"us-ny",273.027137348953
"us-oh",78.5456063687712
"us-ok",18.635385558046
"us-or",20.7237064376658
"us-pa",244.313787546738
"us-ri",161.687089304778
"us-sc",8.99756529832078
"us-sd",39.3044722959739
"us-tn",8.54890723316354
"us-tx",28.5272780966321
"us-va",11.1037651767363
"us-vt",90.6524609923735
"us-wa",39.560620196527
"us-wi",61.6545857908832
"us-wv",34.919320248749
