"JS_KEY","NAME_REGIONALITY"
"us-ak",222.184868775494
"us-al",30.2464204996183
"us-ar",26.9615802476394
"us-az",90.2692092931838
"us-ca",175.866733955358
"us-co",73.4574850835
"us-ct",127.712244116424
"us-dc",158.309436527843
"us-de",74.6654748529372
"us-fl",63.9088643173695
"us-ga",31.7074914489983
"us-hi",109.914286300042
"us-ia",107.101121011785
"us-id",126.488819368224
"us-il",127.552763454093
"us-in",115.539425830993
"us-ks",86.8108528104763
"us-ky",47.8331547844529
"us-la",57.3888690938808
"us-ma",100.90681806502
"us-md",72.1777172232905
"us-me",93.2106818082228
"us-mi",135.307709034217
"us-mn",129.103474433385
"us-mo",77.1800853918158
"us-ms",13.4911360052205
"us-mt",93.8716414582482
"us-nc",28.7763955342903
"us-nd",70.0934888048467
"us-ne",71.1458109989772
"us-nh",67.6348727240069
"us-nj",129.357805612413
"us-nm",41.8207757198999
"us-nv",170.312343194972
"us-ny",184.461325075038
"us-oh",95.6269503176268
"us-ok",67.7623753685159
"us-or",163.882805851982
"us-pa",98.2132945003096
"us-ri",127.224247657079
"us-sc",24.4815474680644
"us-sd",77.8417512734259
"us-tn",21.7679087931098
"us-tx",64.7468542616507
"us-ut",179.848585465381
"us-va",27.0606685092251
"us-vt",100.960093896714
"us-wa",203.031872464561
"us-wi",119.106971682524
"us-wv",47.401636462834
"us-wy",77.4280603308541
