"JS_KEY","NAME_REGIONALITY"
"us-ak",107.232154668093
"us-al",86.9522010536771
"us-ar",80.2288835516398
"us-az",92.8925545986775
"us-ca",115.501616288464
"us-co",96.790790984169
"us-ct",92.7738612863345
"us-dc",110.324144847736
"us-de",89.0855637745887
"us-fl",95.4955462546392
"us-ga",90.0368829916669
"us-hi",116.525753747494
"us-ia",99.3960192322172
"us-id",97.9719111665178
"us-il",112.847173648439
"us-in",107.833179507169
"us-ks",107.201565790091
"us-ky",90.490012707781
"us-la",92.6427706989584
"us-ma",101.352092115364
"us-md",105.87737532014
"us-me",109.281684903534
"us-mi",106.217656627379
"us-mn",99.7015213065903
"us-mo",102.857437409485
"us-ms",65.8206615788552
"us-mt",96.600602953339
"us-nc",86.9948081928136
"us-nd",73.6153844674235
"us-ne",115.125795220432
"us-nh",116.468903579847
"us-nj",93.2785548876221
"us-nm",105.619302413034
"us-nv",115.558834990021
"us-ny",105.749080846963
"us-oh",98.2871528541152
"us-ok",103.184502508406
"us-or",108.974673327172
"us-pa",91.4648235769001
"us-ri",108.476984331607
"us-sc",71.8961328309591
"us-sd",100.457963622434
"us-tn",95.9623854391124
"us-tx",88.1828968388865
"us-ut",107.734527007265
"us-va",96.2332649068778
"us-vt",113.839454435865
"us-wa",107.783219501811
"us-wi",107.494909534945
"us-wv",82.9834355676927
"us-wy",101.510856969438
