"JS_KEY","NAME_REGIONALITY"
"us-ak",94.247402765954
"us-al",90.0801080469921
"us-ar",79.6132405500277
"us-az",94.771748921801
"us-ca",112.041087629173
"us-co",102.3195271213
"us-ct",100.197916299108
"us-dc",112.886378193141
"us-de",88.1882192836837
"us-fl",93.8858863949819
"us-ga",84.7163286446926
"us-hi",121.389859985038
"us-ia",105.761375169874
"us-id",104.601816950148
"us-il",113.390157599669
"us-in",101.073076138229
"us-ks",105.160993985245
"us-ky",86.5949036795882
"us-la",96.5032590195608
"us-ma",101.843161735828
"us-md",111.045299967046
"us-me",103.427349380668
"us-mi",106.071149541033
"us-mn",99.7220954320698
"us-mo",100.328688957107
"us-ms",68.7029110319598
"us-mt",97.8873641746049
"us-nc",88.8673378429482
"us-nd",73.6240599980584
"us-ne",105.704045217123
"us-nh",113.079296765942
"us-nj",96.7366667394402
"us-nm",104.425531816806
"us-nv",117.152900225702
"us-ny",106.504217547616
"us-oh",97.0370119862295
"us-ok",100.245157767704
"us-or",93.4136329674415
"us-pa",90.1580201049338
"us-ri",105.310768756521
"us-sc",77.855984560002
"us-sd",102.050283122153
"us-tn",95.4774618989351
"us-tx",90.4623822800033
"us-ut",109.793368941928
"us-va",97.5565732631006
"us-vt",103.415605099193
"us-wa",113.829730991257
"us-wi",107.547433222362
"us-wv",89.3991834885154
"us-wy",107.369688436458
