"JS_KEY","NAME_REGIONALITY"
"us-ak",88.6744982771209
"us-al",88.7587949903657
"us-ar",90.1820907829084
"us-az",90.3407984478941
"us-ca",108.46676034853
"us-co",104.57965594772
"us-ct",104.270926768055
"us-dc",112.643652542003
"us-de",86.9928419468225
"us-fl",96.1498759598287
"us-ga",91.7603518946293
"us-hi",103.427008162058
"us-ia",98.2169335726877
"us-id",85.0817603988572
"us-il",107.200397345658
"us-in",95.7566185832262
"us-ks",101.448306634016
"us-ky",86.956183111011
"us-la",103.595445839127
"us-ma",107.56768815451
"us-md",102.39553908939
"us-me",105.106663966539
"us-mi",100.699177736457
"us-mn",94.9225022651434
"us-mo",99.058835328392
"us-ms",81.0073577787432
"us-mt",94.7232737783712
"us-nc",93.5616988175222
"us-nd",88.0484435879876
"us-ne",109.204834334964
"us-nh",105.583963941552
"us-nj",108.735345228582
"us-nm",92.527514594447
"us-nv",115.387671286996
"us-ny",110.478635573751
"us-oh",96.006867879291
"us-ok",91.1885522520729
"us-or",101.055557252747
"us-pa",96.9777905216406
"us-ri",116.305880266397
"us-sc",83.1892152591776
"us-sd",85.1147125587139
"us-tn",92.3711102824126
"us-tx",87.3625637826512
"us-ut",111.393227164445
"us-va",95.5362010782464
"us-vt",107.962524763968
"us-wa",101.171328053067
"us-wi",99.7218125715238
"us-wv",89.5219277279214
"us-wy",97.5157047345069
