"JS_KEY","NAME_REGIONALITY"
"us-ak",97.4062742228088
"us-al",82.5874419926563
"us-ar",87.4395944295171
"us-az",98.9878347631447
"us-ca",109.865458906911
"us-co",100.45883888321
"us-ct",106.188219084138
"us-dc",104.982199165897
"us-de",98.3999014459412
"us-fl",95.0354368221621
"us-ga",85.8754092292051
"us-hi",113.873519618403
"us-ia",102.638011381801
"us-id",108.04681470022
"us-il",108.906080857803
"us-in",95.4111921289636
"us-ks",102.448473151915
"us-ky",78.7478277810763
"us-la",89.9924427055698
"us-ma",107.723211634838
"us-md",98.1703910171452
"us-me",98.0907272897985
"us-mi",99.5493638022811
"us-mn",100.556303472526
"us-mo",98.380314105496
"us-ms",84.2401364193925
"us-mt",106.862168733601
"us-nc",86.2904466869393
"us-nd",94.0254763625333
"us-ne",107.984806221906
"us-nh",103.654322581845
"us-nj",109.159351961885
"us-nm",91.6181747009991
"us-nv",121.19457357577
"us-ny",113.227497072974
"us-oh",97.9845143401175
"us-ok",98.2742757247713
"us-or",100.566560431192
"us-pa",98.2759549848282
"us-ri",125.518489700352
"us-sc",77.8516395179207
"us-sd",104.706947785388
"us-tn",88.3070591554416
"us-tx",88.3711369792952
"us-ut",118.070609337994
"us-va",92.0417734066158
"us-vt",112.363341082652
"us-wa",96.6111083139172
"us-wi",99.468986277511
"us-wv",84.6558806809608
"us-wy",92.1362255254393
