"JS_KEY","NAME_REGIONALITY"
"us-ak",1.06108112342789
"us-al",0.990995041560484
"us-ar",1.06782666011098
"us-az",1.00908782381053
"us-ca",0.993182202952737
"us-co",1.00841014747339
"us-ct",1.11237291627408
"us-dc",1.12922073813102
"us-de",0.969088133464258
"us-fl",1.02243365969591
"us-ga",0.998410079888357
"us-hi",0.890526563322911
"us-ia",0.837882372599196
"us-id",0.95487990657003
"us-il",1.07008597035796
"us-in",0.969314330869126
"us-ks",0.995534397773093
"us-ky",0.893672393617967
"us-la",0.900588665883471
"us-ma",1.13420310411087
"us-md",1.05060696327437
"us-me",0.825054157663574
"us-mi",0.981584884077043
"us-mn",0.896482314387613
"us-mo",0.920259540928308
"us-ms",0.898121099732736
"us-mt",1.02631505109563
"us-nc",0.954744627034953
"us-nd",1.0334120519562
"us-ne",0.950589442682552
"us-nh",0.823541175304706
"us-nj",1.14543299066273
"us-nm",1.00146595873342
"us-nv",1.09180361537649
"us-ny",1.10142620509114
"us-oh",1.01173441978907
"us-ok",1.05600599084307
"us-or",0.871453091784108
"us-pa",1.07333955848907
"us-ri",1.09442754943611
"us-sc",0.934556076670423
"us-sd",0.933638135685952
"us-tn",0.942575144965536
"us-tx",0.972130259471972
"us-ut",0.793821644417493
"us-va",0.947043436766123
"us-vt",0.74648417131278
"us-wa",0.901493010600083
"us-wi",0.935690375969751
"us-wv",0.821480437545323
"us-wy",1.03379259844757
