"JS_KEY","NAME_REGIONALITY"
"us-ak",1.05280829704171
"us-al",0.794357904337174
"us-ar",0.834397739336805
"us-az",1.03890614509749
"us-ca",0.985643518904099
"us-co",0.907089932460497
"us-ct",1.22715316412959
"us-dc",1.0639441798093
"us-de",1.19242893880739
"us-fl",1.05768271364253
"us-ga",0.87174704532481
"us-hi",0.898811519278657
"us-ia",0.797446853954495
"us-id",0.915729465060254
"us-il",1.14355996072548
"us-in",0.858282450325312
"us-ks",0.813136741591731
"us-ky",0.812036170706268
"us-la",0.843124111224813
"us-ma",1.15971513786377
"us-md",1.08523904630749
"us-me",0.87565900753366
"us-mi",1.00659259440996
"us-mn",0.900499311448709
"us-mo",0.923236426505254
"us-ms",0.78872037948885
"us-mt",0.840459434099356
"us-nc",0.896605797982251
"us-nd",0.906786642639192
"us-ne",0.748870859937116
"us-nh",0.9266725956766
"us-nj",1.37272353325501
"us-nm",0.9166535726115
"us-nv",0.978889754013344
"us-ny",1.27495803574284
"us-oh",0.954324138982176
"us-ok",0.864185643880191
"us-or",0.992552046361578
"us-pa",1.11041891993172
"us-ri",1.30649864398909
"us-sc",0.830932761808392
"us-sd",0.826125250643799
"us-tn",0.861841481681524
"us-tx",0.903914310655152
"us-ut",0.843554891639195
"us-va",0.884237554638398
"us-vt",0.980731824222318
"us-wa",0.942789228603367
"us-wi",0.876517952038396
"us-wv",0.788235786241696
"us-wy",0.998795345735719
