"JS_KEY","NAME_REGIONALITY"
"us-ak",0.934783165726259
"us-al",0.922184499982479
"us-ar",0.952070027374644
"us-az",0.972485673180327
"us-ca",0.857687357227627
"us-co",0.916177476640173
"us-ct",1.20295022054357
"us-dc",1.06953291180287
"us-de",1.01295639896569
"us-fl",1.11488768747917
"us-ga",0.98527005587622
"us-hi",0.951246696376128
"us-ia",0.826235720337757
"us-id",0.98675339869758
"us-il",1.12010700709672
"us-in",0.973247095210434
"us-ks",0.859633653085026
"us-ky",0.881540794360465
"us-la",1.01398439345548
"us-ma",1.15911523292422
"us-md",1.10485091924814
"us-me",0.764777066228792
"us-mi",1.013628618275
"us-mn",0.898882104036088
"us-mo",0.860648116794722
"us-ms",1.02219955782533
"us-mt",1.07790164240464
"us-nc",0.928046981933719
"us-nd",0.991221478500356
"us-ne",0.833221786722361
"us-nh",0.98681919820889
"us-nj",1.32222828801772
"us-nm",1.07107878079647
"us-nv",1.04710387171713
"us-ny",1.19882860792311
"us-oh",1.00063654963899
"us-ok",1.0081214740567
"us-or",0.829927924896882
"us-pa",1.1318452393994
"us-ri",1.0907443079329
"us-sc",0.946987877151949
"us-sd",0.951184380837552
"us-tn",0.889100865828207
"us-tx",0.881020901998412
"us-ut",0.823618045838761
"us-va",0.981205536272947
"us-vt",0.835091550326979
"us-wa",0.872685265644368
"us-wi",0.907542509828758
"us-wv",0.903289054240608
"us-wy",1.07615451644966
