"JS_KEY","NAME_REGIONALITY"
"us-ak",111.016820509088
"us-al",103.056627488374
"us-ar",99.0836230296268
"us-az",106.092181624387
"us-ca",84.8628589274126
"us-co",93.2967044454347
"us-ct",118.251011751926
"us-dc",110.535705036843
"us-de",109.512126095594
"us-fl",108.504219201965
"us-ga",95.7798207993942
"us-hi",104.044941998513
"us-ia",88.9352798587167
"us-id",84.9088118735878
"us-il",117.697937198542
"us-in",89.8002744281988
"us-ks",86.9915690375698
"us-ky",84.5292252293136
"us-la",101.342332377146
"us-ma",114.400225999122
"us-md",105.595494956153
"us-me",77.5492546628859
"us-mi",105.47967388192
"us-mn",85.9704006779173
"us-mo",88.0419717384848
"us-ms",92.3145998612718
"us-mt",104.388689299511
"us-nc",95.9393505642412
"us-nd",82.9530372070661
"us-ne",90.7975193252859
"us-nh",98.2160494823311
"us-nj",128.244774493111
"us-nm",99.2412217972453
"us-nv",97.5183393811701
"us-ny",120.771839823337
"us-oh",102.648823252828
"us-ok",100.911167544465
"us-or",85.4331210589026
"us-pa",113.293356399649
"us-ri",109.448414986558
"us-sc",94.8852337512409
"us-sd",70.7359192302998
"us-tn",91.9450939128342
"us-tx",87.9544690936859
"us-ut",88.0187229943648
"us-va",95.0930079256991
"us-vt",80.6283109422064
"us-wa",87.8577390491748
"us-wi",90.3417468855388
"us-wv",93.6071607633269
"us-wy",92.7491237485924
