"JS_KEY","NAME_REGIONALITY"
"us-ak",0.983743702915056
"us-al",0.953975514213454
"us-ar",1.02628949265754
"us-az",0.985474752889173
"us-ca",0.824501887264681
"us-co",0.76961051072581
"us-ct",1.19378603570303
"us-dc",1.14750620528627
"us-de",1.14579081442078
"us-fl",1.19942425911283
"us-ga",0.94042598894317
"us-hi",1.0946468124797
"us-ia",0.857273230855741
"us-id",0.900618506573166
"us-il",1.09076838115105
"us-in",0.975456470124493
"us-ks",0.817009938590258
"us-ky",0.89120351255672
"us-la",1.0593165477504
"us-ma",1.10729238280622
"us-md",1.02792099561739
"us-me",0.894995842374949
"us-mi",1.02703672274357
"us-mn",0.81416565468568
"us-mo",0.946430750305199
"us-ms",1.03189556940036
"us-mt",1.06735840345575
"us-nc",0.925927570112545
"us-nd",0.820358339977923
"us-ne",0.862938308424357
"us-nh",0.979793759898279
"us-nj",1.38494054669166
"us-nm",1.02862519786275
"us-nv",1.04119202018138
"us-ny",1.23567473996895
"us-oh",1.031273382892
"us-ok",0.989274411684161
"us-or",0.763781396134821
"us-pa",1.19708619918133
"us-ri",1.35379945567482
"us-sc",0.966686697657847
"us-sd",1.04146799397364
"us-tn",0.911200402005639
"us-tx",0.897993356653537
"us-ut",0.69743700341406
"us-va",1.03152634796375
"us-vt",0.651869284611447
"us-wa",0.804570497430184
"us-wi",0.850311478276845
"us-wv",0.969292219063357
"us-wy",1.04038777305418
