"JS_KEY","NAME_REGIONALITY"
"us-ak",1.33040899186932
"us-al",0.962533118371276
"us-ar",0.993982083480314
"us-az",0.9389137871703
"us-ca",0.865465604351815
"us-co",0.792761560950663
"us-ct",1.17601802795875
"us-dc",1.04254886063562
"us-de",1.17736977281847
"us-fl",1.14666662202548
"us-ga",0.967059600816116
"us-hi",1.09541866155659
"us-ia",0.812209912116317
"us-id",0.723630828274659
"us-il",0.996643137333392
"us-in",0.971181757559115
"us-ks",0.824380770460442
"us-ky",0.973772889392597
"us-la",1.0764782887579
"us-ma",1.06755938621276
"us-md",1.10831549756454
"us-me",1.23634484291137
"us-mi",1.05809578428332
"us-mn",0.726667346302154
"us-mo",0.993881392653476
"us-ms",1.11546425416142
"us-mt",1.00716408813359
"us-nc",0.961822899759662
"us-nd",1.02917538603122
"us-ne",0.863335587583836
"us-nh",0.903737991928893
"us-nj",1.29858332134857
"us-nm",1.18635586451856
"us-nv",1.06811996757386
"us-ny",1.25637653617041
"us-oh",1.05729944503723
"us-ok",1.01662220025069
"us-or",0.769319445671437
"us-pa",1.12668315561855
"us-ri",1.1803123034912
"us-sc",0.986589285539174
"us-sd",1.03129384037951
"us-tn",0.993716172573241
"us-tx",0.906060622664455
"us-ut",0.706859945577207
"us-va",0.989471977609393
"us-vt",1.27401953028865
"us-wa",0.85653603816596
"us-wi",0.864197199946695
"us-wv",1.05594411519419
"us-wy",0.929375949146734
