"JS_KEY","NAME_REGIONALITY"
"us-ak",1.84709333385309
"us-al",1.08541961577086
"us-ar",1.00360833204014
"us-az",1.00583370905214
"us-ca",0.876443583755814
"us-co",0.84769983920794
"us-ct",1.19024419313564
"us-dc",1.10222278087967
"us-de",1.08380917677556
"us-fl",0.961277449976469
"us-ga",1.09035485507317
"us-hi",0.792638961801443
"us-ia",0.831612784656215
"us-id",0.678588749512497
"us-il",0.992120714127954
"us-in",0.827785347553857
"us-ks",0.805202875007575
"us-ky",0.815424165057894
"us-la",1.01481106099211
"us-ma",1.23438840331208
"us-md",1.02147543787255
"us-me",0.797779133015816
"us-mi",0.898236665727244
"us-mn",0.928821514655474
"us-mo",0.870740241208874
"us-ms",1.11795995958248
"us-mt",1.0515012065385
"us-nc",0.998480631519942
"us-nd",0.927283252400858
"us-ne",0.774480740641643
"us-nh",0.906801520059875
"us-nj",1.22204796097252
"us-nm",0.885020478360886
"us-nv",1.19291444478012
"us-ny",1.14581748718195
"us-oh",0.908681783658468
"us-ok",0.885942353335555
"us-or",0.793251610695997
"us-pa",1.17520900391776
"us-ri",1.24090085028278
"us-sc",1.03993020196026
"us-sd",0.868472783118999
"us-tn",0.93787361952259
"us-tx",0.914099689137681
"us-ut",0.845413511840782
"us-va",0.892184307590976
"us-vt",0.889033452476712
"us-wa",0.775157146205312
"us-wi",0.921825493633062
"us-wv",0.85407472049546
"us-wy",1.01018364191003
