"JS_KEY","NAME_REGIONALITY"
"us-ak",106.27170620547
"us-al",103.597593675585
"us-ar",102.641146428526
"us-az",118.153531058779
"us-ca",85.6567265560127
"us-co",97.2360552653655
"us-ct",122.083724198444
"us-dc",124.880189673465
"us-de",99.3433084747004
"us-fl",96.1384211023906
"us-ga",106.013568385123
"us-hi",73.595433530779
"us-ia",83.813012671848
"us-id",81.5790878443195
"us-il",100.091044162961
"us-in",79.1300390761068
"us-ks",71.5646125036663
"us-ky",86.8437170598506
"us-la",111.913405882807
"us-ma",128.461309972634
"us-md",100.815473051646
"us-me",90.7768795417264
"us-mi",87.8999390718374
"us-mn",89.057873370513
"us-mo",88.8806525664159
"us-ms",109.568167671019
"us-mt",104.532483523443
"us-nc",96.0055097937217
"us-nd",89.2553210504175
"us-ne",75.2474437024647
"us-nh",98.1204157022021
"us-nj",123.066524114429
"us-nm",103.13838808639
"us-nv",106.098413574071
"us-ny",115.911533194521
"us-oh",86.7351775360242
"us-ok",81.9495422122086
"us-or",73.4572688950749
"us-pa",119.688624555631
"us-ri",121.743168325941
"us-sc",108.878082718855
"us-sd",86.2168128489778
"us-tn",95.7446831067785
"us-tx",90.1786586866632
"us-ut",71.46038717073
"us-va",92.017098431563
"us-vt",85.8852619847516
"us-wa",77.8300102887962
"us-wi",90.4853281046574
"us-wv",77.9067039622656
"us-wy",99.767852528011
