"JS_KEY","NAME_REGIONALITY"
"us-ak",1.34748249270446
"us-al",1.01349745168349
"us-ar",0.86827157838486
"us-az",1.01503575417123
"us-ca",0.971260638941864
"us-co",0.912108318633827
"us-ct",1.26931761313041
"us-dc",1.0737361136942
"us-de",1.31500536268181
"us-fl",1.07045525187339
"us-ga",0.968978204195498
"us-hi",0.651100540941851
"us-ia",0.847156904232072
"us-id",0.913149300508552
"us-il",1.01389632240374
"us-in",0.8759989096648
"us-ks",0.875182213181945
"us-ky",0.734081646973508
"us-la",1.13812486554053
"us-ma",1.35971572513903
"us-md",1.17974056347949
"us-me",0.898130078750855
"us-mi",0.818326835990824
"us-mn",0.887850850224518
"us-mo",0.838644361471997
"us-ms",1.23725047412317
"us-mt",1.00098828547034
"us-nc",0.859495915663924
"us-nd",0.759358641577741
"us-ne",0.797520965804268
"us-nh",0.861195365176768
"us-nj",1.33789096909548
"us-nm",0.726211524028166
"us-nv",1.23203806566096
"us-ny",1.23991446598842
"us-oh",0.928598975491402
"us-ok",0.814628726605794
"us-or",0.76056846331171
"us-pa",1.19945232978511
"us-ri",1.21066594814705
"us-sc",1.02633429417588
"us-sd",0.69206777989653
"us-tn",0.841138263544802
"us-tx",0.870861351187095
"us-ut",0.704003427132443
"us-va",0.908059004539309
"us-vt",0.896510529420309
"us-wa",0.890548584674576
"us-wi",0.860741342589403
"us-wv",0.795933484590467
"us-wy",0.85157253832835
