"JS_KEY","NAME_REGIONALITY"
"us-ak",133.486164753304
"us-al",93.7413854193802
"us-ar",82.9745463388235
"us-az",91.3125302804202
"us-ca",101.741338234249
"us-co",91.5972464104705
"us-ct",123.914465492391
"us-dc",127.095238033698
"us-de",114.222145578896
"us-fl",95.2745966335668
"us-ga",90.0913042193406
"us-hi",72.6916731246092
"us-ia",88.6917411280872
"us-id",80.2797054883803
"us-il",102.995562606194
"us-in",92.1875958761386
"us-ks",89.3207133082068
"us-ky",70.7874567039321
"us-la",107.401422755096
"us-ma",128.874761409156
"us-md",109.457983420928
"us-me",87.0774334932098
"us-mi",89.1517116625106
"us-mn",88.4637766900291
"us-mo",92.6334039374112
"us-ms",101.972458866933
"us-mt",120.191628112069
"us-nc",80.3753655185531
"us-nd",63.5679458165656
"us-ne",86.7138351425968
"us-nh",101.079562769011
"us-nj",130.705514947896
"us-nm",74.2317130552948
"us-nv",112.47879813562
"us-ny",115.937474605085
"us-oh",100.719387246007
"us-ok",79.4814048174599
"us-or",82.9956872753036
"us-pa",120.946933212046
"us-ri",106.410521234794
"us-sc",103.106453524648
"us-sd",69.2578769201156
"us-tn",75.6961686209614
"us-tx",89.287014516456
"us-ut",82.6228843571815
"us-va",87.8589069807278
"us-vt",84.2011075299784
"us-wa",98.388470814734
"us-wi",87.8334286479515
"us-wv",86.7135997328828
"us-wy",104.759307480213
