"JS_KEY","NAME_REGIONALITY"
"us-ak",1.0300971544694
"us-al",0.91981186307699
"us-ar",0.885151526846705
"us-az",0.89271076858139
"us-ca",1.00836915760787
"us-co",0.950199759564679
"us-ct",1.13671344499249
"us-dc",1.10001468654542
"us-de",1.03455852712132
"us-fl",1.01621231960757
"us-ga",0.848864743905723
"us-hi",0.916825682457518
"us-ia",0.877469211848689
"us-id",0.893297629331018
"us-il",1.01174304929945
"us-in",0.948803093255607
"us-ks",0.9336782203627
"us-ky",0.878373499249773
"us-la",1.00254732414555
"us-ma",1.22749825159238
"us-md",1.06627831582546
"us-me",0.899806756315148
"us-mi",0.931270315812756
"us-mn",0.970427035559353
"us-mo",0.987400909374672
"us-ms",0.93416779182314
"us-mt",0.97185702600178
"us-nc",0.802886296652625
"us-nd",0.736429403646952
"us-ne",0.887819847295487
"us-nh",0.956741055575657
"us-nj",1.22930366031857
"us-nm",0.829847297296529
"us-nv",1.04958159421152
"us-ny",1.13869508261096
"us-oh",0.968902681554023
"us-ok",0.888285629090262
"us-or",0.856657218888435
"us-pa",1.0861816084844
"us-ri",1.25706591468732
"us-sc",0.943729872623271
"us-sd",0.738066202307064
"us-tn",0.779019360028305
"us-tx",0.961587770687345
"us-ut",0.878259206026939
"us-va",0.894837875912867
"us-vt",0.869810462380654
"us-wa",0.914066308515587
"us-wi",0.967254222571192
"us-wv",1.0176464109838
"us-wy",1.17440019068441
