"JS_KEY","NAME_REGIONALITY"
"us-ak",1.23565645185654
"us-al",1.00697313184301
"us-ar",0.999158923582452
"us-az",1.00006797689483
"us-ca",0.96107879241585
"us-co",0.911709319490072
"us-ct",1.07246130728893
"us-dc",1.03334424301163
"us-de",1.22577298276752
"us-fl",1.09546102380563
"us-ga",1.02527737226408
"us-hi",0.912259627713997
"us-ia",0.810492156268666
"us-id",0.820855058312732
"us-il",0.985912310512255
"us-in",0.965684480447174
"us-ks",0.974773105798623
"us-ky",0.949830281958142
"us-la",1.01857809539652
"us-ma",1.0806339352116
"us-md",1.11105324111355
"us-me",0.79662208347735
"us-mi",0.87272407257553
"us-mn",0.800855234967193
"us-mo",0.956935249491263
"us-ms",1.0809836451814
"us-mt",1.13897586644487
"us-nc",0.90577782485515
"us-nd",0.706270933712327
"us-ne",0.824850830286581
"us-nh",0.848712130427418
"us-nj",1.16215350088988
"us-nm",0.884384794403351
"us-nv",1.06489352214006
"us-ny",1.11066187827841
"us-oh",0.98253331911168
"us-ok",0.937695253067745
"us-or",0.812407552172557
"us-pa",1.14460759691353
"us-ri",1.23304095996215
"us-sc",0.995090001132704
"us-sd",0.822504867492604
"us-tn",0.995326241191106
"us-tx",1.07262283198253
"us-ut",0.857531417399908
"us-va",1.01136673447842
"us-vt",0.833753609781341
"us-wa",0.826877725089546
"us-wi",0.795730287553008
"us-wv",1.01769764818768
"us-wy",0.986537177248964
