"JS_KEY","NAME_REGIONALITY"
"us-ak",0.940740306119202
"us-al",1.12928912459278
"us-ar",1.21729239829501
"us-az",0.839841406840352
"us-ca",0.888014155222108
"us-co",0.902907379760704
"us-ct",0.949084919553835
"us-dc",1.25025895817909
"us-de",1.16103009174362
"us-fl",1.09423353748101
"us-ga",1.20941995431981
"us-hi",1.03607519227789
"us-ia",0.746167508247382
"us-id",0.831796427212009
"us-il",0.926066671739189
"us-in",0.8659141804071
"us-ks",0.825313241867456
"us-ky",1.02513125824342
"us-la",1.19108651683516
"us-ma",1.06488055165402
"us-md",1.14629878976036
"us-me",0.772660460269701
"us-mi",0.819338481297278
"us-mn",0.789247504642724
"us-mo",0.996257152588487
"us-ms",1.29583449256585
"us-mt",0.802263376307155
"us-nc",1.08503299429641
"us-nd",0.779715884759122
"us-ne",0.816639131164081
"us-nh",0.873717517758155
"us-nj",1.22571519878298
"us-nm",1.03115591634669
"us-nv",1.07024859441725
"us-ny",1.08730416471026
"us-oh",0.902765274479998
"us-ok",1.05893423298007
"us-or",0.776086050360439
"us-pa",1.10995980635248
"us-ri",1.065090525502
"us-sc",1.31046308354318
"us-sd",0.863820111960086
"us-tn",1.13487292931574
"us-tx",1.20467373154733
"us-ut",0.765413452919757
"us-va",1.09317694732307
"us-vt",0.840821324964275
"us-wa",0.747918296632893
"us-wi",0.699842339841046
"us-wv",1.11786617191162
"us-wy",1.01627557535772
