"JS_KEY","NAME_REGIONALITY"
"us-ak",1.42388352689165
"us-al",2.24340314376184
"us-ar",1.35991194814724
"us-az",0.740550538024279
"us-ca",0.52712000374901
"us-co",0.981220842091632
"us-ct",1.30713924568183
"us-dc",1.38263823946399
"us-de",1.04893329852232
"us-fl",0.867886132111399
"us-ga",1.30032746295228
"us-hi",1.32694438576792
"us-ia",0.879079844021906
"us-id",0.819615524817837
"us-il",0.94650158366259
"us-in",0.90095276878233
"us-ks",0.859444889161821
"us-ky",1.29178634003738
"us-la",1.65463418793573
"us-ma",1.3089796886791
"us-md",0.94697721203407
"us-me",0.905415060213822
"us-mi",0.86152034664569
"us-mn",0.924197430097264
"us-mo",1.16504636603299
"us-ms",2.71982389629448
"us-mt",1.10986362219759
"us-nc",1.17257507460003
"us-nd",0.834079328196975
"us-ne",0.656946962115471
"us-nh",1.17582493917298
"us-nj",0.973721568664342
"us-nm",0.613991539604459
"us-nv",0.712662717130327
"us-ny",0.926777738367217
"us-oh",1.02576668985127
"us-ok",1.22079850651279
"us-or",0.743842675731221
"us-pa",1.22816837121716
"us-ri",1.54025448295554
"us-sc",1.37179353177725
"us-sd",0.815947168888345
"us-tn",1.37120834132674
"us-tx",0.900251673422935
"us-ut",0.863424473708642
"us-va",1.24260797874243
"us-vt",1.447575693565
"us-wa",0.69252240653134
"us-wi",0.867533223753482
"us-wv",1.17089125795416
"us-wy",1.07580295515852
