"JS_KEY","NAME_REGIONALITY"
"us-al",2.45390420769432
"us-ar",2.64321263493039
"us-az",2.35733940715553
"us-ca",0.620703049135754
"us-co",1.00936115412329
"us-ct",0.242249499587896
"us-dc",0.734139161462979
"us-fl",1.58995433522627
"us-ga",2.51699555862876
"us-hi",0.695810610864511
"us-ia",0.38233414548533
"us-id",1.13813616247827
"us-il",0.402459943945186
"us-in",0.766003897784284
"us-ks",0.813133073067284
"us-ky",2.09531246211254
"us-la",2.06915018437814
"us-ma",0.197608003144626
"us-md",0.915771800365685
"us-me",0.500858123569794
"us-mi",0.366074865600319
"us-mn",0.169240207839213
"us-mo",0.874044961392305
"us-ms",2.99140953150242
"us-mt",0.788855053014998
"us-nc",1.79492939666239
"us-nd",0.906824604614986
"us-ne",0.324881569837356
"us-nj",0.578809049349432
"us-nm",3.55888302921633
"us-ny",0.351923561481797
"us-oh",0.65153746279055
"us-ok",1.41050346354353
"us-or",0.362765582297452
"us-pa",0.815382246296498
"us-ri",0.300445390933982
"us-sc",2.02046012518993
"us-sd",0.768566473217264
"us-tn",1.70950683860246
"us-tx",2.18029079915223
"us-ut",1.13878994578931
"us-va",1.81930917528924
"us-wa",0.375200437673816
"us-wi",0.210521334288345
"us-wv",1.73664054370684
"us-wy",0.95827899394504
