"JS_KEY","NAME_REGIONALITY"
"us-al",2.89538043767217
"us-ar",2.82608543305195
"us-az",1.65428074352166
"us-ca",0.551635114413156
"us-co",0.763560328681315
"us-ct",0.143466927896799
"us-dc",0.540535527022438
"us-de",1.18343146539301
"us-fl",1.49763904750791
"us-ga",2.50556412744548
"us-ia",0.264754466405386
"us-id",1.05321778505136
"us-il",0.33872877667438
"us-in",0.699406211550861
"us-ks",0.502752471268942
"us-ky",2.11429843704423
"us-la",2.11125940016389
"us-ma",0.166216105052149
"us-md",0.974755298681679
"us-me",0.34716060706604
"us-mi",0.267768801716476
"us-mn",0.103559994221955
"us-mo",0.931562342748607
"us-ms",3.69400379178717
"us-nc",2.05645488122034
"us-nd",0.468513084970807
"us-ne",0.355577726311088
"us-nj",0.413711324071995
"us-nm",3.18819926712549
"us-ny",0.304117703910564
"us-oh",0.447363569980966
"us-ok",1.25463282979536
"us-or",0.475490389600819
"us-pa",0.619045860587132
"us-sc",2.50679817664239
"us-sd",0.621592278379585
"us-tn",1.65242091083513
"us-tx",2.23342116620775
"us-ut",1.40655850020242
"us-va",1.80959277684182
"us-vt",0.637872984668226
"us-wa",0.203594433901453
"us-wi",0.150207582788224
"us-wv",1.50465410774026
"us-wy",0.92797061131908
