"JS_KEY","NAME_REGIONALITY"
"us-al",322.234761270738
"us-ar",293.574757484278
"us-az",184.614628536249
"us-ca",35.8575149380672
"us-co",55.7422426221188
"us-ct",16.0249003872455
"us-dc",55.8598207824225
"us-fl",167.488834319449
"us-ga",277.5892630561
"us-hi",62.9995726343052
"us-ia",42.5292565941287
"us-id",90.5264858248918
"us-il",30.6434825779629
"us-in",56.3592262547491
"us-ks",39.1242948002728
"us-ky",221.830367037958
"us-la",240.778095872365
"us-ma",13.9927714382942
"us-md",75.9817437503388
"us-me",32.7041211318025
"us-mi",25.7549868898499
"us-mn",20.777416290634
"us-mo",87.1606618259613
"us-ms",403.295047820038
"us-nc",234.537831094724
"us-ne",43.7097271674297
"us-nj",33.3465434045176
"us-nm",218.128391126883
"us-ny",21.1235559781535
"us-oh",54.5562043318947
"us-ok",123.090610988739
"us-or",36.9523257222008
"us-pa",62.9944763795386
"us-sc",274.166926898484
"us-tn",204.390986070967
"us-tx",207.429829688477
"us-ut",110.131127911345
"us-va",180.960004783725
"us-wi",11.6545693626986
"us-wv",187.089463687824
"us-wy",96.6062525538113
