"JS_KEY","NAME_REGIONALITY"
"us-al",3.18098727560206
"us-ar",2.94093547156527
"us-az",1.16643338515349
"us-ca",0.30780950724504
"us-co",0.696453938783984
"us-ct",0.162385728134203
"us-dc",0.340395184381818
"us-de",1.4861142312207
"us-fl",2.17590205866928
"us-ga",2.78246796047467
"us-ia",0.190225107959987
"us-id",0.842620290522297
"us-il",0.227507543264448
"us-in",0.531478235677199
"us-ks",0.488635035471836
"us-ky",2.18602545186325
"us-la",2.60110917451353
"us-md",0.688739068550964
"us-mi",0.213012709056802
"us-mn",0.0867811844826213
"us-mo",0.683800939380221
"us-ms",4.90726716834996
"us-nc",2.39954538412128
"us-nd",0.484430406511635
"us-ne",0.297692876872827
"us-nj",0.429297488672213
"us-nm",2.37527167063769
"us-ny",0.237110909158729
"us-oh",0.597972731227953
"us-ok",1.20105687993972
"us-or",0.319527866975852
"us-pa",0.551669958204102
"us-sc",2.8385137286705
"us-tn",2.4930891102947
"us-tx",2.19379166545678
"us-ut",0.506320189124145
"us-va",1.76839824071493
"us-wa",0.165514413596628
"us-wv",1.66748701801098
"us-wy",1.05448844625282
