"JS_KEY","NAME_REGIONALITY"
"us-al",353.331750920468
"us-ar",347.520088921887
"us-az",130.560965187722
"us-ca",42.3492452872641
"us-co",42.5107343591984
"us-ct",24.2325882320779
"us-dc",63.4270102680174
"us-fl",188.793118984231
"us-ga",283.572959752332
"us-ia",21.6351408293923
"us-il",33.5499917491552
"us-in",41.1412378095941
"us-ks",65.6079766536965
"us-ky",221.16966349399
"us-la",284.128929710793
"us-ma",8.02555489991795
"us-md",97.8444101349667
"us-me",34.1833999838034
"us-mi",28.5001935682837
"us-mo",67.3874054240504
"us-ms",530.359769389044
"us-nc",246.255984705241
"us-nj",29.5713013424571
"us-nm",349.066054099667
"us-ny",28.0702709578392
"us-oh",53.9058031504793
"us-ok",146.989601591373
"us-or",24.7551885661441
"us-pa",62.6227378647689
"us-sc",378.640141758463
"us-tn",199.940982144779
"us-tx",206.821678387683
"us-va",167.602253713228
"us-vt",98.848456125119
"us-wa",37.0280847414952
"us-wv",180.664982134651
