"JS_KEY","NAME_REGIONALITY"
"us-al",3.30472428440455
"us-ar",4.20452927396775
"us-az",1.88304287278366
"us-ca",0.423646817649254
"us-co",0.794536152998722
"us-dc",0.499747359905173
"us-de",1.23720669737113
"us-fl",1.40272115039752
"us-ga",2.62415294480225
"us-ia",0.262920608738712
"us-il",0.296669618752904
"us-in",0.640723003864116
"us-ks",0.600942142383175
"us-ky",1.73735760682227
"us-la",2.10368953888135
"us-ma",0.0932428718988914
"us-md",0.519842217129493
"us-mi",0.359313113379923
"us-mo",0.706876271006115
"us-ms",8.93719808606333
"us-nc",2.48266977401407
"us-ne",0.331775164724995
"us-nj",0.463804036033602
"us-nm",2.47840714474531
"us-ny",0.396162094274829
"us-oh",0.497756466281404
"us-ok",0.869218438212351
"us-pa",0.567146908680142
"us-sc",3.9798529360077
"us-tn",1.88197621272905
"us-tx",2.29170584387957
"us-ut",0.748266744640473
"us-va",1.51761480752618
"us-wa",0.187831611273903
"us-wv",1.5122661572744
