"JS_KEY","NAME_REGIONALITY"
"us-al",3.09657444528242
"us-ar",2.93041395217264
"us-az",1.58796566056123
"us-ca",0.695367209865544
"us-fl",1.64493267685156
"us-ga",3.31718683156415
"us-hi",1.86616846038471
"us-il",0.524787372751
"us-in",0.65956650435762
"us-ks",0.809409219764137
"us-ky",1.79263250815215
"us-la",1.93694281409621
"us-md",0.788229226490866
"us-mi",0.41965161086246
"us-mo",1.03834146473315
"us-ms",6.40224435482611
"us-mt",1.75884401162032
"us-nc",2.09895506122718
"us-nj",0.49179047664566
"us-nm",3.91151613888606
"us-ny",0.447133276069626
"us-oh",0.691907020684388
"us-ok",0.951484811574355
"us-pa",0.81557236185115
"us-sc",3.69379259180795
"us-tn",1.46798926658481
"us-tx",2.49864444888713
"us-va",1.17808219018954
"us-wa",0.423796205673452
"us-wi",0.285269448219467
"us-wv",0.976496990746839
