"JS_KEY","NAME_REGIONALITY"
"us-ak",280.821016671607
"us-al",66.4000395200978
"us-ar",113.056613896138
"us-az",90.1331897950048
"us-ca",110.105957925216
"us-co",74.6692839284631
"us-ct",137.836257309942
"us-dc",227.272602639564
"us-fl",51.6633543871109
"us-ga",39.5224661061398
"us-ia",93.281962577451
"us-il",91.6525431186324
"us-in",80.818082246988
"us-ks",86.8132007204075
"us-ky",102.410310900248
"us-la",109.575733806895
"us-ma",212.440513215324
"us-md",98.2433266983673
"us-me",156.23127489575
"us-mi",57.3126972069747
"us-mn",145.815757684745
"us-mo",81.0314038706566
"us-mt",173.341684512258
"us-nc",142.562024855628
"us-ne",90.4005729481929
"us-nh",112.10178190005
"us-nj",67.5078560326865
"us-nm",107.041820021093
"us-ny",149.342179046252
"us-oh",103.89323952668
"us-ok",49.6968188967565
"us-or",235.647655435286
"us-pa",112.012159810534
"us-sc",69.6598610870368
"us-sd",214.177680736252
"us-tn",83.4032655142112
"us-tx",84.1732024362199
"us-ut",85.7458655253881
"us-va",77.7829390438833
"us-vt",286.640499821328
"us-wa",132.663757597627
"us-wi",85.5342634443
"us-wv",99.1007093894468
