"JS_KEY","NAME_REGIONALITY"
"us-ak",1.14603230686913
"us-al",0.792078831969342
"us-ar",0.842170504136422
"us-az",0.803615807063786
"us-ca",0.73623355849216
"us-co",1.31159933634732
"us-ct",1.15966019498067
"us-dc",1.32853412442153
"us-de",0.792144249418203
"us-fl",0.544164226882945
"us-ga",0.891437899309188
"us-hi",1.23549856435547
"us-ia",1.9948867151561
"us-id",1.52270573608037
"us-il",1.07352867178553
"us-in",1.41171330388574
"us-ks",1.49628991402852
"us-ky",0.998378524869719
"us-la",0.664246352023867
"us-ma",1.49909446541464
"us-md",0.974104487854172
"us-me",2.37530969452098
"us-mi",1.24578308223933
"us-mn",1.94790416847067
"us-mo",1.37136561428821
"us-ms",0.507184068694749
"us-mt",1.57135653689931
"us-nc",0.867692277090092
"us-nd",1.07361993747737
"us-ne",1.66773673772019
"us-nh",1.69498335108943
"us-nj",0.71437990262146
"us-nm",0.523412960191966
"us-nv",0.610244091549673
"us-ny",0.817758732329217
"us-oh",1.15807439016052
"us-ok",0.828820208781094
"us-or",2.03795199378973
"us-pa",0.983607695932072
"us-ri",1.29503991109786
"us-sc",0.724666740542896
"us-sd",1.44413990086242
"us-tn",1.07268210358766
"us-tx",0.620746309419052
"us-ut",1.60153802003824
"us-va",0.961751597153032
"us-vt",2.10123737968495
"us-wa",1.91934653102087
"us-wi",1.74618519696483
"us-wv",0.553477722972989
"us-wy",0.584156346760041
