"JS_KEY","NAME_REGIONALITY"
"us-ak",1.16753737052428
"us-al",1.36800391243704
"us-ar",1.34249084032028
"us-az",0.791088556898204
"us-ca",0.569972226745798
"us-co",0.968503994944344
"us-ct",0.86080418137153
"us-dc",0.530215108627234
"us-de",0.855223922416635
"us-fl",0.794309679558166
"us-ga",0.902814595001021
"us-hi",1.13241168935684
"us-ia",2.02514904879907
"us-id",1.57883203414509
"us-il",0.89582516226752
"us-in",1.46415331818923
"us-ks",1.64790028845087
"us-ky",1.41623385288623
"us-la",1.49889636961011
"us-ma",1.08142883541792
"us-md",0.814221913212177
"us-me",2.01848818901478
"us-mi",1.2592071907387
"us-mn",1.29907719611282
"us-mo",1.61408325923659
"us-ms",1.12340865417834
"us-mt",1.67142992992404
"us-nc",1.12913467924039
"us-nd",2.27740434481256
"us-ne",1.52141773389749
"us-nh",1.60090598697846
"us-nj",0.660073310761066
"us-nm",0.659050808538287
"us-nv",0.745679635865219
"us-ny",0.763158760720781
"us-oh",1.46140732092835
"us-ok",1.39590156856173
"us-or",1.40857255638054
"us-pa",1.10438631888016
"us-ri",0.931550638611601
"us-sc",1.04390574887839
"us-sd",1.60860548420045
"us-tn",1.36184609237122
"us-tx",0.807387301768514
"us-ut",1.4625117145912
"us-va",0.927849945239143
"us-vt",2.15202941053289
"us-wa",1.17714169203236
"us-wi",1.50122935901401
"us-wv",1.66116889774555
"us-wy",1.39339657765165
