"JS_KEY","NAME_REGIONALITY"
"us-ak",0.97085323812337
"us-al",0.827478178091575
"us-ar",0.94158020996983
"us-az",1.13291518331292
"us-ca",1.06413323929043
"us-co",0.939085741711434
"us-ct",1.04026283111287
"us-dc",0.638170834406176
"us-de",1.17794366996098
"us-fl",1.14936731157524
"us-ga",0.855882116903594
"us-hi",1.22683944494049
"us-ia",1.21344282453262
"us-id",1.26456521384545
"us-il",0.961502931764958
"us-in",0.959692681799676
"us-ks",1.00537905072267
"us-ky",1.03946262893509
"us-la",0.89332398696493
"us-ma",0.828804428565211
"us-md",0.695300505708259
"us-me",1.07535998699141
"us-mi",1.02499027110296
"us-mn",0.94995497737518
"us-mo",0.945026378597541
"us-ms",0.802469558711289
"us-mt",1.31587403962569
"us-nc",0.997935972089124
"us-nd",1.26684507901464
"us-ne",1.10655039554748
"us-nh",1.01778872731049
"us-nj",0.951370176451122
"us-nm",1.0803551942866
"us-nv",1.07017402478999
"us-ny",0.888075699186941
"us-oh",0.95309011266006
"us-ok",1.11639359803011
"us-or",1.08368236710192
"us-pa",0.954516214868344
"us-ri",0.899130162155039
"us-sc",0.860266666428697
"us-sd",1.74212802134619
"us-tn",0.887525721808068
"us-tx",1.12660456131654
"us-ut",1.11791263866604
"us-va",0.822047491313258
"us-vt",1.06681690864391
"us-wa",0.962301640700474
"us-wi",1.09165674352831
"us-wv",1.40327454906237
"us-wy",1.23869296614765
