"JS_KEY","NAME_REGIONALITY"
"us-ak",83.9682361321325
"us-al",77.1569668843157
"us-ar",104.222651498891
"us-az",115.676727988578
"us-ca",116.121910023511
"us-co",110.032812551601
"us-ct",95.5898763320124
"us-dc",62.1463023484674
"us-de",98.4524289209377
"us-fl",111.023044977288
"us-ga",89.0058658334133
"us-hi",96.483703747065
"us-ia",101.664176915849
"us-id",116.772782370376
"us-il",96.1992652432492
"us-in",94.2301935151745
"us-ks",85.5551134799401
"us-ky",108.63720252789
"us-la",83.1157590162375
"us-ma",88.6491795819874
"us-md",77.4868829486345
"us-me",108.347171857525
"us-mi",88.4550621720381
"us-mn",99.8403894489791
"us-mo",95.0638754566227
"us-ms",70.8077555984832
"us-mt",92.9688635938766
"us-nc",89.7672920682354
"us-nd",137.605723688917
"us-ne",77.2514071083107
"us-nh",101.012077254937
"us-nj",93.5962682066239
"us-nm",101.202115118813
"us-nv",104.232722293316
"us-ny",96.1282658039329
"us-oh",99.3700154046112
"us-ok",89.4859192872255
"us-or",93.7403679478441
"us-pa",89.4882104813528
"us-ri",106.709093665295
"us-sc",90.1793381266752
"us-sd",123.157759175789
"us-tn",93.3359940257854
"us-tx",112.546724230926
"us-ut",101.085712144725
"us-va",90.5222194479853
"us-vt",130.661316673141
"us-wa",88.8982101755066
"us-wi",117.330190946406
"us-wv",111.31404415449
"us-wy",125.875949979698
