"JS_KEY","NAME_REGIONALITY"
"us-ak",72.6071153689705
"us-al",93.3342591295364
"us-ar",90.1864960035858
"us-az",90.978268650697
"us-ca",111.681323955159
"us-co",99.5025398413774
"us-ct",127.9813849971
"us-dc",156.375823514804
"us-de",108.445889514224
"us-fl",112.723252643584
"us-ga",100.813163014187
"us-hi",85.3147600788829
"us-ia",76.9329586937497
"us-id",90.5724542151835
"us-il",105.636458269896
"us-in",95.4915063323038
"us-ks",92.0451893306095
"us-ky",88.2671756109938
"us-la",95.3153937035397
"us-ma",102.57801232782
"us-md",78.5317312430814
"us-me",80.5431228429756
"us-mi",101.961808607449
"us-mn",86.2462478622649
"us-mo",96.4929093719739
"us-ms",68.3478669663435
"us-mt",83.0373827997618
"us-nc",94.0195580934478
"us-nd",47.6366978324833
"us-ne",89.5331625634632
"us-nh",113.502669036021
"us-nj",128.46550783727
"us-nm",73.8595847831043
"us-nv",102.646793898248
"us-ny",114.917504062339
"us-oh",100.409916351677
"us-ok",119.606656386068
"us-or",84.150793056954
"us-pa",84.6873129070734
"us-ri",144.666752336862
"us-sc",81.144568807799
"us-sd",63.7240334272332
"us-tn",119.456975258542
"us-tx",119.336194292225
"us-ut",83.6994466374601
"us-va",103.735793183023
"us-vt",91.3489082678717
"us-wa",99.5978792280028
"us-wi",93.2360103266595
"us-wv",86.1156622966573
"us-wy",81.2229505648231
