"JS_KEY","NAME_REGIONALITY"
"us-ak",0.551987233009092
"us-al",0.89341897452318
"us-ar",0.968589130668316
"us-az",0.819580152945943
"us-ca",1.02969815028744
"us-co",0.921293454504376
"us-ct",1.18563683783358
"us-dc",1.4120075460269
"us-de",1.38612776726833
"us-fl",1.09051565125568
"us-ga",0.921837264553905
"us-hi",0.750391857132258
"us-ia",0.697192023544683
"us-id",0.924426760211397
"us-il",1.08086594841541
"us-in",0.915751491763573
"us-ks",0.904326667505362
"us-ky",0.951075818765292
"us-la",1.07415811434841
"us-ma",0.958235385503723
"us-md",1.07826376490131
"us-me",0.744299965597397
"us-mi",1.01081348949793
"us-mn",0.856109627549087
"us-mo",0.968724166554657
"us-ms",0.679975698254859
"us-mt",0.769893132543613
"us-nc",1.06865802994857
"us-nd",0.581655509049081
"us-ne",0.752934115015496
"us-nh",0.85741771041448
"us-nj",1.32508284664683
"us-nm",0.731609226534651
"us-nv",0.956777870549093
"us-ny",1.18640140639422
"us-oh",1.00425189842703
"us-ok",1.18547088832597
"us-or",0.884439058816026
"us-pa",0.934538380822731
"us-ri",1.15174879963535
"us-sc",0.70608953427731
"us-sd",0.620708535110626
"us-tn",1.12823854129196
"us-tx",1.1409009475805
"us-ut",0.737591097470756
"us-va",1.08939213695563
"us-vt",0.811444909850366
"us-wa",0.809396199729454
"us-wi",0.916626040808448
"us-wv",0.867570141528
"us-wy",0.875223000086489
