"JS_KEY","NAME_REGIONALITY"
"us-ak",79.7556309681661
"us-al",123.426473999205
"us-ar",110.434373626597
"us-az",85.5012391395746
"us-ca",79.079942864436
"us-co",88.3311119502324
"us-ct",108.301176064743
"us-dc",97.2127847234545
"us-de",123.480875532014
"us-fl",108.454721087893
"us-ga",114.194664000965
"us-hi",68.8730919017007
"us-ia",93.4815415462887
"us-id",69.2231937420831
"us-il",98.9933668336957
"us-in",85.103302040536
"us-ks",83.7482088522275
"us-ky",92.8737569906631
"us-la",118.449408284441
"us-ma",77.2089792357319
"us-md",120.693044527779
"us-me",80.1096991792759
"us-mi",87.891487196841
"us-mn",107.279093109813
"us-mo",96.9676893766809
"us-ms",110.34235568677
"us-mt",98.8273731959828
"us-nc",104.75857298064
"us-nd",89.9886658069302
"us-ne",93.9432551417801
"us-nh",66.7224148714647
"us-nj",129.164645000442
"us-nm",84.4838430114362
"us-nv",57.2374512842428
"us-ny",117.690102988374
"us-oh",97.3864497877221
"us-ok",83.6067262067296
"us-or",88.5611408876028
"us-pa",104.944099273098
"us-ri",76.6331052434133
"us-sc",106.182615871411
"us-sd",108.240707881743
"us-tn",110.764816465686
"us-tx",86.1841575336528
"us-ut",72.576080480356
"us-va",116.48896853797
"us-vt",76.2215888338619
"us-wa",86.9289389560645
"us-wi",116.60809499089
"us-wv",100.013349399735
"us-wy",83.1121766709829
