"JS_KEY","NAME_REGIONALITY"
"us-ak",80.6577804412745
"us-al",114.999035425069
"us-ar",110.321399503311
"us-az",89.4914120908971
"us-ca",72.6903643408813
"us-co",93.3861771965884
"us-ct",94.3461151890968
"us-dc",90.7358626685229
"us-de",109.136853255007
"us-fl",105.831100032748
"us-ga",110.997398892207
"us-hi",82.0903498850248
"us-ia",106.0091654673
"us-id",85.219421929913
"us-il",101.352109642635
"us-in",79.3170383683034
"us-ks",83.7381858263317
"us-ky",105.869562976217
"us-la",106.98636395466
"us-ma",78.0492207665461
"us-md",111.775493450208
"us-me",76.4335474860428
"us-mi",97.5056678663155
"us-mn",111.840422883073
"us-mo",99.9042931168987
"us-ms",118.254816090254
"us-mt",101.009559751328
"us-nc",113.332314623423
"us-nd",100.924901178112
"us-ne",101.759465227124
"us-nh",67.0318016860169
"us-nj",124.051496007598
"us-nm",95.3633145835444
"us-nv",59.2207347951046
"us-ny",113.483640168698
"us-oh",101.564807217622
"us-ok",81.2486943653831
"us-or",89.9619368648071
"us-pa",105.472658256828
"us-ri",80.4199172362145
"us-sc",131.845074418699
"us-sd",106.362496340566
"us-tn",101.938459521697
"us-tx",81.7025413802898
"us-ut",76.6679856691977
"us-va",108.374110574943
"us-vt",76.4939939393601
"us-wa",89.4426760459627
"us-wi",128.108450709657
"us-wv",100.247526372489
"us-wy",99.6630222124621
