"JS_KEY","NAME_REGIONALITY"
"us-ak",1.02283905442353
"us-al",1.10476355584548
"us-ar",1.34761933987438
"us-az",0.957013678832181
"us-ca",0.760451760772354
"us-co",0.933468233061493
"us-ct",0.83209430725017
"us-dc",0.775436631541885
"us-de",0.758709901729288
"us-fl",1.07521792936579
"us-ga",1.16842823967428
"us-hi",0.644493477558599
"us-ia",1.09666927806711
"us-id",0.911632751162415
"us-il",0.96142637978659
"us-in",0.841307012115356
"us-ks",0.782560745972689
"us-ky",0.895475213491035
"us-la",1.02653423056616
"us-ma",0.827613468129574
"us-md",1.12989791010492
"us-me",0.867178415596975
"us-mi",0.97337581099776
"us-mn",1.17077032262528
"us-mo",0.966033712377892
"us-ms",1.4303404378705
"us-mt",1.06440935752339
"us-nc",1.08673478887742
"us-nd",1.01182033490093
"us-ne",1.19472982380191
"us-nh",0.787375726044284
"us-nj",1.15710949237571
"us-nm",1.08129809765719
"us-nv",1.04884170265457
"us-ny",1.0736117560397
"us-oh",0.996880901008143
"us-ok",0.790764702057345
"us-or",0.967040499220106
"us-pa",1.14449804045332
"us-ri",0.822022618936937
"us-sc",1.47028655198361
"us-sd",1.27600396147551
"us-tn",0.854562818433914
"us-tx",0.893494526347581
"us-ut",0.915368396647322
"us-va",0.980522447326879
"us-vt",0.754674629576567
"us-wa",0.902403524162567
"us-wi",1.1643506812342
"us-wv",1.23343844813633
"us-wy",0.77908532288129
