"JS_KEY","NAME_REGIONALITY"
"us-ak",97.9780376015066
"us-al",118.235826671873
"us-ar",91.9213351404845
"us-az",89.6389346420983
"us-ca",74.3817184872406
"us-co",91.2988638842407
"us-ct",102.929397128462
"us-dc",104.017649967667
"us-de",123.790068180475
"us-fl",140.522008772523
"us-ga",111.349141352991
"us-hi",92.0352790908617
"us-ia",114.160870924389
"us-id",77.9078548701289
"us-il",93.224865076462
"us-in",82.0902569347685
"us-ks",71.4137096605706
"us-ky",100.034783584221
"us-la",76.9520627847355
"us-ma",72.1770965286561
"us-md",108.559427696988
"us-me",60.8198375375881
"us-mi",87.9079918140458
"us-mn",109.519006480098
"us-mo",100.351381741898
"us-ms",152.297693916361
"us-mt",65.4059949675185
"us-nc",100.711357664135
"us-nd",111.433910812293
"us-ne",112.898876007488
"us-nh",82.0566064912618
"us-nj",134.647638889497
"us-nm",87.1726864101501
"us-nv",99.14688865932
"us-ny",127.899853034614
"us-oh",95.9870661659489
"us-ok",91.3677383650738
"us-or",83.2011795291026
"us-pa",110.684562397746
"us-ri",54.9918180104895
"us-sc",115.334248289437
"us-sd",99.732832000249
"us-tn",97.8241700208541
"us-tx",99.3655703602025
"us-ut",59.3229553780622
"us-va",102.560041154623
"us-vt",59.2831870685768
"us-wa",88.5211102042534
"us-wi",88.1752184143893
"us-wv",108.662458714309
"us-wy",124.777778994594
