"JS_KEY","NAME_REGIONALITY"
"us-al",101.512008910479
"us-az",62.3092983465858
"us-ca",99.533798593399
"us-co",91.265999774604
"us-ct",119.710144201318
"us-de",295.287680816376
"us-fl",108.85943221051
"us-ga",90.2669429345067
"us-il",134.50896151009
"us-in",163.100941639514
"us-ky",129.883313964947
"us-la",146.315691641621
"us-ma",47.3045574589314
"us-md",180.785917976362
"us-mi",94.156273057063
"us-mo",133.869269719548
"us-ms",109.236428565713
"us-nc",78.5340968160142
"us-nj",109.735474970679
"us-nv",173.107297212842
"us-ny",122.879625424281
"us-oh",122.197675342152
"us-or",88.17801828417
"us-pa",215.195207392217
"us-sc",119.548700985942
"us-tn",106.630346970019
"us-tx",108.755958226802
"us-va",66.8461044013142
"us-wi",111.342538191391
