"JS_KEY","NAME_REGIONALITY"
"us-ar",1.64515318361472
"us-az",1.13586413586414
"us-ca",0.979638180700354
"us-co",0.869580968482067
"us-fl",1.59055188765526
"us-ga",0.96115322369848
"us-il",0.761164843295809
"us-in",2.05770293181948
"us-ky",1.75982295598338
"us-ma",1.06228240986605
"us-md",1.16857852832294
"us-mi",0.889160539102196
"us-mn",0.808801231004234
"us-mo",1.18797752229726
"us-nc",0.980322025717503
"us-nj",1.06315284390802
"us-ny",1.12550797124101
"us-oh",1.09515360438001
"us-pa",3.31614091641722
"us-sc",1.0309824470979
"us-tn",0.652820336155785
"us-tx",1.31461266217736
"us-va",1.09485338327678
