"JS_KEY","NAME_REGIONALITY"
"us-az",169.997899620105
"us-ca",122.798321690947
"us-fl",186.161087238472
"us-il",125.632210494283
"us-in",221.807902199557
"us-mi",114.417001496196
"us-mn",167.717837214471
"us-mo",194.813981476636
"us-nj",83.756793967317
"us-ny",100.287008392066
"us-oh",156.233669227369
"us-pa",203.480157110794
"us-tn",98.0437544241076
"us-tx",198.279101845252
"us-va",122.02491568587
"us-wa",99.7625371387413
