"JS_KEY","NAME_REGIONALITY"
"us-az",108.592489392219
"us-ca",138.158436640807
"us-fl",71.4762485433456
"us-il",68.0447417693868
"us-in",344.165651404022
"us-ks",250.297735203637
"us-ky",299.162226744718
"us-mi",200.996497184689
"us-ny",132.275968229758
"us-oh",157.423584726872
"us-pa",369.178918110503
"us-tx",220.598720022782
"us-wi",213.130624655277
