"JS_KEY","NAME_REGIONALITY"
"us-az",1.08592489392219
"us-ca",1.38158436640807
"us-fl",0.714762485433456
"us-il",0.680447417693868
"us-in",3.44165651404022
"us-ks",2.50297735203637
"us-ky",2.99162226744718
"us-mi",2.00996497184689
"us-ny",1.32275968229758
"us-oh",1.57423584726872
"us-pa",3.69178918110503
"us-tx",2.20598720022782
"us-wi",2.13130624655277
