"JS_KEY","NAME_REGIONALITY"
"us-al",1.24026797469613
"us-az",1.01330015887291
"us-ca",1.32645840700908
"us-fl",0.921504666535414
"us-ga",0.87915714212055
"us-il",0.758109849114409
"us-in",2.21397149669875
"us-ky",2.35674629685088
"us-mi",1.10023567875173
"us-mo",2.46112932397588
"us-nj",1.36333448424164
"us-ny",1.4028057402553
"us-oh",1.79815937549068
"us-pa",3.56471996065571
"us-tx",1.70559729693682
"us-wi",1.39653105965671
