"JS_KEY","NAME_REGIONALITY"
"us-ak",0.527540064396861
"us-al",0.777311845935945
"us-ar",0.919604673885375
"us-az",0.659736756245282
"us-ca",0.752157339843653
"us-co",0.976120611616048
"us-ct",0.784775147567804
"us-dc",0.657937146981111
"us-de",1.00178636676849
"us-fl",0.852906031592153
"us-ga",0.680148225679629
"us-hi",0.632191780360111
"us-ia",1.20357288766099
"us-id",1.5127454933681
"us-il",0.928614785621802
"us-in",1.08492606792089
"us-ks",1.04028141617046
"us-ky",0.919330965725995
"us-la",0.831507777535284
"us-ma",1.05155492767385
"us-md",0.974166618536952
"us-me",1.20205838439533
"us-mi",1.03706370545674
"us-mn",1.14971929526114
"us-mo",1.04363984038572
"us-ms",0.668500485907902
"us-mt",0.956042311671184
"us-nc",1.14460003486209
"us-nd",1.43571284573378
"us-ne",1.27031031954574
"us-nh",1.29725918915431
"us-nj",0.955084175644561
"us-nm",0.776097021354652
"us-nv",1.17632405557442
"us-ny",1.0423025218706
"us-oh",1.26683737818581
"us-ok",1.04516409822195
"us-or",0.809084869936231
"us-pa",0.970516397209644
"us-ri",0.813937614521453
"us-sc",0.963521864667391
"us-sd",1.25706493248345
"us-tn",0.841385668182952
"us-tx",0.807857979421544
"us-ut",1.46323343246534
"us-va",0.934071518252848
"us-vt",1.41867697317802
"us-wa",0.754337627359575
"us-wi",1.50055840539552
"us-wv",1.17875543129766
"us-wy",0.887206285090283
