"JS_KEY","NAME_REGIONALITY"
"us-ak",123.970856577199
"us-al",85.1067737776257
"us-ar",102.537600108003
"us-az",78.6824264345849
"us-ca",77.5678113303773
"us-co",98.2364568551341
"us-ct",83.8884256066785
"us-dc",94.6024297279152
"us-de",103.606991735051
"us-fl",95.9482527378741
"us-ga",81.5224859843667
"us-hi",65.0147913252602
"us-ia",115.473986167403
"us-id",130.774965061128
"us-il",88.0862949691026
"us-in",100.985773408114
"us-ks",93.177660783297
"us-ky",110.983891177455
"us-la",95.4274671559622
"us-ma",110.68408394121
"us-md",102.013546968331
"us-me",138.100691861681
"us-mi",96.1251395299226
"us-mn",102.994307493249
"us-mo",100.459322924825
"us-ms",79.7833203258862
"us-mt",114.955412835992
"us-nc",111.35370431017
"us-nd",121.788271074079
"us-ne",99.993467008052
"us-nh",112.11396889127
"us-nj",105.410648335355
"us-nm",70.8335443266582
"us-nv",192.154827694658
"us-ny",102.351488872902
"us-oh",127.466144624595
"us-ok",93.4137589179704
"us-or",77.2296915136424
"us-pa",97.5300119246621
"us-ri",73.0981537972393
"us-sc",99.2950771054289
"us-sd",129.37156716076
"us-tn",88.2556368051979
"us-tx",82.5817527744536
"us-ut",126.718894406563
"us-va",97.487395562472
"us-vt",109.749611171199
"us-wa",70.3897323144084
"us-wi",142.150543564624
"us-wv",109.181718505481
"us-wy",91.9951299555513
