"JS_KEY","NAME_REGIONALITY"
"us-ak",1.05577274734399
"us-al",0.889333407466238
"us-ar",0.930278931793415
"us-az",0.900817337094764
"us-ca",0.731616132172295
"us-co",1.06118538945096
"us-ct",0.856132497972062
"us-dc",0.623263809999849
"us-de",1.37767004680268
"us-fl",0.924617351989842
"us-ga",0.751897983884091
"us-hi",0.556379517696699
"us-ia",1.35875343180147
"us-id",1.02081810908733
"us-il",0.859191638056331
"us-in",1.00824199748539
"us-ks",1.10421067284026
"us-ky",1.09266399266454
"us-la",0.900846761146278
"us-ma",1.13749871318043
"us-md",1.11461450513892
"us-me",1.66130383277717
"us-mi",0.936148151491081
"us-mn",0.865422888767759
"us-mo",0.96486054376748
"us-ms",0.969844102737864
"us-mt",0.963241025469737
"us-nc",1.15224982600845
"us-nd",1.2638067862295
"us-ne",1.12497179194258
"us-nh",1.12461491552696
"us-nj",1.07992149147589
"us-nm",0.946006234052993
"us-nv",0.96035799103322
"us-ny",0.954364403134031
"us-oh",1.19019878568376
"us-ok",0.912032940738158
"us-or",0.719808881888922
"us-pa",1.08182144779534
"us-ri",0.699959023291133
"us-sc",1.07046189436132
"us-sd",1.28764131725497
"us-tn",0.918576214505415
"us-tx",0.767643269232032
"us-ut",1.12683249056145
"us-va",1.02407039828634
"us-vt",0.749423887842032
"us-wa",0.685749287991476
"us-wi",1.34143527428574
"us-wv",1.17759604817812
"us-wy",0.87571744567938
