"JS_KEY","NAME_REGIONALITY"
"us-ak",1.23748437119976
"us-al",0.681478581486192
"us-ar",1.09394996864493
"us-az",1.39835152147561
"us-ca",0.73808661589269
"us-co",1.1119852570618
"us-ct",0.819005438928032
"us-dc",1.10127948744184
"us-de",1.124407171599
"us-fl",0.719144249444702
"us-ga",0.712396280647776
"us-hi",1.16524728155872
"us-ia",1.27705417398066
"us-id",1.19861200215642
"us-il",0.936497608453858
"us-in",1.17676689892984
"us-ks",1.34516525622506
"us-ky",1.46348460774721
"us-la",0.86634199609179
"us-ma",0.832815197036867
"us-md",1.20610992733681
"us-me",1.16240104980112
"us-mi",1.02372109837065
"us-mn",1.09341340174629
"us-mo",1.17746719809286
"us-ms",1.08477045301877
"us-mt",1.23057248083518
"us-nc",1.00598595817204
"us-nd",1.28722275962326
"us-ne",0.971001141490594
"us-nh",0.970089264898444
"us-nj",0.994271781914478
"us-nm",1.15998783503119
"us-nv",1.25762946561464
"us-ny",0.854208506780148
"us-oh",1.00357224453541
"us-ok",1.24671431972376
"us-or",0.77973163723156
"us-pa",1.25935790192686
"us-ri",0.588918343509887
"us-sc",1.15000655834968
"us-sd",1.27289800967191
"us-tn",0.83659498512359
"us-tx",0.786527467353753
"us-ut",1.38107432988328
"us-va",1.14403073990036
"us-vt",1.0341137675639
"us-wa",0.790720107983153
"us-wi",1.10827417571542
"us-wv",1.58058365369424
"us-wy",1.04254053745527
