"JS_KEY","NAME_REGIONALITY"
"us-ak",3.37242412888722
"us-al",0.400829402023407
"us-az",1.10961352756261
"us-ca",1.43296269387337
"us-co",0.976762861090814
"us-ct",1.30668950699727
"us-dc",0.947598368206343
"us-de",1.69069905769652
"us-fl",0.904856962316176
"us-ga",0.386692990113085
"us-hi",3.13627596162222
"us-ia",0.411833337146181
"us-id",1.41901665188689
"us-il",0.776236018524108
"us-in",0.845496933389694
"us-ks",1.12082682925745
"us-ky",0.966762476037929
"us-la",0.533349493643611
"us-ma",0.708878487072109
"us-md",1.12074209786727
"us-me",2.1888640883786
"us-mi",1.12708353860807
"us-mn",1.00659807649295
"us-mo",0.854839659393739
"us-ms",0.567872999850161
"us-nc",0.588991446031475
"us-ne",0.836363847543164
"us-nj",1.08384174581023
"us-nm",1.62868469535465
"us-ny",1.21343329769014
"us-oh",0.875809425581497
"us-ok",0.533035261546889
"us-or",1.03730593832831
"us-pa",1.4290293813632
"us-sc",0.816744900273963
"us-sd",1.74990279397878
"us-tn",0.508185436676055
"us-tx",1.47769511310093
"us-ut",1.73596914175506
"us-va",0.681845003149694
"us-wa",0.772461102322561
"us-wi",0.712156546266242
"us-wv",0.816895145005468
"us-wy",3.08343936576294
