"JS_KEY","NAME_REGIONALITY"
"us-al",0.879552779460384
"us-ar",0.437947814130299
"us-az",1.96237573479358
"us-ca",1.40220701729841
"us-co",0.922672578925433
"us-ct",1.11991271819269
"us-dc",1.54447495314153
"us-fl",1.32915345884507
"us-ga",0.51260243400184
"us-hi",1.20523238448658
"us-ia",0.53125415720783
"us-id",1.19037507156331
"us-il",0.977688297551236
"us-in",1.14555902530227
"us-ks",1.31059752784347
"us-ky",1.02607439476846
"us-la",0.8193855192363
"us-ma",0.708354527177331
"us-md",1.2983448011158
"us-mi",0.867811164131264
"us-mn",0.586928003869193
"us-mo",0.697005396762801
"us-ms",0.537472864594673
"us-nc",0.413919659671839
"us-ne",0.856212948410733
"us-nh",1.16813885250357
"us-nj",0.82709892488179
"us-ny",1.16189611799134
"us-oh",1.16608638355913
"us-ok",1.15660484933498
"us-or",1.10710768252007
"us-pa",1.19562317969952
"us-sc",0.926244696271324
"us-tn",0.443380920153657
"us-tx",1.65405536471861
"us-ut",1.73635878098639
"us-va",0.832238306927332
"us-wa",1.01280032309797
"us-wi",0.40406411350288
"us-wv",0.487740475085092
