"JS_KEY","NAME_REGIONALITY"
"us-ak",149.925660064409
"us-al",53.9112706454339
"us-ar",111.448211926884
"us-az",115.686592397247
"us-ca",156.031681735868
"us-co",91.0991698779621
"us-ct",106.260956624062
"us-fl",90.2330977098262
"us-ga",83.9175609194416
"us-hi",120.08917955584
"us-ia",42.3517755935927
"us-il",90.0051336235391
"us-in",79.8382187088878
"us-ks",42.5563863804359
"us-ky",48.0186680447
"us-la",76.8081179000792
"us-ma",64.8039828571086
"us-md",59.0097721947661
"us-mi",73.0371099243005
"us-mn",63.2287362221296
"us-mo",51.3417253971587
"us-nc",73.8172186762307
"us-ne",131.841324393802
"us-nj",115.415460605287
"us-nm",186.809913553136
"us-ny",118.068570370823
"us-oh",107.111275735132
"us-ok",74.5242341580977
"us-or",65.3000720747469
"us-pa",127.405933180011
"us-sc",161.412743738336
"us-sd",191.909692923189
"us-tn",77.9877082464226
"us-tx",161.573363207514
"us-ut",190.957734398165
"us-va",93.0486104263034
"us-vt",230.375438255778
"us-wa",117.963175964008
"us-wi",86.0922808713417
