"JS_KEY","NAME_REGIONALITY"
"us-al",0.591144492932834
"us-az",1.20141706318444
"us-ca",1.58186876764524
"us-co",0.742111452776457
"us-ct",0.916250119924105
"us-fl",1.19507178086227
"us-ga",0.633204823158652
"us-il",0.706563492380778
"us-in",0.588146553102933
"us-ks",1.7742526671144
"us-ky",0.774101021011695
"us-la",0.646679988093539
"us-ma",0.915371403183975
"us-md",0.875585952694535
"us-mi",0.747923135735426
"us-mn",1.37426670051821
"us-mo",0.491329878387278
"us-nc",0.513902640228522
"us-ne",1.10131103119563
"us-nj",0.858185914404484
"us-nm",1.21004970931251
"us-ny",1.02944783739696
"us-oh",1.02783082412457
"us-ok",1.12186616847938
"us-or",1.97681455859742
"us-pa",1.28901262939738
"us-sc",0.500179763894582
"us-tn",0.307026190791692
"us-tx",1.59401898707855
"us-ut",0.905075667774762
"us-va",1.1966929133726
"us-wa",1.26931271981535
"us-wi",1.01885993795104
