"JS_KEY","NAME_REGIONALITY"
"us-ak",220.071293033094
"us-al",113.000828114253
"us-ar",115.366293116392
"us-az",59.0296848106088
"us-ca",75.5860126659213
"us-co",102.278548889949
"us-ct",52.0035968239955
"us-dc",122.157076365371
"us-fl",96.7117599318172
"us-ga",83.5340710529466
"us-ia",150.337060411783
"us-id",126.836659356128
"us-il",76.6383807951683
"us-in",198.405602833457
"us-ks",134.104294026981
"us-ky",117.714564250648
"us-la",103.035056281335
"us-ma",79.3478385696596
"us-md",128.428630206103
"us-me",184.477507191327
"us-mi",67.3494957807341
"us-mn",234.157115136528
"us-mo",133.069775187344
"us-ms",52.6383604380316
"us-mt",220.557638432062
"us-nc",118.360760658267
"us-nd",268.595278636507
"us-ne",148.847623252063
"us-nj",63.822434142611
"us-nm",84.6930850224948
"us-nv",103.058995653147
"us-ny",86.5557024309685
"us-oh",97.0566498487345
"us-ok",127.248171348165
"us-or",232.988600878291
"us-pa",101.512597987028
"us-sc",140.963744901847
"us-sd",288.029816422822
"us-tn",100.447513496427
"us-tx",85.6541817763475
"us-ut",152.40321111116
"us-va",89.6454966231096
"us-wa",122.714273881713
"us-wi",182.254074854835
"us-wv",132.804166853637
