"JS_KEY","NAME_REGIONALITY"
"us-al",1.04130174807634
"us-ar",1.96872223867338
"us-az",0.963506010876166
"us-ca",0.61051797171909
"us-co",1.66036815309803
"us-ct",0.569090989686908
"us-dc",1.46062117913964
"us-fl",0.622247282325535
"us-ga",0.934628882617333
"us-hi",2.57246372519988
"us-ia",1.74715756638878
"us-id",1.60697822308675
"us-il",0.97098036538371
"us-in",1.88572841935128
"us-ks",1.03315225288498
"us-ky",0.957219189925385
"us-la",0.760493038684867
"us-ma",0.831094366106635
"us-md",1.18596399736793
"us-me",1.79930697184392
"us-mi",0.988171032000653
"us-mn",1.90116636321289
"us-mo",1.15016397858763
"us-ms",0.783166224748338
"us-nc",1.06110149533888
"us-nd",2.17595615853373
"us-nj",0.949425547251671
"us-nm",1.0418667517378
"us-nv",1.03571909078034
"us-ny",0.86444461223943
"us-oh",1.05767310274989
"us-ok",1.31920010771613
"us-or",2.21071101384365
"us-pa",1.04649042075439
"us-sc",0.772668481047658
"us-tn",1.07432960873843
"us-tx",0.991126400781846
"us-ut",1.76968961449743
"us-va",1.35439706905407
"us-wa",1.58320221804543
"us-wi",1.43453391149194
