"JS_KEY","NAME_REGIONALITY"
"us-ca",293.660525084039
"us-hi",2877.27469815222
"us-id",2681.58066521604
"us-il",175.470272359295
"us-mi",353.25712624333
"us-oh",141.845481212552
"us-sd",1839.05623774196
"us-ut",2177.89573340066
"us-wi",322.739941786946
