"JS_KEY","NAME_REGIONALITY"
"us-ca",3.86526793726133
"us-hi",25.9345849829634
"us-ia",4.22504647491793
"us-id",24.2854276376695
"us-in",2.50522359101628
"us-mi",2.0400233204552
"us-mn",5.28777839147413
"us-nd",18.0081687075664
"us-ny",1.55487505828639
