"JS_KEY","NAME_REGIONALITY"
"us-ak",1.1572518250273
"us-al",0.545847152583302
"us-ar",0.982877318331999
"us-az",0.880099972397914
"us-ca",0.982464037495874
"us-co",0.919024353951246
"us-ct",1.37449598986902
"us-dc",0.986326941749471
"us-de",0.911806912447099
"us-fl",0.912706874070269
"us-ga",0.792496179757414
"us-hi",0.911681145976417
"us-ia",0.726302423868886
"us-id",0.79571356106289
"us-il",1.06353953619437
"us-in",0.870921058278209
"us-ks",0.602725834387498
"us-ky",0.666616554418952
"us-la",0.671097430948138
"us-ma",1.42108887013661
"us-md",1.28151539417919
"us-me",1.14356235503646
"us-mi",1.01796269133623
"us-mn",0.783719813581857
"us-mo",0.902760096194536
"us-ms",0.8079068978859
"us-mt",0.640939472322814
"us-nc",0.834568578998427
"us-nd",0.86751361699744
"us-ne",0.722006915462459
"us-nh",1.33613408633309
"us-nj",1.53740650929376
"us-nm",0.82533035066694
"us-nv",0.944695367369227
"us-ny",1.4478695040607
"us-oh",0.927466510495933
"us-ok",0.985252314495
"us-or",0.81594872052831
"us-pa",1.45211422199099
"us-ri",0.888295643944199
"us-sc",0.658924227714553
"us-sd",0.382650431237501
"us-tn",0.710847920274123
"us-tx",0.899146782710291
"us-ut",0.810333279772595
"us-va",1.0777619610386
"us-vt",1.56393621243152
"us-wa",0.907570292809105
"us-wi",0.844107388617694
"us-wv",0.79332374088435
"us-wy",0.530188901737622
