"JS_KEY","NAME_REGIONALITY"
"us-al",33.3107259892072
"us-ar",55.3253119751373
"us-ca",90.8275380126214
"us-co",107.882559349394
"us-ct",141.784115748933
"us-ia",400.763384981454
"us-id",447.464828270909
"us-il",121.854442309015
"us-in",99.7999130226517
"us-ks",173.245242796798
"us-ky",70.1575028235363
"us-ma",112.246443566462
"us-me",281.006350242098
"us-mi",211.681091569015
"us-mn",190.894609236193
"us-mo",54.7154893459901
"us-mt",196.665578454359
"us-nc",39.3985074044061
"us-nd",294.528325668024
"us-ne",241.505457592408
"us-nh",228.180763997595
"us-nj",25.5312411060147
"us-ny",73.5555656801494
"us-oh",123.061880880009
"us-or",196.490868138883
"us-pa",71.1695888566533
"us-sc",38.1105071278836
"us-sd",295.173337057387
"us-tn",31.9998872350023
"us-tx",21.1396951047828
"us-ut",497.463260974365
"us-va",38.2783461228825
"us-vt",342.338416268798
"us-wa",259.42428129214
"us-wi",285.945556638528
"us-wv",246.313254317466
