"JS_KEY","NAME_REGIONALITY"
"us-al",0.513737217462893
"us-ca",0.952030671577609
"us-co",1.51738221884498
"us-ct",0.910035376598507
"us-ga",0.609662498643074
"us-ia",3.15589999297591
"us-id",4.7234360974308
"us-il",1.05301541917789
"us-in",1.25948721722311
"us-ks",1.56105457909343
"us-ky",0.608815352975668
"us-ma",1.3222471668684
"us-me",3.58609624067866
"us-mi",2.44776051169931
"us-mn",3.14963484089423
"us-mo",0.506142213094901
"us-mt",2.76552786269722
"us-nc",0.472116857926447
"us-nd",2.45808896341563
"us-ne",2.82467521532562
"us-nj",0.440530321600157
"us-ny",0.757646734224939
"us-oh",1.12924246438629
"us-ok",0.754631802548115
"us-or",3.51022324800125
"us-pa",0.52275403428181
"us-ri",1.14567449409437
"us-sc",0.520422346579022
"us-sd",3.9709947294614
"us-tn",0.287971682694403
"us-tx",0.385899724637631
"us-ut",4.99277923679844
"us-vt",3.76570376201822
"us-wa",2.23968626844402
"us-wi",1.76124721830221
"us-wv",2.15790247826713
