"JS_KEY","NAME_REGIONALITY"
"us-al",17.8276209731138
"us-ar",22.4066548740462
"us-az",48.5423686701874
"us-ca",157.522198435499
"us-co",111.045034359826
"us-ct",112.497770546815
"us-dc",63.877915311322
"us-de",66.1654631511716
"us-fl",62.1033261268224
"us-ga",31.2736357263447
"us-hi",108.644173930665
"us-ia",135.641060194395
"us-id",164.035210728946
"us-il",170.902999886191
"us-in",109.590975904564
"us-ks",111.035850253105
"us-ky",47.1850820216285
"us-la",62.6125889463254
"us-ma",91.5913185399609
"us-md",74.492263881198
"us-me",152.862647246961
"us-mi",162.197079846232
"us-mn",191.507809650977
"us-mo",90.7774086948058
"us-ms",8.14757394689664
"us-mt",92.5631113485274
"us-nc",25.1875003678448
"us-nd",144.982962457312
"us-ne",143.546145514485
"us-nh",119.577069503344
"us-nj",96.4076280601763
"us-nm",30.1872420470329
"us-nv",113.084880123743
"us-ny",121.781928501912
"us-oh",132.426271603291
"us-ok",61.7095983300662
"us-or",192.980412349976
"us-pa",109.136182539841
"us-ri",89.5726537584003
"us-sc",12.3212580902469
"us-sd",154.23264491724
"us-tn",14.1870576788263
"us-tx",30.3340745636913
"us-ut",256.976936892493
"us-va",30.7617610726802
"us-vt",117.667077589689
"us-wa",162.504555574399
"us-wi",197.497396386321
"us-wv",77.8052571074216
"us-wy",143.057961558159
