"JS_KEY","NAME_REGIONALITY"
"us-ak",1.05236396142105
"us-al",0.976801009487837
"us-ar",0.972922157777145
"us-az",1.05956781963606
"us-ca",1.16189748060255
"us-co",1.02966572230433
"us-ct",0.805989011530722
"us-dc",1.00104872319775
"us-de",0.838742396257175
"us-fl",1.00628060332709
"us-ga",0.907415488914996
"us-hi",0.978259681415842
"us-ia",1.06401648318887
"us-id",1.49519212921082
"us-il",1.09441674898292
"us-in",1.00191191116012
"us-ks",1.24556606089675
"us-ky",0.93382630622394
"us-la",1.25202050047715
"us-ma",0.704474953727365
"us-md",0.951649680553348
"us-me",1.01430996132701
"us-mi",1.1280039624771
"us-mn",0.864185176864949
"us-mo",1.03329592210764
"us-ms",0.68430334644375
"us-mt",1.21491229540953
"us-nc",0.960569943496981
"us-nd",0.972623272217455
"us-ne",1.12928061361216
"us-nh",0.732667467051599
"us-nj",0.818337388495238
"us-nm",1.05214373248699
"us-nv",1.1565825249772
"us-ny",0.807312403084543
"us-oh",1.08601386957256
"us-ok",1.13783287798521
"us-or",1.26804424598477
"us-pa",1.04196191413893
"us-ri",1.08525975194939
"us-sc",1.08928055634564
"us-sd",1.04839603736841
"us-tn",0.975295258138824
"us-tx",0.933515490436205
"us-ut",1.19581620988683
"us-va",1.0130666029488
"us-vt",0.811620806688905
"us-wa",1.15022044644663
"us-wi",0.959072108439767
"us-wv",1.16310682018834
"us-wy",1.09529586948981
