"JS_KEY","NAME_REGIONALITY"
"us-ak",1.42805263434682
"us-al",0.901618591073032
"us-ar",0.987589868473483
"us-az",1.04241948790781
"us-ca",1.18047533561321
"us-co",1.0825167009522
"us-ct",0.769092903775165
"us-dc",1.08779051997679
"us-de",0.916121853869513
"us-fl",1.02822269146249
"us-ga",0.945237203738298
"us-hi",0.799880499501804
"us-ia",1.08849448677315
"us-id",1.29716740493411
"us-il",1.07284696704718
"us-in",1.04928017422882
"us-ks",1.09027899455652
"us-ky",0.933069755106715
"us-la",1.22331608623836
"us-ma",0.712163769440657
"us-md",1.0014887527112
"us-me",1.02790734117073
"us-mi",1.09525122068015
"us-mn",0.852521206624478
"us-mo",1.1330950075302
"us-ms",0.789563853858605
"us-mt",1.1789942049144
"us-nc",0.900855497845101
"us-nd",1.03531611004242
"us-ne",0.984483322641335
"us-nh",0.775678736222257
"us-nj",0.957816047751509
"us-nm",1.01775271174706
"us-nv",1.11804221253965
"us-ny",0.767929363159148
"us-oh",1.10655468947526
"us-ok",1.1317102539176
"us-or",1.19790725540981
"us-pa",1.06406036491362
"us-ri",0.855157122854282
"us-sc",0.938949409186524
"us-sd",0.904095048506269
"us-tn",0.971283463680762
"us-tx",0.921249127086216
"us-ut",1.23609260992495
"us-va",1.07242694122565
"us-vt",0.954630223499346
"us-wa",1.16394899680154
"us-wi",0.882423728511876
"us-wv",1.29095101527526
"us-wy",0.890533622778675
