"JS_KEY","NAME_REGIONALITY"
"us-ak",1.34670627049116
"us-al",1.15310156876443
"us-ar",1.21950971315133
"us-az",0.731659857806745
"us-ca",0.961626397527943
"us-co",0.746911679572666
"us-ct",1.00042704750153
"us-dc",1.84825758278062
"us-de",1.4428089250387
"us-fl",1.29711331468117
"us-ga",1.14173881321166
"us-hi",1.3762492060642
"us-ia",0.433654205930416
"us-id",0.544530147225874
"us-il",1.00344913377018
"us-in",0.937329410840975
"us-ks",0.710305424884173
"us-ky",0.942634034753806
"us-la",1.79312248448605
"us-ma",0.615214682260744
"us-md",1.41446411157377
"us-me",0.625943859614457
"us-mi",1.23550850541362
"us-mn",0.553816119047791
"us-mo",1.06303766886687
"us-ms",1.05332018507139
"us-mt",1.17746286951297
"us-nc",1.09573085697693
"us-nd",0.394100586005941
"us-ne",0.275937347060609
"us-nh",0.565954284165909
"us-nj",1.06141830178961
"us-nm",0.929188148501615
"us-nv",0.764308152833047
"us-ny",1.05816742371014
"us-oh",1.12679198785599
"us-ok",1.3080564395444
"us-or",0.73729353742297
"us-pa",1.09866732513252
"us-ri",0.69841541759036
"us-sc",1.57181927632035
"us-sd",0.728337791859081
"us-tn",0.969580751322661
"us-tx",0.717423923912856
"us-ut",0.682708656346314
"us-va",1.17749633632563
"us-vt",0.940402245784152
"us-wa",0.883553672556656
"us-wi",0.447133937755737
"us-wv",1.68358528498008
"us-wy",0.594203293186238
