"JS_KEY","NAME_REGIONALITY"
"us-ak",90.7638857996358
"us-al",123.784810262334
"us-ar",83.6394208253917
"us-az",73.1407383031639
"us-ca",73.7514573153393
"us-co",73.7576134346997
"us-ct",63.8329392438567
"us-dc",110.144935109786
"us-de",193.529331452704
"us-fl",124.057114586993
"us-ga",120.850733811572
"us-hi",134.078714301218
"us-ia",33.3678324445867
"us-id",66.5080582827161
"us-il",102.918683873751
"us-in",135.755961217119
"us-ks",99.581492207821
"us-ky",119.890962688085
"us-la",207.96506323581
"us-ma",45.0670848570173
"us-md",157.724932615016
"us-me",65.1608972275562
"us-mi",112.437102214364
"us-mn",46.5587770031996
"us-mo",91.4133927662265
"us-ms",118.909676920869
"us-mt",111.019819557385
"us-nc",109.687471999957
"us-ne",59.9095977835441
"us-nh",63.9600894575887
"us-nj",110.908327593599
"us-nm",74.1716734746035
"us-nv",88.9181443904823
"us-ny",119.618874159225
"us-oh",121.080331578071
"us-ok",121.651275684528
"us-or",92.3548433556458
"us-pa",150.169250420653
"us-ri",162.519567453672
"us-sc",134.745888125629
"us-tn",103.098106356234
"us-tx",73.5624081385138
"us-ut",55.0697467176047
"us-va",113.624410236226
"us-wa",65.5050191546319
"us-wi",43.2148154170279
"us-wv",154.984339581283
