"JS_KEY","NAME_REGIONALITY"
"us-ak",1.87665547152856
"us-al",1.21809540070578
"us-ar",0.965028118489277
"us-az",1.12895361631768
"us-ca",0.8249539220667
"us-co",0.704494152825468
"us-ct",1.07122335248897
"us-dc",1.20812680482627
"us-fl",1.43315592693262
"us-ga",1.072942530101
"us-hi",1.02954933349489
"us-ia",0.568071110668491
"us-il",0.891294931142842
"us-in",1.06175632576418
"us-ks",0.483250721930508
"us-ky",0.950198510493052
"us-la",2.4680880516627
"us-ma",0.456262555134345
"us-md",1.6160088782607
"us-me",0.88557336532829
"us-mi",1.45999700679635
"us-mn",0.554406625755166
"us-mo",1.18071205296046
"us-ms",1.24410008986755
"us-nc",1.1298820835208
"us-ne",0.701838631628565
"us-nh",0.64277143632228
"us-nj",1.17246510508006
"us-nm",0.598515548366121
"us-nv",0.853806143087129
"us-ny",0.92343843940586
"us-oh",1.23748664488371
"us-ok",0.850630936333337
"us-or",1.14540633575394
"us-pa",1.22654337197301
"us-ri",1.15437353342262
"us-sc",1.40540848829815
"us-tn",1.1106012149478
"us-tx",0.768075958160872
"us-ut",0.794235253089201
"us-va",1.06852411662997
"us-wa",0.813182810121462
"us-wi",0.427075288705377
"us-wv",1.06181315084421
