"JS_KEY","NAME_REGIONALITY"
"us-al",1.85109326089567
"us-ar",1.01348693529169
"us-az",1.00889569764522
"us-ca",0.744444109410499
"us-co",0.514488049313008
"us-ct",0.69657304342511
"us-dc",2.60094120703459
"us-de",2.63493910790926
"us-fl",1.38122599258859
"us-ga",1.22619589286256
"us-hi",2.22151713405717
"us-ia",0.758061206148638
"us-il",1.14361496564449
"us-in",1.32357243819747
"us-ks",0.929738788186277
"us-ky",1.30361978417494
"us-la",2.87032883881523
"us-ma",0.535604074294068
"us-md",1.70145750124929
"us-mi",1.27193444898586
"us-mn",0.537282655175062
"us-mo",1.68641626546964
"us-ms",0.841150937233027
"us-mt",3.04890551044397
"us-nc",1.11329342438329
"us-nj",0.932914615751723
"us-nv",0.647085615151636
"us-ny",0.762136183979753
"us-oh",1.50705211127219
"us-ok",1.13465937424664
"us-or",0.666085912992654
"us-pa",1.30645291902898
"us-sc",1.59990309469695
"us-tn",1.3121801614753
"us-tx",0.779023354493914
"us-ut",0.797007008917295
"us-va",0.860003628720844
"us-wa",0.520569886296818
"us-wi",0.478299326197483
