"JS_KEY","NAME_REGIONALITY"
"us-ak",533.861224489796
"us-al",136.132962148387
"us-ar",175.906156604901
"us-az",115.196733270466
"us-ca",95.1032295853447
"us-co",63.4340808566773
"us-ct",83.8349912829453
"us-fl",147.858273306647
"us-ga",74.7162194755572
"us-il",99.0598226289643
"us-in",182.798271828177
"us-ks",111.551611729387
"us-ky",167.211659151132
"us-la",238.078968373819
"us-ma",72.6524851876234
"us-md",174.179844858008
"us-mi",97.7370020424769
"us-mo",173.115068471662
"us-nc",105.150318417789
"us-nj",49.1434082071
"us-nv",168.312156249702
"us-ny",77.0568430515583
"us-oh",146.814555522759
"us-ok",177.166335560773
"us-pa",131.917474422558
"us-sc",145.039136181366
"us-tn",135.861756550492
"us-tx",66.92682347501
"us-va",119.822742851395
"us-wa",76.9375663796343
"us-wi",96.4920161316765
"us-wv",280.913880987381
