"JS_KEY","NAME_REGIONALITY"
"us-ak",76.5357941563527
"us-al",67.1238584446806
"us-ar",95.7834687853643
"us-az",57.3919494035781
"us-ca",106.99629830658
"us-co",111.186193751705
"us-ct",75.9151559634414
"us-dc",100.175521280527
"us-de",92.2610953789606
"us-fl",99.1397653018387
"us-ga",86.1135865953099
"us-hi",93.1901443050526
"us-ia",134.517456396014
"us-id",116.501834904345
"us-il",122.163859384715
"us-in",98.8019034571218
"us-ks",111.702868564168
"us-ky",101.451457839791
"us-la",117.765068694373
"us-ma",83.9306232485376
"us-md",107.444906967228
"us-me",107.305294914906
"us-mi",104.86449660423
"us-mn",132.094233269542
"us-mo",132.845470280758
"us-ms",67.5607457015648
"us-mt",106.45620179125
"us-nc",77.0029098495878
"us-nd",112.30550990146
"us-ne",129.098288448956
"us-nh",98.8911134884444
"us-nj",87.4564970136217
"us-nm",52.0192798045125
"us-nv",103.431346626056
"us-ny",90.0864067628746
"us-oh",96.6310830603041
"us-ok",113.325689858731
"us-or",112.639738987338
"us-pa",91.3256842026334
"us-ri",95.1325121505299
"us-sc",60.7071220949217
"us-sd",140.367205248084
"us-tn",90.835566070674
"us-tx",136.698346285507
"us-ut",89.9820872802775
"us-va",88.6684275775361
"us-vt",83.3865505563619
"us-wa",113.170604717638
"us-wi",145.401334432112
"us-wv",73.2318883851994
"us-wy",111.927270828773
