"JS_KEY","NAME_REGIONALITY"
"us-ak",152.804686492481
"us-al",266.487914033971
"us-ar",202.545722574983
"us-az",102.246006719546
"us-ca",53.417305561291
"us-co",75.5489707481909
"us-ct",75.9685457239876
"us-dc",80.2095078682861
"us-de",131.201805680957
"us-fl",155.193501823404
"us-ga",219.817116034623
"us-hi",43.5863681558561
"us-ia",45.1033577287628
"us-id",95.4761249800412
"us-il",63.2624544045679
"us-in",45.2276473171232
"us-ks",51.4747882796748
"us-ky",106.874267864607
"us-la",200.590721603978
"us-ma",89.8497459113844
"us-md",120.355456452074
"us-me",107.798853701314
"us-mi",59.4958228594319
"us-mn",49.4497426624291
"us-mo",87.4687860756129
"us-ms",461.089535953184
"us-mt",69.6430184939012
"us-nc",161.135193822157
"us-nd",73.5980946753971
"us-ne",54.000449160043
"us-nh",56.5242905730125
"us-nj",103.157054402839
"us-nm",154.613483368202
"us-nv",66.5001335751905
"us-ny",76.7305286292883
"us-oh",54.6575618820689
"us-ok",67.0444522067628
"us-or",56.3080950771947
"us-pa",89.2910934811208
"us-ri",77.9649621655565
"us-sc",235.837179145807
"us-sd",73.689679183194
"us-tn",159.384597439492
"us-tx",120.341376649659
"us-ut",47.5302925471573
"us-va",160.355314653625
"us-vt",71.140378509753
"us-wa",51.4792038038724
"us-wi",46.2049392384101
"us-wv",77.2915454688699
"us-wy",80.494461874828
