"JS_KEY","NAME_REGIONALITY"
"us-ak",0.91025162879395
"us-al",2.76045219818251
"us-ar",2.08180530560643
"us-az",1.14417220629523
"us-ca",0.5696844804629
"us-co",0.964199750384494
"us-ct",0.647916756202472
"us-dc",0.817899082797823
"us-de",1.02238002669327
"us-fl",1.76884012346545
"us-ga",2.3636237412856
"us-hi",0.422949053954588
"us-ia",0.48144497979872
"us-id",0.742978991390983
"us-il",0.60136317592356
"us-in",0.516270941798751
"us-ks",0.611339122456864
"us-ky",0.900116301203991
"us-la",2.05699084723294
"us-ma",0.858082686130374
"us-md",1.11578600775197
"us-me",0.626622718236535
"us-mi",0.593845072499489
"us-mn",0.418640933772436
"us-mo",0.843655909971519
"us-ms",4.90317571113444
"us-mt",0.68586721444799
"us-nc",1.68606135774211
"us-nd",0.838884864212906
"us-ne",0.623105078870686
"us-nh",0.88240031620822
"us-nj",1.0271340701725
"us-nm",1.58259207687015
"us-nv",1.00545780358203
"us-ny",0.763545346697928
"us-oh",0.532855170125584
"us-ok",0.580435299921901
"us-or",0.506959515547691
"us-pa",0.949241459470892
"us-ri",0.710892008636496
"us-sc",2.63134299120149
"us-sd",0.66698320523962
"us-tn",1.48658130870339
"us-tx",1.20654233582824
"us-ut",0.796345496854142
"us-va",1.24373405284575
"us-vt",0.865823495620311
"us-wa",0.571480105534356
"us-wi",0.438920463040341
"us-wv",0.733712805263593
"us-wy",1.02938371165594
