"JS_KEY","NAME_REGIONALITY"
"us-ak",111.965476711583
"us-al",197.133191002625
"us-ar",186.659736499787
"us-az",102.381223052393
"us-ca",69.1694973259014
"us-co",81.5448176121197
"us-ct",87.6146318523374
"us-dc",128.247016748618
"us-de",123.941683481163
"us-fl",152.156094539638
"us-ga",184.681918589827
"us-hi",122.338894660238
"us-ia",46.470833749885
"us-id",107.964084100466
"us-il",76.9234730822154
"us-in",66.3601838868845
"us-ks",57.1352725240525
"us-ky",92.9470441127126
"us-la",125.899732239677
"us-ma",84.9116043324942
"us-md",115.411772111565
"us-me",89.3547570151005
"us-mi",77.3476802669758
"us-mn",24.34292520635
"us-mo",85.884446815869
"us-ms",473.189540394955
"us-mt",83.0295698951799
"us-nc",125.501131066827
"us-nd",66.0484946783705
"us-ne",50.0213939416177
"us-nh",61.0410394747137
"us-nj",119.547307639113
"us-nm",174.008559149289
"us-nv",137.482692378771
"us-ny",95.7805711452311
"us-oh",65.7248931381295
"us-ok",75.9488683995427
"us-or",67.5788279518269
"us-pa",106.039936658184
"us-ri",54.1263531451903
"us-sc",237.697866777875
"us-sd",51.4020041946888
"us-tn",116.181933457001
"us-tx",115.386840367085
"us-ut",55.822848010754
"us-va",111.834615139139
"us-wa",70.4131180665579
"us-wi",39.2659881525822
"us-wv",59.4286970971664
"us-wy",118.011459391155
