"JS_KEY","NAME_REGIONALITY"
"us-ak",172.146634232566
"us-al",192.938012203719
"us-ar",177.585416783755
"us-az",123.540132774474
"us-ca",66.5174184491519
"us-co",77.8342040591265
"us-ct",74.1590066456417
"us-dc",61.6721585311788
"us-de",140.228034328178
"us-fl",156.286626533866
"us-ga",211.515624945424
"us-hi",148.479163584509
"us-ia",45.790216849413
"us-id",63.7580126787282
"us-il",80.1216343448104
"us-in",60.5671449401633
"us-ks",63.7175996430452
"us-ky",86.451267583806
"us-la",150.160023737007
"us-ma",88.1802604101429
"us-md",110.606659303818
"us-me",105.941998958034
"us-mi",66.3029764116977
"us-mn",32.8696070218796
"us-mo",67.2751639429583
"us-ms",389.308259734443
"us-mt",79.6172801664021
"us-nc",107.392076128345
"us-nd",89.6881572461723
"us-ne",47.7650901893231
"us-nh",116.924767134806
"us-nj",122.065599917442
"us-nm",131.716197756671
"us-nv",128.965743511172
"us-ny",96.3736919345081
"us-oh",60.6316720751776
"us-ok",64.9475000428221
"us-or",103.100830889525
"us-pa",112.431992344406
"us-ri",52.3173100899224
"us-sc",244.807109244794
"us-sd",54.2179432825939
"us-tn",112.376518480294
"us-tx",126.515620053726
"us-ut",131.959408884157
"us-va",129.383992555121
"us-wa",63.5702478379589
"us-wi",47.5694961089057
"us-wv",84.2129909377677
