"JS_KEY","NAME_REGIONALITY"
"us-al",235.465471860263
"us-ar",119.108181372115
"us-az",66.7653066285513
"us-ca",77.7257034390108
"us-ct",92.8884759093065
"us-fl",167.028367828988
"us-ga",201.345834947168
"us-ia",97.5426690013591
"us-il",113.812966797571
"us-in",52.0937473270789
"us-ks",73.094712960513
"us-ky",111.089596188833
"us-la",188.300747822342
"us-ma",105.922167488272
"us-md",167.209562310854
"us-mi",68.5629639157026
"us-mn",44.6214872513208
"us-mo",148.804153468391
"us-ms",232.308688337612
"us-nc",138.421408888785
"us-nj",135.275693676413
"us-nm",173.06116554133
"us-ny",112.034318005528
"us-oh",49.832983190626
"us-ok",88.7060342335785
"us-pa",108.913617560698
"us-sc",147.885299767297
"us-tn",125.310142106648
"us-tx",109.793713775993
"us-ut",80.4109441005459
"us-va",137.793919052906
"us-wa",100.8666272144
"us-wv",131.828665254076
