"JS_KEY","NAME_REGIONALITY"
"us-al",163.132634309804
"us-ar",179.65239474624
"us-ca",77.4065998947947
"us-ct",127.945853431938
"us-fl",97.8596405337362
"us-ga",163.184736716163
"us-ia",119.356216387219
"us-il",149.976165173584
"us-in",97.3135283658514
"us-la",133.071594297146
"us-ma",92.6241062203992
"us-md",94.0115504912203
"us-me",253.438199731303
"us-mi",84.3701543873988
"us-mo",100.605855600053
"us-ms",218.901664757841
"us-nc",154.338498929182
"us-nj",75.9781989328309
"us-ny",136.309178330246
"us-oh",111.841432871216
"us-pa",81.7660960175673
"us-sc",328.362089112023
"us-tn",132.216748768473
"us-tx",167.960815179281
"us-va",140.091467188158
"us-wa",160.07675225368
