"JS_KEY","NAME_REGIONALITY"
"us-al",174.609032078728
"us-ca",117.036810635753
"us-fl",70.1795407424525
"us-ga",183.583364469179
"us-il",162.857222504043
"us-in",147.845683496334
"us-ky",221.965311725929
"us-la",210.013691778803
"us-ma",133.499030313294
"us-md",194.673910637315
"us-mi",70.8647779452631
"us-mo",236.151813122054
"us-nc",129.496870967957
"us-nj",113.589531481804
"us-ny",114.685455311216
"us-oh",71.7335363801228
"us-pa",61.0292913814055
"us-sc",315.11699305508
"us-tn",155.816434197328
"us-tx",83.1712619135136
"us-va",98.994569034803
"us-wa",138.600624341335
"us-wi",106.676819894253
