"JS_KEY","NAME_REGIONALITY"
"us-ca",78.2256593583058
"us-fl",93.4778934793983
"us-ga",136.7202054006
"us-il",114.998048006338
"us-in",247.110788795662
"us-ma",124.75059551211
"us-md",152.194143923909
"us-mi",120.708108959156
"us-mn",147.444076040518
"us-mo",136.142530249662
"us-ms",249.028939993487
"us-nc",149.790183636111
"us-nj",113.239060347574
"us-ny",104.439139040753
"us-oh",173.000526994546
"us-ok",210.056922936062
"us-pa",80.8994110581619
"us-sc",423.658241109016
"us-tn",219.199110292536
"us-tx",125.010899079455
"us-va",93.019493982713
"us-wa",139.187964067315
