"JS_KEY","NAME_REGIONALITY"
"us-az",98.1610981610982
"us-ca",111.36057951551
"us-fl",154.636989077595
"us-ga",137.053330045894
"us-il",118.403420068237
"us-in",192.052273636485
"us-ky",212.916851464656
"us-la",175.848595848596
"us-ma",82.6219652118041
"us-md",295.390683548298
"us-mi",82.9883169828716
"us-mo",207.896066402021
"us-ms",250.269349737601
"us-nc",83.1788385457276
"us-ny",84.7156537493236
"us-pa",284.240649978619
"us-sc",192.450056791608
"us-tn",203.099660137355
"us-tx",65.0666873198894
"us-va",92.8966507022721
"us-wa",140.288330411066
"us-wi",192.416998291773
