"JS_KEY","NAME_REGIONALITY"
"us-al",162.514151272791
"us-ar",197.39181767924
"us-az",155.646179705803
"us-ca",116.530776953675
"us-co",83.021389629068
"us-ct",98.6187356702407
"us-fl",192.592495090514
"us-ga",149.906607174954
"us-ia",96.5260372485714
"us-il",109.657133434249
"us-in",52.8491525135273
"us-ks",63.7747163493189
"us-ky",84.6620195140365
"us-la",124.670684426288
"us-ma",37.1404009680006
"us-md",82.8282720162823
"us-mi",92.7583766747441
"us-mn",93.6456705390265
"us-mo",107.717526532036
"us-ms",152.140635117834
"us-mt",79.7839102257978
"us-nc",83.9665382671502
"us-nd",125.016357786194
"us-ne",93.2119344343122
"us-nj",114.245993581776
"us-nm",123.332353379598
"us-ny",132.89724487159
"us-oh",62.9744781741303
"us-ok",276.176554094757
"us-or",132.760426615727
"us-pa",42.6599351055332
"us-sc",90.3577573139198
"us-sd",147.003425140446
"us-tn",99.1211771279346
"us-tx",251.203377191021
"us-va",59.8409295107701
"us-wa",143.55927424505
"us-wi",54.4472016195738
"us-wv",56.7891558717465
"us-wy",179.298295249332
