"JS_KEY","NAME_REGIONALITY"
"us-ak",1.66586440260859
"us-al",1.31868067035126
"us-ar",2.11415878142987
"us-az",1.6164394373561
"us-ca",1.09445786518766
"us-co",1.19641424263955
"us-ct",0.165871405630073
"us-dc",0.251988132520542
"us-fl",0.781708448906974
"us-ga",0.954263927354589
"us-hi",0.486709098792963
"us-ia",1.93948583242795
"us-id",1.66092118479669
"us-il",0.96039660345387
"us-in",1.90347506555354
"us-ks",2.03757750887966
"us-ky",0.869362635556172
"us-la",1.399018057518
"us-ma",0.0682005311574125
"us-md",0.205731384679041
"us-me",0.210657280940066
"us-mi",1.0087815420299
"us-mn",0.804598599817482
"us-mo",1.8340478369043
"us-ms",1.18151803785132
"us-mt",1.4310436559426
"us-nc",1.23691198202131
"us-nd",0.989251194762372
"us-ne",2.12201037200556
"us-nj",0.215422493511464
"us-nm",1.9981115171764
"us-ny",0.343834155024104
"us-oh",1.08512182209682
"us-ok",3.08262758613552
"us-or",1.62597750846162
"us-pa",0.214505233863054
"us-ri",0.102867420767997
"us-sc",0.722551619760271
"us-sd",1.41902551116981
"us-tn",1.39342064877498
"us-tx",2.12219875513567
"us-ut",1.7877350635848
"us-va",0.516356493797496
"us-vt",0.183196231958422
"us-wa",1.64540059686605
"us-wi",0.785442938500307
"us-wv",0.839171200707403
"us-wy",1.79743149723622
