"JS_KEY","NAME_REGIONALITY"
"us-al",1.45470169814084
"us-ar",1.92995730838145
"us-az",1.53655181059092
"us-ca",1.03729591248705
"us-co",1.11406364370485
"us-ct",0.108962558650479
"us-dc",0.259533020802566
"us-de",0.198678693435658
"us-fl",0.818312507185879
"us-ga",1.27841538799105
"us-hi",0.508495426055361
"us-ia",1.84890876084664
"us-id",1.79815837706404
"us-il",0.882959207285828
"us-in",1.90205419533027
"us-ks",2.0568200926069
"us-ky",1.08808783662255
"us-la",1.26946649534905
"us-ma",0.062068239978887
"us-md",0.243489941988951
"us-me",0.15504624947984
"us-mi",0.784850768357884
"us-mn",0.738467912017164
"us-mo",1.87297825719687
"us-ms",1.22749574116381
"us-mt",1.34489877772157
"us-nc",1.35325737634942
"us-nd",0.943693126246176
"us-ne",1.50098827462416
"us-nj",0.253613256004744
"us-nm",1.66980264615875
"us-nv",1.26483823208476
"us-ny",0.263605462366046
"us-oh",1.00818497119833
"us-ok",3.06960421563172
"us-or",1.49256778168541
"us-pa",0.216270689447421
"us-sc",0.938363534860755
"us-sd",1.97645404648512
"us-tn",1.63818592334641
"us-tx",2.34659367799265
"us-ut",1.55435327997703
"us-va",0.578173046293681
"us-wa",1.30909959181116
"us-wi",0.648838000260273
"us-wv",1.17399998337139
"us-wy",1.74031796060802
