"JS_KEY","NAME_REGIONALITY"
"us-al",2.17863079979246
"us-ar",2.91015907555468
"us-az",1.03893748390074
"us-ca",0.898634183929166
"us-co",1.06934640182807
"us-ct",0.11686949614206
"us-dc",0.246996916987388
"us-de",0.235129799092902
"us-fl",0.85697552925992
"us-ga",1.88815852882733
"us-hi",0.477706891145469
"us-ia",1.32176541134799
"us-id",1.52811580161767
"us-il",0.775271442565498
"us-in",1.54734608639826
"us-ks",1.47981633067023
"us-ky",1.83601183439972
"us-la",1.31373617396347
"us-ma",0.0741201338668623
"us-md",0.406133020333523
"us-me",0.275602692394708
"us-mi",0.741895527133211
"us-mn",0.623452636261671
"us-mo",1.50035889687624
"us-ms",1.75717056415197
"us-mt",1.33620088037263
"us-nc",1.86762500122914
"us-nd",0.930925226996636
"us-ne",1.25984005284005
"us-nj",0.148439207215108
"us-nm",1.65460058427511
"us-nv",0.813239112307167
"us-ny",0.227491258271608
"us-oh",0.931900443700769
"us-ok",2.69846728987352
"us-or",1.16500933448803
"us-pa",0.227941359226772
"us-ri",0.0845596106165543
"us-sc",1.16225188960002
"us-sd",1.18004919477065
"us-tn",2.4318542985701
"us-tx",1.88093084233811
"us-ut",0.991210939508557
"us-va",1.10124652841992
"us-vt",0.223632790240822
"us-wa",1.06420597420665
"us-wi",0.530246723908321
"us-wv",1.3781288026461
"us-wy",0.93636056537082
