"JS_KEY","NAME_REGIONALITY"
"us-ak",0.791727408775156
"us-al",2.37479740693751
"us-ar",3.02579948820273
"us-az",0.900875599875911
"us-ca",0.707046972285691
"us-co",0.981725475867056
"us-ct",0.160093188378587
"us-dc",0.381519638435917
"us-de",0.394270318701098
"us-fl",0.918835333870042
"us-ga",1.88162477613576
"us-hi",0.727934092126252
"us-ia",1.1812810494266
"us-id",1.2127784442558
"us-il",0.661009985014468
"us-in",1.32885650286909
"us-ks",1.25099938064208
"us-ky",2.1517456246774
"us-la",1.60102927375598
"us-ma",0.0842474229024867
"us-md",0.481743615837569
"us-me",0.313453320658524
"us-mi",0.736953957393148
"us-mn",0.49353334342342
"us-mo",1.34577072710663
"us-ms",2.54196392021747
"us-mt",0.914095996519793
"us-nc",2.25565198097353
"us-nd",0.956841880302607
"us-ne",1.12846112102175
"us-nh",0.241797400309069
"us-nj",0.207532298706461
"us-nm",1.71027908422854
"us-nv",1.07640935718984
"us-ny",0.298569428946126
"us-oh",0.859963353008615
"us-ok",2.25545959586668
"us-or",1.0004080676165
"us-pa",0.314376135263009
"us-ri",0.12616905300143
"us-sc",1.5376284608914
"us-sd",1.08193933076903
"us-tn",2.88563538470902
"us-tx",1.67703255516815
"us-ut",0.990689631861216
"us-va",1.53432799865055
"us-vt",0.410255418188213
"us-wa",0.747357500120267
"us-wi",0.51349007260778
"us-wv",1.90222159989947
"us-wy",1.73249497759673
