"JS_KEY","NAME_REGIONALITY"
"us-ak",87.1219501809387
"us-al",208.939261019535
"us-ar",294.93142699455
"us-az",136.297108438751
"us-ca",80.6787170780163
"us-co",113.71933759192
"us-ct",17.4882199483573
"us-dc",39.3527001306655
"us-de",60.6011645473457
"us-fl",109.004412725153
"us-ga",189.234507007631
"us-hi",54.0614304561072
"us-ia",104.914072507134
"us-id",146.674265679859
"us-il",75.3103303306645
"us-in",138.117599560452
"us-ks",130.314146677135
"us-ky",199.126559218508
"us-la",158.491952594425
"us-ma",9.636299460794
"us-md",46.4597038437005
"us-me",27.1931012411773
"us-mi",73.9847888587827
"us-mn",56.9690106796511
"us-mo",128.676056226848
"us-ms",274.366138001187
"us-mt",91.9847246752284
"us-nc",219.73071399145
"us-nd",78.2669999635513
"us-ne",111.703938678792
"us-nh",32.7884102409106
"us-nj",28.2714995610056
"us-nm",162.983074454732
"us-nv",69.3191293529061
"us-ny",29.6815996892774
"us-oh",82.6605719770761
"us-ok",217.945291735372
"us-or",117.175247453504
"us-pa",32.8206931675558
"us-ri",15.4281902914229
"us-sc",157.606075858669
"us-sd",110.970028666747
"us-tn",256.210121047677
"us-tx",185.617259683459
"us-ut",128.832538394722
"us-va",145.789410326891
"us-vt",57.2086095117901
"us-wa",84.0749857576174
"us-wi",54.828923142636
"us-wv",159.728759464902
"us-wy",219.682616887789
