"JS_KEY","NAME_REGIONALITY"
"us-ak",1.04715141751913
"us-al",1.8411117926523
"us-ar",2.92428914827809
"us-az",1.36680154929412
"us-ca",0.923780350055021
"us-co",1.11731507762119
"us-ct",0.17100634930049
"us-dc",0.488155838188024
"us-de",0.487670972509796
"us-fl",1.00698033495307
"us-ga",1.5519524695838
"us-hi",0.69608847403614
"us-ia",1.19724425841028
"us-id",1.813838494175
"us-il",0.840020902268675
"us-in",1.52777200581263
"us-ks",1.46969050465517
"us-ky",1.70905650021633
"us-la",1.54582298983095
"us-ma",0.110380459549493
"us-md",0.563437130182659
"us-me",0.386617466064482
"us-mi",0.734842647222714
"us-mn",0.508039227066804
"us-mo",1.45766169242787
"us-ms",2.82361504832581
"us-mt",1.12236419783074
"us-nc",1.91653894338455
"us-nd",0.905258621109181
"us-ne",1.22035117629398
"us-nh",0.210077089166429
"us-nj",0.21634293001118
"us-nm",1.48186741733668
"us-nv",1.75606045630215
"us-ny",0.293919783434002
"us-oh",0.95132739623086
"us-ok",2.55762753013431
"us-or",0.994357521472663
"us-pa",0.411880700112798
"us-ri",0.138961333418085
"us-sc",1.55088975828234
"us-sd",1.18182552405467
"us-tn",2.18925075086167
"us-tx",1.91733305305967
"us-ut",1.13985077787244
"us-va",1.14116360966924
"us-vt",0.570178602908579
"us-wa",1.31863718385789
"us-wi",0.616244631684924
"us-wv",1.59988851423286
"us-wy",1.40020270245891
