"JS_KEY","NAME_REGIONALITY"
"us-ak",0.647867209283055
"us-al",1.80516932803805
"us-ar",2.58489864574883
"us-az",0.966061329625678
"us-ca",0.783628628032505
"us-co",0.975687672858876
"us-ct",0.207221265760708
"us-dc",0.398439396008113
"us-de",0.625915122833398
"us-fl",1.17396397475273
"us-ga",1.84893112382192
"us-hi",0.717689316039177
"us-ia",0.973786928959931
"us-id",1.31820763533456
"us-il",0.811724192868128
"us-in",1.32457598843512
"us-ks",1.46122412465534
"us-ky",1.70282663654114
"us-la",1.40516696953412
"us-ma",0.140180959306693
"us-md",0.548492308545901
"us-me",0.373862947865619
"us-mi",0.791569098572621
"us-mn",0.530548459322458
"us-mo",1.29450408841868
"us-ms",2.92879674361988
"us-mt",0.943508860002759
"us-nc",1.8989093496608
"us-nd",0.922561192476948
"us-ne",1.22305301672705
"us-nj",0.36607162559949
"us-nm",2.02246822505697
"us-nv",0.60977441338736
"us-ny",0.345288284930439
"us-oh",1.02733201424528
"us-ok",2.36021078056806
"us-or",1.16409237543156
"us-pa",0.389282670986256
"us-ri",0.154960203372873
"us-sc",1.52634017950012
"us-sd",0.75459041410053
"us-tn",2.33513386279849
"us-tx",1.74914630551379
"us-ut",1.01945041260068
"us-va",1.15543047226305
"us-vt",0.41456829394814
"us-wa",0.847384654991336
"us-wi",0.56929481498051
"us-wv",1.92383081334391
"us-wy",1.67194659856136
