"JS_KEY","NAME_REGIONALITY"
"us-ak",0.806402027831109
"us-al",1.67082056090129
"us-ar",2.35694410042635
"us-az",1.08115795268664
"us-ca",0.935553088308894
"us-co",0.671236532934169
"us-ct",0.406473069061143
"us-dc",0.899542015133413
"us-de",0.735163821785043
"us-fl",1.2438050660793
"us-ga",1.53361324058942
"us-hi",0.899542015133413
"us-ia",0.63066563669192
"us-id",0.707534035999559
"us-il",0.80536505711147
"us-in",1.55871100914654
"us-ks",0.718569065343259
"us-ky",1.6256710131062
"us-la",2.42001133016724
"us-ma",0.307537060068443
"us-md",0.58120266984653
"us-mi",0.847871113441815
"us-mn",0.353805191550387
"us-mo",0.983556985081036
"us-ms",2.95987824777206
"us-mt",1.12042052800239
"us-nc",1.90765710734451
"us-ne",0.339458602874137
"us-nh",0.758403387469844
"us-nj",0.341078540553804
"us-nm",1.63606881817982
"us-nv",0.85275179327992
"us-ny",0.68510852476875
"us-oh",0.847993977244765
"us-ok",1.49377250349034
"us-or",0.737791144510151
"us-pa",0.406458974438206
"us-sc",1.71788321746157
"us-sd",0.797380993473076
"us-tn",1.76474720464756
"us-tx",1.54894973203199
"us-ut",0.546471774193548
"us-va",0.930345849022064
"us-wa",0.856223056340122
"us-wi",0.573318516252689
"us-wv",1.53365689892557
