"JS_KEY","NAME_REGIONALITY"
"us-ak",0.901038907605365
"us-al",2.00695397063845
"us-ar",2.86642563626311
"us-az",0.830351978737598
"us-ca",0.981404667231991
"us-co",0.74667535557984
"us-ct",0.483745505457899
"us-dc",0.920295255986457
"us-de",1.0008873672926
"us-fl",1.03787754256628
"us-ga",1.38416626972388
"us-ia",0.788221984742471
"us-id",1.19598559329318
"us-il",0.949374983906555
"us-in",1.34382856340055
"us-ks",1.14738130340397
"us-ky",1.40007322949275
"us-la",1.80460493602004
"us-ma",0.36159929457705
"us-md",0.747664149671483
"us-mi",0.96492015599109
"us-mn",0.250695377536273
"us-mo",0.999735408796863
"us-ms",3.46715015429437
"us-nc",1.5996531673352
"us-ne",0.528519536260339
"us-nj",0.485214619503983
"us-nm",1.81825138979845
"us-nv",0.912286685116657
"us-ny",0.66080084627844
"us-oh",0.870043290746013
"us-ok",1.74192515826905
"us-or",0.666314984143437
"us-pa",0.368142149980714
"us-ri",0.514232739322958
"us-sc",1.73834096490379
"us-tn",2.65619275892919
"us-tx",1.39154599157135
"us-ut",0.602460293314163
"us-va",1.13374554945881
"us-wa",0.595629269289235
"us-wi",0.46339050884544
"us-wv",1.54565621869186
