"JS_KEY","NAME_REGIONALITY"
"us-al",184.641130493103
"us-ar",348.81928916773
"us-az",95.8638405930429
"us-ca",114.314487386283
"us-co",63.0771529304128
"us-ct",51.8054501199678
"us-dc",149.33288758529
"us-fl",118.780939560904
"us-ga",112.657369251616
"us-il",80.9051942598664
"us-in",160.72181688766
"us-ks",89.124218168523
"us-ky",186.395602504974
"us-la",128.2709525134
"us-md",50.7807585229382
"us-mi",95.1339070651951
"us-mn",61.6801625429313
"us-mo",91.5121561243988
"us-ms",229.431460848292
"us-nc",130.229432049489
"us-ne",101.298113041772
"us-nj",50.3739214177823
"us-nm",127.613826732081
"us-nv",80.8904659136295
"us-ny",92.7275238560313
"us-oh",135.062985673189
"us-ok",166.314132842177
"us-or",112.614009846755
"us-pa",57.7605943223888
"us-sc",139.431538530331
"us-tn",176.666479489303
"us-tx",110.197827817307
"us-va",69.7917289178843
"us-wa",44.6780001400811
"us-wi",79.1120247023687
"us-wv",131.718792516624
