"JS_KEY","NAME_REGIONALITY"
"us-al",163.613827233105
"us-ar",238.510418023627
"us-az",65.6522009907997
"us-ca",115.697675534161
"us-co",41.6293124307573
"us-fl",113.730875577543
"us-ga",134.983964875997
"us-il",92.3643757131849
"us-in",138.402934722477
"us-ky",201.616176837078
"us-la",162.517367129198
"us-ma",61.2658160969117
"us-md",95.8581779554182
"us-mi",75.4687255939881
"us-mn",102.250197666797
"us-mo",148.653972254503
"us-ms",184.762291718949
"us-nc",98.3417157698526
"us-nj",85.8323371466005
"us-nv",177.937103669102
"us-ny",84.9398354857249
"us-oh",106.732263171459
"us-ok",112.761413915496
"us-or",89.7121434673864
"us-pa",36.6875586932105
"us-sc",131.873761714717
"us-tn",184.1710400997
"us-tx",135.73882418284
"us-ut",57.684103494728
"us-va",76.6368104950969
"us-wa",77.3457294158126
"us-wi",61.9174949464129
