"JS_KEY","NAME_REGIONALITY"
"us-al",126.187824300838
"us-ar",146.781321326585
"us-az",237.603836242705
"us-ca",109.747073329775
"us-co",86.1446558234422
"us-ct",107.290253332083
"us-dc",208.298734690775
"us-de",138.984267505733
"us-fl",228.156160585085
"us-ga",197.300586055393
"us-hi",552.04031485922
"us-ia",48.0581837848316
"us-il",56.3205645052065
"us-in",63.9656865677824
"us-ks",91.0268737894946
"us-ky",65.6041246035669
"us-la",147.298620157953
"us-ma",89.5242165806197
"us-md",109.558493447009
"us-me",92.676002080916
"us-mi",59.8570179261398
"us-mn",34.1639871789102
"us-mo",77.197714440595
"us-ms",94.9727690167
"us-mt",121.199673678288
"us-nc",156.619697055427
"us-nd",136.56285883232
"us-ne",71.6285992388131
"us-nj",83.6448019844959
"us-nm",153.763669634092
"us-ny",123.73680981959
"us-oh",44.8859129787532
"us-ok",107.978898173156
"us-or",89.0085721453178
"us-pa",94.8272981035663
"us-ri",109.821565957385
"us-sc",279.805026205134
"us-sd",104.579341797731
"us-tn",78.9271562145548
"us-tx",105.783592770044
"us-va",171.204139788134
"us-wa",54.8134218210756
"us-wi",46.7985775417244
"us-wv",83.9056073805787
"us-wy",133.790064982869
