"JS_KEY","NAME_REGIONALITY"
"us-al",100.821825203479
"us-ar",169.147210766601
"us-az",229.871501729336
"us-ca",122.139986507356
"us-co",61.5995694617263
"us-ct",62.7685381891353
"us-dc",158.800716577131
"us-fl",159.518066883898
"us-ga",271.793583674659
"us-hi",730.436478831148
"us-ia",42.9517050400198
"us-il",59.8826979273312
"us-in",48.8649114539463
"us-ks",64.8732484235265
"us-ky",100.540450388759
"us-la",116.772914068826
"us-ma",71.1931137872819
"us-md",137.470997869409
"us-me",140.655088029584
"us-mi",60.0377456413237
"us-mn",42.9183250477602
"us-mo",60.1551078465365
"us-ms",103.806681870687
"us-nc",164.683781494443
"us-nd",103.705604283666
"us-ne",58.8355159619622
"us-nj",107.15724075683
"us-nm",347.117364618924
"us-ny",109.987781943187
"us-oh",47.8526556136607
"us-ok",100.81511493225
"us-or",48.1740758528732
"us-pa",97.5613686911078
"us-ri",132.450712468668
"us-sc",333.650500115361
"us-tn",65.3141796398148
"us-tx",127.175346336797
"us-va",140.341306739088
"us-wa",53.0274610900297
"us-wi",46.1079202157096
"us-wv",80.5716543540991
