"JS_KEY","NAME_REGIONALITY"
"us-ak",1001.92719486081
"us-al",144.704919086275
"us-ar",75.3200009804815
"us-az",220.07186788077
"us-ca",93.0195516860981
"us-co",59.2537588358546
"us-ct",88.0944192433306
"us-dc",165.070381579665
"us-fl",289.501576404506
"us-ga",219.907200947153
"us-hi",718.206105320844
"us-ia",41.3257399025629
"us-id",102.389438345122
"us-il",44.5350958766284
"us-in",45.5909055477351
"us-ks",120.869530945921
"us-ky",65.3722870589503
"us-la",182.905007061825
"us-ma",72.4549249753255
"us-md",120.613718519841
"us-me",86.141574368337
"us-mi",55.1956887115009
"us-mn",50.8693089834384
"us-mo",44.4005337024264
"us-ms",118.43205320133
"us-nc",182.247475894994
"us-nd",113.532826613123
"us-ne",41.2161523689938
"us-nj",122.942320803977
"us-nm",440.047878686601
"us-ny",82.304709214082
"us-oh",55.6438866213511
"us-ok",71.1238311683683
"us-or",62.4926238572746
"us-pa",102.182870223971
"us-ri",108.289846656536
"us-sc",367.676543168417
"us-sd",98.9335650221629
"us-tn",36.9457423581992
"us-tx",114.539434442209
"us-va",160.218718328316
"us-wa",49.9924792666425
"us-wi",49.1012069392977
"us-wv",117.083586768481
