"JS_KEY","NAME_REGIONALITY"
"us-al",2.28929834447724
"us-ar",1.04876523237793
"us-az",2.21504308774433
"us-ca",0.796735132021458
"us-co",1.40333664056272
"us-ct",0.500381635780591
"us-dc",1.73438995150491
"us-de",1.63962578750427
"us-fl",2.55635420218845
"us-ga",2.54676952849783
"us-hi",4.91678848984316
"us-il",0.527493190452621
"us-in",0.593130539100121
"us-ks",0.380651672646423
"us-ky",0.617051911204341
"us-la",1.26878500169836
"us-ma",0.763536777185939
"us-md",1.65131930016257
"us-me",0.511918182600816
"us-mi",0.759472024949264
"us-mn",0.372715639558881
"us-mo",0.508181140232532
"us-ms",1.11970675218646
"us-mt",1.24398890492121
"us-nc",1.94364910545542
"us-nj",0.949409884041219
"us-nm",2.4284358361228
"us-ny",0.862418627636162
"us-oh",0.478664043829074
"us-ok",1.00120013194912
"us-or",0.718446550248995
"us-pa",0.993135202939238
"us-ri",0.758710403772084
"us-sc",4.29811262900229
"us-sd",1.0271266036255
"us-tn",0.84948769701005
"us-tx",1.30806874439377
"us-va",2.0900140940922
"us-wa",0.577194182015368
"us-wi",0.379646899713829
"us-wv",0.847124730592655
