"JS_KEY","NAME_REGIONALITY"
"us-ak",2.54733036487267
"us-al",1.40701692099276
"us-ar",0.762861970114742
"us-az",1.82667591338333
"us-ca",1.27515033017455
"us-co",1.27757582538415
"us-ct",1.01008030624481
"us-dc",1.47591091611276
"us-de",0.9037502681928
"us-fl",1.43470490839077
"us-ga",1.70211316526824
"us-hi",2.30146891246137
"us-ia",0.540026215744253
"us-id",1.0021785152237
"us-il",0.664400788275148
"us-in",0.832888766529608
"us-ks",0.83193661795136
"us-ky",0.791394686990079
"us-la",1.17585807887645
"us-ma",0.64434393767976
"us-md",1.01229348630733
"us-me",0.885831914306038
"us-mi",0.667084265299519
"us-mn",0.910645365606805
"us-mo",0.696182452806305
"us-ms",1.50205325473122
"us-mt",1.67407723002014
"us-nc",1.36296898518351
"us-ne",0.478154520439601
"us-nh",1.66057134906799
"us-nj",0.837932903320498
"us-nm",2.19394471797562
"us-ny",0.978932520578167
"us-oh",0.812194725783718
"us-ok",0.881183957001591
"us-or",1.9691787088817
"us-pa",0.836472654084004
"us-ri",0.496346366930839
"us-sc",1.81709663781593
"us-tn",1.0131663427027
"us-tx",1.07037530429496
"us-ut",1.38309976783238
"us-va",1.1908852698509
"us-wa",0.889846417912911
"us-wi",0.456403963677841
"us-wv",0.575517436718861
"us-wy",2.13670166500566
