"JS_KEY","NAME_REGIONALITY"
"us-ak",1.49696919823229
"us-al",0.948046147777496
"us-ar",0.796174605984733
"us-az",1.28936213427482
"us-ca",1.06497905995954
"us-co",1.33323950165005
"us-ct",0.998158732501935
"us-dc",0.947580027560022
"us-de",0.924729737702126
"us-fl",0.944659870377912
"us-ga",1.1168023347386
"us-hi",1.42147328605866
"us-ia",1.54362269460119
"us-id",2.42918949618276
"us-il",0.750510218111204
"us-in",1.0287327772184
"us-ks",0.893580946537423
"us-ky",0.776896312332351
"us-la",0.86031897675134
"us-ma",0.863020560921239
"us-md",0.765515330379144
"us-me",1.60352529737542
"us-mi",1.06441533387334
"us-mn",1.85247443030128
"us-mo",0.896625765908259
"us-ms",0.801300182249318
"us-mt",1.19893047157094
"us-nc",0.969425970662643
"us-nd",0.923583866667927
"us-ne",1.49344133436351
"us-nh",1.55785799981448
"us-nj",0.495064958110996
"us-nm",1.00839155443802
"us-nv",0.716416867957568
"us-ny",0.76596931218872
"us-oh",1.08897656261088
"us-ok",0.841883502018787
"us-or",1.6843940523082
"us-pa",0.781853615709882
"us-ri",0.595531709646258
"us-sc",1.18759199706753
"us-sd",0.862643935269802
"us-tn",0.91624346818562
"us-tx",0.844664865003416
"us-ut",1.91184176761546
"us-va",0.911689854608412
"us-vt",1.25570588082759
"us-wa",1.59000471542784
"us-wi",1.41785622435812
"us-wv",0.813414224880308
"us-wy",1.01315211262128
