"JS_KEY","NAME_REGIONALITY"
"us-ak",0.844605186991205
"us-al",0.766175811447408
"us-ar",0.916033740195585
"us-az",1.0828410639218
"us-ca",1.02914550649416
"us-co",1.08003615481207
"us-ct",0.865772693602139
"us-dc",1.2043678828327
"us-de",1.23315650108462
"us-fl",0.992734817438316
"us-ga",0.806213781086248
"us-hi",0.880826072203304
"us-ia",0.986475278029743
"us-id",1.34929661546392
"us-il",1.27221575677509
"us-in",1.14140746006353
"us-ks",1.04291683542367
"us-ky",1.04172674993735
"us-la",0.896897557169904
"us-ma",1.47116824554315
"us-md",0.914535240007534
"us-me",1.52782324115504
"us-mi",1.11844700636196
"us-mn",1.04830405039637
"us-mo",1.06886127235272
"us-ms",0.624704641664443
"us-mt",1.23689533834491
"us-nc",0.831065013108574
"us-nd",0.973005544875742
"us-ne",1.29787025332813
"us-nh",1.91427868764115
"us-nj",0.889734290491406
"us-nm",0.900499344881956
"us-nv",1.08606470664956
"us-ny",0.844565878529792
"us-oh",1.06986980445791
"us-ok",0.990891429934732
"us-or",1.36233082187742
"us-pa",1.09164244175341
"us-ri",1.18779863005699
"us-sc",0.773873706766815
"us-sd",0.840209535722442
"us-tn",0.820727984237649
"us-tx",0.853992833297303
"us-ut",1.10113912461216
"us-va",0.917836180558773
"us-vt",1.61065338917175
"us-wa",1.20511703226586
"us-wi",0.975881811519837
"us-wv",1.04861419952371
"us-wy",1.11571302479085
