"JS_KEY","NAME_REGIONALITY"
"us-ca",5.43153046970491
"us-ny",6.91331787124878
