"JS_KEY","NAME_REGIONALITY"
"us-ca",2.52768179581432
"us-mi",3.81162251979788
"us-ny",3.19567742242546
"us-pa",2.26651824644455
"us-tx",3.80149735487334
