"JS_KEY","NAME_REGIONALITY"
"us-ca",2.55809549573921
"us-fl",2.40132052313032
"us-il",1.72372467818982
"us-in",1.73313782991202
"us-la",4.82642991926254
"us-mi",1.13514811300262
"us-mn",2.61297963050687
"us-ny",0.815922687528762
"us-ok",4.6878924754875
"us-pa",1.0482423366535
"us-tx",2.32119603969655
"us-ut",10.0536326048435
"us-wa",2.7840150741933
