"JS_KEY","NAME_REGIONALITY"
"us-az",5.12044953471725
"us-ca",3.10366486769523
"us-il",1.22703981317414
"us-la",3.54311787644774
"us-mi",1.69874489944415
"us-mo",1.68593139777214
"us-nc",2.23344557458834
"us-nj",1.55177351296138
"us-ny",1.08671509398181
"us-oh",0.840135807275314
"us-pa",0.742152803672092
"us-tx",2.8235552694979
