"JS_KEY","NAME_REGIONALITY"
"us-al",153.861410009644
"us-ar",75.7986869710884
"us-az",99.556484379937
"us-ca",118.234712834904
"us-co",56.7734850929377
"us-ct",46.1269670788078
"us-de",160.601647495118
"us-fl",112.382997155957
"us-ga",138.813783800599
"us-ia",80.4185812796342
"us-id",58.3365321228001
"us-il",96.1633812560274
"us-in",107.858674992339
"us-ks",39.8274265910224
"us-ky",98.516449060406
"us-la",122.721165364592
"us-ma",62.3999850758632
"us-md",103.195435169936
"us-mi",73.834142168382
"us-mn",48.7200111505381
"us-mo",86.1696103648943
"us-ms",190.978814658999
"us-nc",103.470520707613
"us-ne",75.2031598892917
"us-nj",95.3869288927863
"us-nm",71.9385686531163
"us-nv",120.370450084369
"us-ny",88.0420782656179
"us-oh",89.7151435511275
"us-ok",138.635516690615
"us-or",43.8593208885129
"us-pa",75.2632774768426
"us-sc",112.50068393142
"us-sd",191.743954140806
"us-tn",138.181870805674
"us-tx",131.149491316068
"us-ut",45.0463939115151
"us-va",90.3005489689533
"us-wa",101.897655751885
"us-wi",53.0446051219255
"us-wv",135.253047770369
