"JS_KEY","NAME_REGIONALITY"
"us-al",1.58813932135313
"us-ar",1.9799591263641
"us-ca",2.06391205321665
"us-co",1.12573583985576
"us-ct",1.00953602011624
"us-fl",2.96550263474474
"us-ga",1.40642551166111
"us-ia",0.888353754135645
"us-id",2.46848690036256
"us-il",0.86687569844484
"us-in",0.453030008890269
"us-ks",0.757607064712275
"us-ky",0.831369154185128
"us-la",5.04532613438045
"us-ma",0.886011460302687
"us-md",1.07884802149737
"us-me",2.67574664954394
"us-mi",0.890844427247702
"us-mn",2.00509035563511
"us-mo",1.31694478843288
"us-nc",0.935400906453003
"us-nd",3.23993311586853
"us-ne",1.00119127466389
"us-nj",0.377385972359794
"us-nm",3.13922683842455
"us-ny",0.636168374241329
"us-oh",0.519705258546327
"us-ok",1.77505946710917
"us-or",1.91318141552552
"us-pa",0.421579862555052
"us-sc",1.23544274855807
"us-sd",3.40695669491481
"us-tn",1.37487751995386
"us-tx",0.658390509376128
"us-ut",2.53901509751577
"us-va",1.06814892612977
"us-vt",3.8092330590038
"us-wa",1.11555219214025
"us-wi",1.22854091041723
"us-wv",0.971956803946568
