"JS_KEY","NAME_REGIONALITY"
"us-al",121.460201229984
"us-ar",149.159570733004
"us-az",272.692394682393
"us-ca",53.6742476704762
"us-co",205.589944991939
"us-fl",110.116639194577
"us-ga",144.272939975757
"us-hi",3259.93280491896
"us-ia",85.2041208043386
"us-il",54.4871271606982
"us-in",150.167926784627
"us-ky",120.271894907106
"us-la",297.277416579874
"us-ma",122.266026133879
"us-md",76.2964671294161
"us-mi",77.5837866222633
"us-mo",100.688002195488
"us-ms",116.409018577125
"us-nc",91.219441115812
"us-nj",111.221044066976
"us-ny",157.518558023471
"us-oh",122.476452407244
"us-pa",81.9330623409333
"us-sc",161.745386610488
"us-tn",64.1271148294396
"us-tx",62.4886373650728
"us-va",134.042759074105
"us-wi",70.2758298039532
