"JS_KEY","NAME_REGIONALITY"
"us-al",0.756184567315341
"us-ar",0.531479820354166
"us-ca",0.476532543373822
"us-co",1.37074758736174
"us-ct",1.10036507344305
"us-dc",1.3925030130854
"us-fl",1.29041709058137
"us-ga",1.24930786469965
"us-hi",8.1983869639316
"us-ia",1.11771616601003
"us-il",0.797656520499322
"us-in",0.930597210276355
"us-ks",0.834846349973162
"us-ky",0.689142279546666
"us-la",1.08944488223448
"us-ma",0.961801937896539
"us-md",0.730820129127867
"us-mi",0.828456956177813
"us-mn",0.546543895194013
"us-mo",0.537558611285499
"us-ms",0.825186970717274
"us-mt",1.26791751054046
"us-nc",1.14392839435639
"us-nd",1.24592141989912
"us-ne",0.881465738625295
"us-nj",1.37552306877205
"us-nm",1.2934715941577
"us-ny",1.89622433039966
"us-oh",1.23956146770766
"us-ok",0.752349855637689
"us-or",0.886022722822159
"us-pa",1.18880735328256
"us-sc",0.532970429915616
"us-tn",1.1992270233411
"us-tx",0.752692050449976
"us-ut",1.29267970509552
"us-va",0.77773292704491
"us-wa",0.493840169871604
"us-wi",1.17895599583633
"us-wv",0.999851575065084
