"JS_KEY","NAME_REGIONALITY"
"us-al",0.559878203985224
"us-ar",0.398401996538604
"us-az",0.445381030393668
"us-ca",0.637782688548883
"us-co",1.13054118074721
"us-ct",1.23680116037046
"us-dc",1.22914911488296
"us-de",1.00274307591093
"us-fl",0.686169042233778
"us-ga",0.628497008426307
"us-hi",3.27976736023501
"us-ia",0.649029193647457
"us-id",1.10790578053723
"us-il",0.928936771076939
"us-in",0.991709724470691
"us-ks",0.820997564257141
"us-ky",0.715440126225886
"us-la",0.856559602164821
"us-ma",1.01302525716752
"us-md",1.00089504061465
"us-me",0.34096997191808
"us-mi",0.984255581816557
"us-mn",0.778741330745964
"us-mo",0.594263787322467
"us-ms",0.512941124843014
"us-mt",0.684533882063386
"us-nc",1.01955277522771
"us-nd",0.804491196769923
"us-ne",1.12249173475773
"us-nh",0.571892568840433
"us-nj",1.16383806200019
"us-nm",1.07288890003755
"us-ny",1.95665981284895
"us-oh",1.47532404289883
"us-ok",0.855683940744958
"us-or",0.578873844345487
"us-pa",1.23613918767038
"us-sc",0.554181945870685
"us-sd",0.942803843564597
"us-tn",1.16587389875903
"us-tx",0.822442366996614
"us-ut",0.786893495650875
"us-va",0.849240972638434
"us-wa",0.529801336347596
"us-wi",0.969012350301608
"us-wv",0.579576521039936
"us-wy",1.53291909629455
