"JS_KEY","NAME_REGIONALITY"
"us-ak",42.9711103067729
"us-al",92.0069493126199
"us-ar",74.713876144836
"us-az",76.197801347731
"us-ca",62.0624483685615
"us-co",99.6604891616531
"us-ct",87.405673134542
"us-dc",68.0738070810976
"us-de",90.8945148383758
"us-fl",67.5296710942318
"us-ga",94.7322257898023
"us-hi",46.1260191957685
"us-ia",175.926135024407
"us-id",91.626682191824
"us-il",103.088455367642
"us-in",136.364928025718
"us-ks",145.099790714261
"us-ky",93.1851077194866
"us-la",76.5650945288922
"us-ma",91.4291192699878
"us-md",82.0507268020709
"us-me",119.841416703471
"us-mi",139.1735231841
"us-mn",165.543415539508
"us-mo",105.137341523711
"us-ms",79.2792023194495
"us-mt",96.9219062701617
"us-nc",105.114237707974
"us-nd",139.180321145131
"us-ne",171.103270752936
"us-nh",121.209488441329
"us-nj",63.1253209304668
"us-nm",73.980118519975
"us-nv",69.4246536106835
"us-ny",75.6057325362473
"us-oh",127.183444960133
"us-ok",110.804432646183
"us-or",91.4243247729118
"us-pa",111.437257591524
"us-ri",78.9897576018799
"us-sc",74.3622691558578
"us-sd",195.853678923942
"us-tn",122.634285190034
"us-tx",93.815921972088
"us-ut",140.271303004576
"us-va",101.559016703961
"us-vt",128.155966653138
"us-wa",98.6396238618114
"us-wi",153.096993364517
"us-wv",101.812392401956
"us-wy",112.553509497482
