"JS_KEY","NAME_REGIONALITY"
"us-ak",1.15993885173448
"us-al",0.960394780137613
"us-ar",1.17604648159846
"us-az",1.02312581633027
"us-ca",0.789662973037118
"us-co",1.3369601299944
"us-ct",0.846241566318086
"us-dc",0.435087565023403
"us-de",0.918328270285747
"us-fl",0.820132976666887
"us-ga",0.874038430532316
"us-hi",0.705328288640423
"us-ia",1.84614490321579
"us-id",1.36143155642347
"us-il",1.09747635154788
"us-in",1.14121962838128
"us-ks",1.32373180961326
"us-ky",1.07968526219998
"us-la",1.02381612711162
"us-ma",0.836327536111363
"us-md",0.902926661092028
"us-me",1.18919474217557
"us-mi",1.02060301435475
"us-mn",1.38389942133777
"us-mo",1.15182004091085
"us-ms",0.86927713168895
"us-mt",1.2723371246509
"us-nc",0.851538621326561
"us-nd",1.57632715748531
"us-ne",1.43914558434475
"us-nh",1.1483126334827
"us-nj",0.820375884237146
"us-nm",0.90080077757742
"us-nv",0.928026500038539
"us-ny",0.693893356347908
"us-oh",1.05494184416011
"us-ok",1.22759383931016
"us-or",1.36352308964313
"us-pa",0.994823873191949
"us-ri",0.962119822756503
"us-sc",0.894120850401012
"us-sd",1.35824551826398
"us-tn",1.16022636180714
"us-tx",1.09161019267189
"us-ut",1.5307326380056
"us-va",0.911481937348266
"us-vt",1.10475452944508
"us-wa",1.05811011843705
"us-wi",1.53582004189437
"us-wv",1.23363599959365
"us-wy",1.54954376609072
