"JS_KEY","NAME_REGIONALITY"
"us-al",1.0072640831208
"us-ar",1.018096200784
"us-ca",0.823235709884374
"us-co",2.13429235937635
"us-ct",0.98859861747015
"us-fl",1.09032101916434
"us-ga",1.25317800182082
"us-hi",4.49803935807131
"us-il",0.874789815832329
"us-in",0.957955376846162
"us-ks",1.13505548203197
"us-ky",0.560461633814541
"us-la",1.35287479751743
"us-ma",1.58595130194331
"us-md",0.987518350482593
"us-me",1.84110668020707
"us-mi",0.737394753360317
"us-mo",0.704338413767466
"us-ms",0.990223456709946
"us-nc",1.58589517200872
"us-nd",1.99685686653772
"us-ne",0.85137308263236
"us-nj",0.815607355025599
"us-nm",2.34089792524848
"us-ny",1.42478435882691
"us-oh",0.456367980381116
"us-ok",0.606175024261354
"us-pa",0.938118025683365
"us-ri",1.4450937849944
"us-sc",1.39309459440464
"us-tn",0.881162602127185
"us-tx",1.16937198033855
"us-va",1.03477379379471
"us-wa",1.04735803860786
"us-wi",0.749087336079513
"us-wv",0.855795799944736
