"JS_KEY","NAME_REGIONALITY"
"us-ak",1.29735321673272
"us-al",0.458056086849239
"us-ar",0.344868816654622
"us-az",1.11324247667094
"us-ca",1.18703993949566
"us-co",1.27814530361936
"us-ct",0.930161143562739
"us-dc",0.681620494937353
"us-de",0.790943445681102
"us-fl",0.643372774486788
"us-ga",0.424144548702297
"us-hi",1.1635991851578
"us-ia",1.45003550037828
"us-id",1.17261680570508
"us-il",1.22310568345432
"us-in",1.06068259278915
"us-ks",0.983058646588162
"us-ky",0.63302928818903
"us-la",0.576159459223517
"us-ma",1.11060498757438
"us-md",0.759318951614063
"us-me",1.53385051355407
"us-mi",1.26920508381788
"us-mn",1.65319170436987
"us-mo",0.98418076575935
"us-ms",0.381632401527159
"us-mt",1.68219370049401
"us-nc",0.412204023203134
"us-nd",1.2922523633626
"us-ne",1.50950601159227
"us-nh",1.27957824877681
"us-nj",0.754674079822914
"us-nm",1.04942463232232
"us-nv",1.12878505638498
"us-ny",1.06546290501956
"us-oh",1.06713332692016
"us-ok",0.508945789085357
"us-or",1.44695231971482
"us-pa",1.08072405914289
"us-ri",0.771344407385722
"us-sc",0.506238396581717
"us-sd",1.50981947622558
"us-tn",0.382441690226691
"us-tx",0.921948071510999
"us-ut",0.949485391193435
"us-va",0.556549385777364
"us-vt",1.23604632939138
"us-wa",1.28670616725233
"us-wi",1.79976360367563
"us-wv",0.667191700364378
"us-wy",1.13327040303519
