"JS_KEY","NAME_REGIONALITY"
"us-ak",1.43380207145541
"us-al",0.435499556136321
"us-ar",0.343728397694058
"us-az",1.20337450537617
"us-ca",1.22710301423913
"us-co",1.10733664221883
"us-ct",0.983584285128269
"us-dc",0.876880706559269
"us-de",0.616730992305897
"us-fl",0.688426403127853
"us-ga",0.453030090993661
"us-hi",1.28726096953486
"us-ia",1.38778011386291
"us-id",0.988701779240984
"us-il",1.26228779253973
"us-in",0.953170871666341
"us-ks",0.88956886856552
"us-ky",0.580648233643519
"us-la",0.486245077966273
"us-ma",1.12699312865628
"us-md",0.728449186648904
"us-me",1.33274675201609
"us-mi",1.21642343441862
"us-mn",1.76425526090571
"us-mo",0.939648346267102
"us-ms",0.403483599111057
"us-mt",1.3403204020549
"us-nc",0.423511122826015
"us-nd",1.32771440236492
"us-ne",1.45986326280856
"us-nh",1.37716252150848
"us-nj",0.894481396651012
"us-nm",0.914209461951678
"us-nv",0.973782682718131
"us-ny",1.09699151734643
"us-oh",1.07961071718004
"us-ok",0.580888471649198
"us-or",1.33316718936506
"us-pa",1.04200340868657
"us-ri",0.968345913878061
"us-sc",0.464929721720138
"us-sd",1.32465168490743
"us-tn",0.388065695491833
"us-tx",0.906214220708816
"us-ut",1.00240875357882
"us-va",0.610148242807112
"us-vt",1.15915178201978
"us-wa",1.16683999623299
"us-wi",1.90186927534267
"us-wv",0.563118691624061
"us-wy",1.10385058241925
