"JS_KEY","NAME_REGIONALITY"
"us-ak",1.35571130748371
"us-al",0.470341913249299
"us-ar",0.44696784083235
"us-az",1.21051838156874
"us-ca",1.26917239056623
"us-co",1.14404687969044
"us-ct",1.03237193779755
"us-dc",0.692875172632036
"us-de",0.733664176042874
"us-fl",0.711458754525639
"us-ga",0.487203021242093
"us-hi",1.07717670396431
"us-ia",1.35115648977831
"us-id",1.2431402968862
"us-il",1.15445087139163
"us-in",0.892447727945959
"us-ks",0.85657325936696
"us-ky",0.599958278568992
"us-la",0.590249229822913
"us-ma",1.15504078404271
"us-md",0.806168292708897
"us-me",1.22229183052252
"us-mi",1.20530292374226
"us-mn",1.79526465311091
"us-mo",0.897867251188299
"us-ms",0.470919325433662
"us-mt",1.19952431650398
"us-nc",0.445480782846927
"us-nd",1.17657039002604
"us-ne",1.30063553561718
"us-nh",1.35024226220696
"us-nj",0.974210558022107
"us-nm",1.06933395242878
"us-nv",1.11055907803109
"us-ny",1.16536178498684
"us-oh",1.02150317506139
"us-ok",0.627099740723385
"us-or",1.16370217207373
"us-pa",1.03776862984813
"us-ri",0.906980712488496
"us-sc",0.450546535103346
"us-sd",1.1403724752554
"us-tn",0.438089496946523
"us-tx",0.88461729032783
"us-ut",0.852464736597286
"us-va",0.625978786962608
"us-vt",0.844960440772184
"us-wa",1.29237037623429
"us-wi",1.88091406917996
"us-wv",0.606767518497106
"us-wy",0.996009303174499
