"JS_KEY","NAME_REGIONALITY"
"us-ak",0.960929863002398
"us-al",0.814936122214051
"us-ar",0.798050478069862
"us-az",1.19986190687139
"us-ca",1.4168150347738
"us-co",1.05282546425083
"us-ct",1.1951108822357
"us-dc",1.03327441309668
"us-de",0.893464288946566
"us-fl",0.977660732642786
"us-ga",0.718798739110124
"us-hi",1.01047033110442
"us-ia",0.832747862477641
"us-id",0.929612980856702
"us-il",1.10366336803268
"us-in",0.81832957728098
"us-ks",0.804926619372467
"us-ky",0.725179566428776
"us-la",0.711897519866154
"us-ma",1.19296519399596
"us-md",0.821524195346817
"us-me",0.903058190376052
"us-mi",0.886069548561635
"us-mn",1.17568818269701
"us-mo",0.918402602697753
"us-ms",0.702565752342361
"us-mt",1.16953291814846
"us-nc",0.764076468387831
"us-nd",0.88883964310111
"us-ne",0.856201915292923
"us-nh",1.11121977749426
"us-nj",1.19972935743249
"us-nm",1.35769976484834
"us-nv",0.868782365219694
"us-ny",1.16700628968057
"us-oh",0.887935777261951
"us-ok",0.740553029375825
"us-or",1.08361335639701
"us-pa",0.961196576956468
"us-ri",1.12688469965985
"us-sc",0.673692590772123
"us-sd",0.864772600457141
"us-tn",0.824205960336643
"us-tx",0.9494682140016
"us-ut",1.05367981408444
"us-va",0.820491381730221
"us-vt",1.17544507903983
"us-wa",1.03367617924611
"us-wi",1.05161226700898
"us-wv",0.651527296485204
"us-wy",0.791023428936931
