"JS_KEY","NAME_REGIONALITY"
"us-ak",96.2744733781339
"us-al",70.7874687780442
"us-ar",63.3934180190495
"us-az",125.213089925931
"us-ca",130.422714952872
"us-co",85.2450951883963
"us-ct",114.604088349063
"us-dc",102.247354586042
"us-de",113.653732091088
"us-fl",100.329523900955
"us-ga",68.9744642934829
"us-hi",100.543746947949
"us-ia",77.8211773220504
"us-id",93.8934506170524
"us-il",117.921193682527
"us-in",80.2299845799883
"us-ks",71.1685397741695
"us-ky",73.3502867867689
"us-la",63.8131108930395
"us-ma",116.182677967273
"us-md",87.0022976434323
"us-me",88.3841778382127
"us-mi",89.9533745886755
"us-mn",107.693997927666
"us-mo",89.783190725138
"us-ms",55.9970580145104
"us-mt",89.536940424446
"us-nc",80.3478646247047
"us-nd",59.090826146758
"us-ne",80.5890479495894
"us-nh",96.2165955692988
"us-nj",123.744009293549
"us-nm",117.177928318891
"us-nv",88.8340507596647
"us-ny",117.084387185065
"us-oh",85.4168463574969
"us-ok",68.4980670561382
"us-or",99.2591494419364
"us-pa",100.198544452586
"us-ri",101.952236505897
"us-sc",69.3151220895711
"us-sd",82.9741760867758
"us-tn",77.2063830640111
"us-tx",100.663305325412
"us-ut",92.0771628807452
"us-va",88.7261751510524
"us-vt",92.924957476297
"us-wa",87.4426586260343
"us-wi",94.0701031039215
"us-wv",67.684985582737
"us-wy",79.1695817641136
