"JS_KEY","NAME_REGIONALITY"
"us-ak",1.02006677777791
"us-al",0.69612338526014
"us-ar",0.804644449059313
"us-az",1.1448227526805
"us-ca",1.46947919697532
"us-co",1.03719859412525
"us-ct",0.964041051048051
"us-dc",1.09149076484949
"us-de",0.884145197056617
"us-fl",1.09715826231293
"us-ga",0.807366700828071
"us-hi",0.769968460363195
"us-ia",0.681299942013497
"us-id",1.00129467689362
"us-il",1.19681777340725
"us-in",0.668640171435063
"us-ks",0.814659524976871
"us-ky",0.619454711516239
"us-la",0.62944357194048
"us-ma",0.945872808850295
"us-md",0.891644801556321
"us-me",0.754456373570239
"us-mi",0.72134415194998
"us-mn",0.733195519715096
"us-mo",0.716729067244346
"us-ms",0.561156715468063
"us-mt",0.856807008524458
"us-nc",0.840763101692825
"us-nd",0.577572223795603
"us-ne",0.85175003768692
"us-nh",0.732586991154718
"us-nj",1.0714451333518
"us-nm",1.23959212940517
"us-nv",1.23721084373749
"us-ny",1.0846522201361
"us-oh",0.723863519868957
"us-ok",0.813256702340977
"us-or",1.07763899663285
"us-pa",0.968316090524541
"us-ri",0.662258506584876
"us-sc",0.76710422119998
"us-sd",0.697202646322558
"us-tn",0.703570725100931
"us-tx",1.12908305827572
"us-ut",0.839252237594549
"us-va",0.769928195598143
"us-vt",0.782437585227377
"us-wa",1.03633300857005
"us-wi",0.79054956773209
"us-wv",0.723518574967664
"us-wy",0.734749515698846
