"JS_KEY","NAME_REGIONALITY"
"us-ak",104.750610741086
"us-al",62.6399096055006
"us-ar",83.2514467932285
"us-az",125.992253426841
"us-ca",126.034969876778
"us-co",96.3698937453342
"us-ct",99.610455809871
"us-dc",86.2385919962183
"us-de",80.7859748998464
"us-fl",115.226477031665
"us-ga",92.4836783980155
"us-hi",114.736977282325
"us-ia",69.8245454921815
"us-id",90.717064803552
"us-il",104.437188287945
"us-in",79.241205481788
"us-ks",77.479755130004
"us-ky",59.2444313445458
"us-la",76.8472757185651
"us-ma",105.192504305002
"us-md",103.048513799679
"us-me",73.5018529064342
"us-mi",75.2153915781023
"us-mn",72.9707972674201
"us-mo",65.4235045658228
"us-ms",56.8241955800509
"us-mt",72.8852989022007
"us-nc",82.116083317919
"us-nd",74.1770904086368
"us-ne",97.322353062399
"us-nh",75.6698700459553
"us-nj",114.444361611009
"us-nm",132.370340206367
"us-nv",137.487796410869
"us-ny",107.134825055914
"us-oh",80.2474738947861
"us-ok",84.5653146766224
"us-or",88.5532873702437
"us-pa",91.4102860331911
"us-ri",87.5001966054973
"us-sc",83.7074802814446
"us-sd",76.1488197485679
"us-tn",69.4438485470684
"us-tx",116.333487490243
"us-ut",83.168190663278
"us-va",77.4907113484085
"us-vt",45.5804430299647
"us-wa",116.058747260617
"us-wi",80.5903079912183
"us-wv",56.6288227226328
"us-wy",79.5144125651406
