"JS_KEY","NAME_REGIONALITY"
"us-ak",1.01795398080417
"us-al",0.665003842895465
"us-ar",0.812739672024785
"us-az",1.16092169636406
"us-ca",1.25068182977605
"us-co",1.01027586536227
"us-ct",1.01341392721969
"us-dc",0.864400861119116
"us-de",1.41696733403192
"us-fl",1.18308858436423
"us-ga",0.898056685677228
"us-hi",1.11482864463547
"us-ia",0.663948679227314
"us-id",0.955195818489517
"us-il",1.02870177385992
"us-in",0.850462209794494
"us-ks",0.789377676989274
"us-ky",0.712160169561527
"us-la",0.637543094859084
"us-ma",0.928163593016934
"us-md",1.12441810221271
"us-me",0.701670489524751
"us-mi",0.769643658057231
"us-mn",0.701217552012732
"us-mo",0.685935031979956
"us-ms",0.499742081624431
"us-mt",1.10799474246502
"us-nc",0.881546380947059
"us-nd",0.861621437128379
"us-ne",0.786550325373995
"us-nh",0.776958248235288
"us-nj",1.01491663177339
"us-nm",1.51521946697199
"us-nv",1.22944453635926
"us-ny",1.01866470963719
"us-oh",0.833081989339438
"us-ok",1.04453837190706
"us-or",1.06187748136093
"us-pa",0.986633022789816
"us-ri",0.714117970290031
"us-sc",0.814958289542827
"us-sd",1.0482953811262
"us-tn",0.730446413921019
"us-tx",1.20786953459069
"us-ut",0.900327925282105
"us-va",0.84380861716584
"us-vt",0.744345185963683
"us-wa",1.06187446909209
"us-wi",0.713898343050206
"us-wv",1.00513765987797
"us-wy",1.80083512733149
