"JS_KEY","NAME_REGIONALITY"
"us-ak",5.70977567872416
"us-al",1.07993884560139
"us-ar",1.06770115526613
"us-az",1.50460305047461
"us-ca",1.28355713738087
"us-co",1.03602792193192
"us-ct",0.667990315185512
"us-dc",0.747252521712223
"us-de",0.70278122646154
"us-fl",2.00478281764792
"us-ga",1.29894603258647
"us-hi",2.53871133597996
"us-ia",0.601250310793487
"us-id",1.7141313969018
"us-il",0.734053624752068
"us-in",0.685914610755825
"us-ks",0.961822959011067
"us-ky",0.626054899916338
"us-la",1.19777099715051
"us-ma",0.934585555815946
"us-md",0.801732678560728
"us-me",0.783261524693079
"us-mi",0.871066412322862
"us-mn",0.68923781729247
"us-mo",1.03989051892625
"us-ms",1.48236753741341
"us-mt",0.968600484864038
"us-nc",1.49055762073937
"us-nd",0.905944879862662
"us-ne",0.957015860616345
"us-nh",0.676282099992453
"us-nj",0.859797402948627
"us-nm",2.44812281739492
"us-nv",2.26302084827482
"us-ny",1.19810932657891
"us-oh",0.789926865621644
"us-ok",0.884076748730516
"us-or",0.9925714697317
"us-pa",0.850076594477462
"us-ri",0.864714396824488
"us-sc",1.99358687002806
"us-sd",0.977148348723638
"us-tn",1.09927275055832
"us-tx",1.12792833465996
"us-ut",1.43433978402733
"us-va",0.930679731792372
"us-vt",0.402824260980901
"us-wa",1.04791177162467
"us-wi",0.732919792604361
"us-wv",0.597178564729494
"us-wy",2.05150231672753
