"JS_KEY","NAME_REGIONALITY"
"us-al",1.20303166105686
"us-ar",1.2165344306476
"us-az",2.04900867533966
"us-ca",1.2453559347547
"us-co",0.956780811833723
"us-ct",0.896581834399544
"us-dc",1.41236344589778
"us-de",0.687617098421372
"us-fl",1.32903752030698
"us-ga",1.23566405347771
"us-hi",2.34407672305326
"us-ia",0.674129482333916
"us-id",1.57928547794585
"us-il",0.675874834670344
"us-in",0.856976971243344
"us-ks",0.867315300912541
"us-ky",0.811261429499699
"us-la",1.16637685894468
"us-ma",1.03056895496125
"us-md",0.783724249060639
"us-me",0.875391877354997
"us-mi",0.709606672196291
"us-mn",0.892550425002002
"us-mo",0.923604801310333
"us-ms",1.4965561156314
"us-mt",0.701938954673613
"us-nc",1.63287078231265
"us-nd",0.937410381258613
"us-ne",0.704377427674379
"us-nh",0.750191530105173
"us-nj",0.683559874450172
"us-nm",1.56173090094652
"us-nv",1.8211765815769
"us-ny",1.00546876538598
"us-oh",0.795360066759362
"us-ok",1.04386709715587
"us-or",1.23557703040661
"us-pa",0.913630298185429
"us-ri",0.746419922290912
"us-sc",2.05637158187093
"us-sd",0.767555272762977
"us-tn",1.02424327102225
"us-tx",1.35611642595395
"us-ut",1.19125380331047
"us-va",1.00211076336511
"us-vt",0.920844917140737
"us-wa",1.36389385135196
"us-wi",0.695481999873905
"us-wv",0.943674583014432
"us-wy",1.02377626920705
