"JS_KEY","NAME_REGIONALITY"
"us-ak",4.88588812725405
"us-al",1.2972456371278
"us-ar",1.10979397334438
"us-az",1.90101844273581
"us-ca",1.36105865354602
"us-co",1.22794382417543
"us-ct",0.685632461993468
"us-dc",0.937725499768439
"us-de",0.955672171917723
"us-fl",1.64318028242834
"us-ga",1.16272865637049
"us-hi",2.07215179979626
"us-ia",0.712106450969402
"us-id",1.54855608229527
"us-il",0.693582733837342
"us-in",0.814014626555637
"us-ks",0.700273675697349
"us-ky",0.776961331140546
"us-la",1.21009624013251
"us-ma",0.959201875284154
"us-md",0.851710322572587
"us-me",0.844000512514194
"us-mi",0.876682720328582
"us-mn",1.08201556453163
"us-mo",0.924588567894375
"us-ms",1.33796742250039
"us-mt",0.920829957316556
"us-nc",1.46414617235318
"us-nd",0.73479417709902
"us-ne",0.721551471151897
"us-nh",0.901957477488669
"us-nj",0.674050682484471
"us-nm",1.7506949842746
"us-ny",1.06723922047197
"us-oh",0.834678436299549
"us-ok",1.05513187186962
"us-or",1.51486395853246
"us-pa",0.860717872042343
"us-ri",0.755968152607325
"us-sc",2.02270417213721
"us-sd",0.773138652270863
"us-tn",0.88420289221349
"us-tx",1.29624248823537
"us-ut",1.66173644605389
"us-va",0.968463142291243
"us-vt",0.357914125349486
"us-wa",1.19236830525294
"us-wi",0.791641636479699
"us-wv",0.745967011545916
"us-wy",0.739772035865039
