"JS_KEY","NAME_REGIONALITY"
"us-ak",230.743518308624
"us-al",101.89921970618
"us-ar",101.759004014308
"us-az",199.532706215276
"us-ca",154.976336613885
"us-co",103.725452399598
"us-ct",91.919006569931
"us-dc",120.656195038266
"us-de",108.36859229701
"us-fl",137.322307584862
"us-ga",101.983871987085
"us-hi",156.941351238754
"us-ia",78.4669224782052
"us-id",126.92196161387
"us-il",79.5189468318275
"us-in",65.1301630642375
"us-ks",79.4812006814241
"us-ky",76.7562533748768
"us-la",90.8408867759864
"us-ma",114.552021073353
"us-md",80.6393529642012
"us-me",87.5579819016483
"us-mi",89.3789630467503
"us-mn",101.693701065955
"us-mo",74.390491009255
"us-ms",111.713733469566
"us-mt",117.20031873421
"us-nc",144.741982437935
"us-nd",71.7838129153439
"us-ne",74.5382287675745
"us-nh",129.804331026964
"us-nj",82.2953225690669
"us-nm",141.279964210825
"us-nv",163.486438980998
"us-ny",96.3242849909632
"us-oh",90.7217701223553
"us-ok",88.6402029197144
"us-or",145.596948453524
"us-pa",96.5838353535822
"us-ri",83.447935665021
"us-sc",158.084517316517
"us-sd",61.2854288138154
"us-tn",90.6721943214349
"us-tx",124.921245930365
"us-ut",145.82990357105
"us-va",100.847923920481
"us-vt",124.972435093394
"us-wa",139.528611441437
"us-wi",101.949384906308
"us-wv",74.0582256439028
"us-wy",107.227870272831
