"JS_KEY","NAME_REGIONALITY"
"us-ak",1.77434302945118
"us-al",0.926838771709027
"us-ar",0.864873882219888
"us-az",1.31230504183823
"us-ca",1.4835507647341
"us-co",0.914835934357301
"us-ct",0.869248046000838
"us-dc",0.979057135893597
"us-de",0.678159482953074
"us-fl",1.17133246506457
"us-ga",0.804736634583043
"us-hi",1.4288941983312
"us-ia",0.866961915107731
"us-id",0.795713102954721
"us-il",0.86760346057374
"us-in",1.0722849856439
"us-ks",0.988616054187571
"us-ky",0.78523562259076
"us-la",0.814112844358108
"us-ma",1.12099383767445
"us-md",0.72357832669794
"us-me",0.972219547864659
"us-mi",1.05861662890213
"us-mn",1.17920211518974
"us-mo",0.860987301882938
"us-ms",0.931338134888155
"us-mt",0.910686450972557
"us-nc",1.30525604526609
"us-nd",0.761849095811243
"us-ne",0.753376921205522
"us-nh",1.28548509567493
"us-nj",0.8612210286623
"us-nm",1.52766025047195
"us-nv",2.23854772277179
"us-ny",0.91790372836074
"us-oh",1.13506644401289
"us-ok",0.922021622022744
"us-or",1.46239940952824
"us-pa",0.90613215899781
"us-ri",0.857615361627981
"us-sc",1.24927942495537
"us-sd",0.689278730729687
"us-tn",0.807430164597341
"us-tx",1.20304828793862
"us-ut",1.46371619789827
"us-va",0.824323990452755
"us-vt",1.39219574263725
"us-wa",1.25412955067498
"us-wi",1.30954542736922
"us-wv",0.756384448543973
"us-wy",1.0318795409669
