"JS_KEY","NAME_REGIONALITY"
"us-ak",117.467688911393
"us-al",81.9731498986504
"us-ar",83.0680917947351
"us-az",115.396771065974
"us-ca",111.54663740937
"us-co",115.026706287954
"us-ct",108.137415085343
"us-dc",76.7226399698819
"us-de",107.067490672571
"us-fl",84.9172117205509
"us-ga",88.5177708308397
"us-hi",90.8113772041158
"us-ia",119.218109030453
"us-id",116.540711990681
"us-il",95.4207958335337
"us-in",114.867342300306
"us-ks",115.867911695554
"us-ky",97.6205016634048
"us-la",82.4199594298449
"us-ma",101.150483267178
"us-md",90.8640871544123
"us-me",116.221704924062
"us-mi",106.011725064026
"us-mn",114.830462821218
"us-mo",99.8254163597952
"us-ms",73.9327367975434
"us-mt",98.1802929102101
"us-nc",86.8207973802854
"us-nd",105.894364143686
"us-ne",110.141228473541
"us-nh",132.007567600616
"us-nj",73.1003469453823
"us-nm",107.34632581961
"us-nv",110.170947517017
"us-ny",78.4369886142592
"us-oh",107.48589529588
"us-ok",119.71340367213
"us-or",117.196631577252
"us-pa",102.169293578617
"us-ri",126.852488323566
"us-sc",76.9084185042044
"us-sd",114.85405179473
"us-tn",96.6359942783463
"us-tx",111.289570445578
"us-ut",136.124666537124
"us-va",94.621577176133
"us-vt",129.294665411348
"us-wa",116.144215845645
"us-wi",113.472177979512
"us-wv",120.054135018978
"us-wy",120.775702234723
