"JS_KEY","NAME_REGIONALITY"
"us-ak",0.919930371828356
"us-al",0.848895339067707
"us-ar",0.984691763137742
"us-az",1.10539037375087
"us-ca",1.16381540891429
"us-co",0.958437728435686
"us-ct",1.1969639973538
"us-dc",1.17755169936548
"us-de",1.07072223124645
"us-fl",1.02060090500539
"us-ga",0.907438275348177
"us-hi",1.05147750466501
"us-ia",0.826529479344653
"us-id",1.06425567112671
"us-il",0.958394545557777
"us-in",0.967903862988371
"us-ks",0.942899176986018
"us-ky",0.970705253394816
"us-la",0.877550345832355
"us-ma",0.990159539044998
"us-md",1.02385628396481
"us-me",0.859714672798569
"us-mi",1.00246269686009
"us-mn",0.883902418887157
"us-mo",0.966014140239486
"us-ms",0.854601983104314
"us-mt",0.859476138901487
"us-nc",0.992796685576335
"us-nd",0.865939631440867
"us-ne",0.874741789118606
"us-nh",0.945709331082835
"us-nj",0.970572143787782
"us-nm",1.12365068598098
"us-nv",1.18079072537343
"us-ny",1.01692631903044
"us-oh",1.00772919961512
"us-ok",0.923432386225169
"us-or",0.967635089321195
"us-pa",0.998240596320077
"us-ri",1.19594703558884
"us-sc",0.914334066592404
"us-sd",0.700799302719892
"us-tn",0.983658665386571
"us-tx",1.06187648911732
"us-ut",1.14308264881498
"us-va",0.981662077520184
"us-vt",1.03385996004815
"us-wa",0.998366221733458
"us-wi",0.875004832388291
"us-wv",1.09624806108553
"us-wy",0.875986544142723
