"JS_KEY","NAME_REGIONALITY"
"us-ak",0.988714820727424
"us-al",0.827036684908273
"us-ar",0.906805792239932
"us-az",1.14615875533448
"us-ca",1.16465438581984
"us-co",0.974968570391912
"us-ct",1.08044854173327
"us-dc",1.07571925586495
"us-de",1.13255491825877
"us-fl",0.988331972169706
"us-ga",0.970708959559654
"us-hi",1.04472680118937
"us-ia",0.750913140319353
"us-id",0.990471098076384
"us-il",0.999790807970868
"us-in",0.954446023269859
"us-ks",0.788475910587751
"us-ky",0.949167104079536
"us-la",0.873233157073396
"us-ma",1.08368108424312
"us-md",1.07250816016946
"us-me",0.829869451591298
"us-mi",1.00963199729512
"us-mn",0.786246959898528
"us-mo",0.904325618893407
"us-ms",0.788392924874588
"us-mt",0.84960038154651
"us-nc",1.03506604572128
"us-nd",0.883112342690482
"us-ne",0.789065919993046
"us-nh",0.744403913651375
"us-nj",1.10845364107181
"us-nm",1.05845686915766
"us-nv",0.879631873511188
"us-ny",1.03329170227447
"us-oh",0.962426769987539
"us-ok",0.91378997720873
"us-or",0.938862071507042
"us-pa",1.0517990283166
"us-ri",1.21506902393547
"us-sc",0.863562962720546
"us-sd",0.805337826257901
"us-tn",0.977483389357902
"us-tx",1.08598188281347
"us-ut",1.17974636002234
"us-va",0.998647600343998
"us-vt",0.906581900982535
"us-wa",0.960642627869896
"us-wi",0.829201665060505
"us-wv",1.11030668767048
"us-wy",0.959552267150073
