"JS_KEY","NAME_REGIONALITY"
"us-ak",1.00408029900727
"us-al",0.923171424362491
"us-ar",0.905860854553608
"us-az",1.18713849832361
"us-ca",1.26797032137535
"us-co",0.967459392663253
"us-ct",0.993293626907674
"us-dc",1.1830691232567
"us-de",0.850686104550842
"us-fl",1.02115072473766
"us-ga",0.971467641148215
"us-hi",1.22486079582254
"us-ia",0.773628459851347
"us-id",0.853194525800491
"us-il",0.950959065759334
"us-in",0.862991879232655
"us-ks",0.786965548959716
"us-ky",0.941679142649985
"us-la",0.799797827794535
"us-ma",0.894816593254903
"us-md",0.967175058069067
"us-me",0.637804982306785
"us-mi",0.946445257602606
"us-mn",0.753285638435339
"us-mo",0.805365491499081
"us-ms",0.88069805303823
"us-mt",1.05070890208866
"us-nc",0.997848069777276
"us-nd",0.614691294161377
"us-ne",0.569378815392891
"us-nh",0.856911536548075
"us-nj",0.919184174563589
"us-nm",0.937258598156339
"us-nv",0.959146787174408
"us-ny",0.958151166680354
"us-oh",0.927967962483948
"us-ok",0.885118679439471
"us-or",0.94274847113562
"us-pa",1.05250829347815
"us-ri",1.17760376254872
"us-sc",1.02060621762423
"us-sd",0.554843460571585
"us-tn",0.999767200083045
"us-tx",1.12202011898462
"us-ut",0.982033629885583
"us-va",0.981221095424791
"us-vt",0.828454730723392
"us-wa",1.06597710660437
"us-wi",0.78492212634128
"us-wv",0.949383485187698
"us-wy",0.829892188324416
