"JS_KEY","NAME_REGIONALITY"
"us-ak",106.053374454491
"us-al",93.8251882820393
"us-ar",87.3610351924429
"us-az",126.265281866332
"us-ca",121.984954238374
"us-co",107.08653067963
"us-ct",91.1538058623437
"us-dc",116.898789549178
"us-de",95.7187153381741
"us-fl",106.57590117046
"us-ga",100.048207025486
"us-hi",106.745563096396
"us-ia",67.8953489671429
"us-id",79.5016520563856
"us-il",94.211268686151
"us-in",98.1149447200661
"us-ks",81.8883106548903
"us-ky",96.708497223566
"us-la",90.0023472866913
"us-ma",84.6409703484972
"us-md",105.793336018963
"us-me",51.4691056416268
"us-mi",86.204012673521
"us-mn",78.176281606084
"us-mo",80.5295628103306
"us-ms",92.7155793131373
"us-mt",67.2808146110106
"us-nc",101.004976670077
"us-nd",74.7243418988023
"us-ne",88.1862416435769
"us-nh",74.579386822374
"us-nj",89.1046920157319
"us-nm",104.294945736806
"us-nv",109.300451864075
"us-ny",95.606623811646
"us-oh",94.9072683142214
"us-ok",94.8228473072944
"us-or",96.992157779555
"us-pa",99.5176541332807
"us-ri",102.082929257116
"us-sc",93.4531075304062
"us-sd",74.5071199746779
"us-tn",101.207331020726
"us-tx",114.754727830951
"us-ut",88.0747239639089
"us-va",99.4970856804705
"us-vt",74.7582458651811
"us-wa",106.542413555186
"us-wi",74.5587688001704
"us-wv",108.680350266951
"us-wy",78.9659410162464
