"JS_KEY","NAME_REGIONALITY"
"us-ak",1.15505199494094
"us-al",0.971088100185334
"us-ar",0.875446990219112
"us-az",1.16357922443379
"us-ca",1.20253725645612
"us-co",0.95937956587423
"us-ct",0.840325006917717
"us-dc",0.856309449984087
"us-de",1.02544825869995
"us-fl",1.08807938519442
"us-ga",0.999227105235586
"us-hi",1.16078735674656
"us-ia",0.711999745913027
"us-id",0.884511258217095
"us-il",0.98578756561421
"us-in",0.930573976561111
"us-ks",0.925656274567035
"us-ky",0.940258058145591
"us-la",0.766336236584126
"us-ma",0.66138845003745
"us-md",0.954614408103151
"us-me",0.578561732760052
"us-mi",0.878614516495648
"us-mn",0.675888364266868
"us-mo",0.736711628652671
"us-ms",0.801991463169634
"us-mt",1.06190264051022
"us-nc",0.96718679783772
"us-nd",0.701683535294512
"us-ne",0.709843274518961
"us-nh",0.539402792581268
"us-nj",0.951190699049952
"us-nm",1.16971001518131
"us-nv",1.06908386462628
"us-ny",0.993209614600332
"us-oh",0.822649901603943
"us-ok",1.06661166691502
"us-or",1.00849189956092
"us-pa",0.802976155735368
"us-ri",0.683287660197425
"us-sc",1.02697400160568
"us-sd",0.891348146449127
"us-tn",0.935903748729344
"us-tx",1.24423964219787
"us-ut",0.916823788155684
"us-va",0.930559454218823
"us-vt",0.846222414937664
"us-wa",1.09383890631578
"us-wi",0.749632713967512
"us-wv",0.867543396721497
"us-wy",1.22639344168729
