"JS_KEY","NAME_REGIONALITY"
"us-ak",100.644221401919
"us-al",81.919464456008
"us-ar",95.2841804406657
"us-az",115.396407717011
"us-ca",113.175859422787
"us-co",99.240672877471
"us-ct",68.1037960513993
"us-dc",81.0113835890176
"us-de",127.122626693062
"us-fl",106.117662124537
"us-ga",104.350106866606
"us-hi",105.212037804427
"us-ia",92.2142273987511
"us-id",85.6949899523098
"us-il",93.8973775406111
"us-in",102.972993491166
"us-ks",99.2065591936724
"us-ky",89.529652119584
"us-la",79.1957213146383
"us-ma",64.434968345338
"us-md",97.2739566240201
"us-me",85.1955861677397
"us-mi",83.6901854619394
"us-mn",71.0794936446413
"us-mo",82.4451659362704
"us-ms",91.6390319922853
"us-mt",78.648749775206
"us-nc",89.3925344499835
"us-nd",68.3276819289018
"us-ne",68.5980611763556
"us-nh",56.4274374192602
"us-nj",102.292347012246
"us-nm",111.22140711014
"us-nv",113.450500797269
"us-ny",119.693089458595
"us-oh",96.8162800528728
"us-ok",94.997549110037
"us-or",102.268792124593
"us-pa",88.9200071465831
"us-ri",74.526676976074
"us-sc",104.352232088738
"us-sd",86.3700409696049
"us-tn",95.3135054817999
"us-tx",116.753020655628
"us-ut",80.7725400565922
"us-va",93.5224515912646
"us-vt",85.8582185045999
"us-wa",106.115489926795
"us-wi",79.019135437495
"us-wv",94.0053487276641
"us-wy",152.329097346871
