"JS_KEY","NAME_REGIONALITY"
"us-az",284.645555509682
"us-ca",152.242804916947
"us-co",161.95146905676
"us-ct",252.936275851105
"us-il",126.270207599327
"us-in",45.303389096835
"us-ks",110.445762326307
"us-ky",31.3846310721686
"us-ma",183.473933523166
"us-md",118.526668672369
"us-mi",105.149454475437
"us-mn",85.2444422463464
"us-mo",75.2728231675874
"us-mt",158.909136168977
"us-ne",116.758010876629
"us-nj",263.157725563306
"us-ny",228.721012240105
"us-oh",148.769535118322
"us-pa",106.301959872368
"us-ri",322.054100766473
"us-tx",109.067829483117
"us-wa",76.4834306608211
"us-wi",96.9544344274177
"us-wv",46.1450936033787
