"JS_KEY","NAME_REGIONALITY"
"us-az",2.75628649509467
"us-ca",2.72718493818143
"us-co",1.06688533073575
"us-ct",1.9568367081069
"us-ia",0.478227943960621
"us-il",0.711188332276474
"us-in",0.507795015518494
"us-ks",0.674150657594191
"us-ky",0.656035668326162
"us-ma",1.70002458947368
"us-md",1.90476384572273
"us-mi",0.61033795197158
"us-mn",0.764570061251828
"us-ne",0.833737734165923
"us-nj",2.85573743398953
"us-nm",7.40420890125739
"us-ny",2.58071147344091
"us-oh",1.10395236980441
"us-pa",0.941422380172632
"us-ri",3.49394612230102
"us-tx",2.16678044689982
"us-wi",0.37827227249915
