"JS_KEY","NAME_REGIONALITY"
"us-ak",0.937286037781638
"us-al",2.2384713094369
"us-ar",1.89649041642014
"us-az",0.627962528379156
"us-ca",0.66279241522849
"us-co",0.743543868158205
"us-ct",0.330480490919786
"us-dc",1.56603032365768
"us-de",0.494788732157326
"us-fl",1.49341520184639
"us-ga",2.56487196589174
"us-hi",0.818838461871259
"us-ia",1.03915770977948
"us-id",0.95345699653892
"us-il",0.898299444140458
"us-in",1.4627400515151
"us-ks",1.31508347309028
"us-ky",1.59509302813836
"us-la",2.07931656739743
"us-ma",0.253847418208807
"us-md",0.964725180925841
"us-me",0.467788690247985
"us-mi",0.65972585884403
"us-mn",0.377766031757925
"us-mo",1.25128213418786
"us-ms",1.88828136657554
"us-mt",0.445532371421486
"us-nc",2.32637360564345
"us-nd",0.57913457831125
"us-ne",0.778030566806607
"us-nh",0.324789716137269
"us-nj",0.512038895339304
"us-nm",1.18692503640647
"us-nv",0.81448726186949
"us-ny",0.556184691354188
"us-oh",0.830679852347644
"us-ok",1.99992302912231
"us-or",0.918402903645687
"us-pa",0.526711445906779
"us-ri",0.281979063166179
"us-sc",2.12108950211536
"us-sd",0.739565382774663
"us-tn",2.23616905899361
"us-tx",1.17282899436432
"us-ut",0.8484986712698
"us-va",1.53388436101461
"us-vt",0.339047968096333
"us-wa",0.767305091673817
"us-wi",0.391753745045956
"us-wv",1.31975756249205
"us-wy",0.983992547408467
