"JS_KEY","NAME_REGIONALITY"
"us-ak",0.991944754507355
"us-al",1.49931615245076
"us-ar",1.68330313678233
"us-az",0.751542445923442
"us-ca",0.571983219101639
"us-co",0.799672377384402
"us-ct",0.320131933381684
"us-dc",0.748420037471365
"us-de",0.736732040599287
"us-fl",1.0394929160044
"us-ga",1.43191426300914
"us-hi",0.602130651818528
"us-ia",1.61181867037238
"us-id",1.32085129955656
"us-il",0.942943211113294
"us-in",1.65196681800077
"us-ks",1.40609760186526
"us-ky",1.79901628363462
"us-la",1.48085276002575
"us-ma",0.272244429297316
"us-md",0.73677387462421
"us-me",0.976615451557262
"us-mi",0.997348648559705
"us-mn",0.985551528661575
"us-mo",1.45013391563459
"us-ms",1.88168365475611
"us-mt",0.958206857937237
"us-nc",1.79329746753011
"us-nd",1.04035047154864
"us-ne",1.39286841263256
"us-nh",0.724765965701217
"us-nj",0.313156920251352
"us-nm",0.981291311460705
"us-nv",1.02251930469989
"us-ny",0.392463309772281
"us-oh",1.1602719054064
"us-ok",1.4819177611493
"us-or",1.28198646941296
"us-pa",0.502522402387988
"us-ri",0.159929971816848
"us-sc",1.59900911318051
"us-sd",1.38230409760714
"us-tn",1.74993018987863
"us-tx",1.0119669898939
"us-ut",1.05257388231601
"us-va",1.27795594914324
"us-vt",0.635896888206199
"us-wa",1.13449155255873
"us-wi",0.854242690396834
"us-wv",1.57174656541525
"us-wy",0.821439404901981
