"JS_KEY","NAME_REGIONALITY"
"us-ak",0.972790702268931
"us-al",1.13374963537898
"us-ar",1.49283588345368
"us-az",0.84366333823556
"us-ca",0.698841864031225
"us-co",0.87526550013821
"us-ct",0.309858326892064
"us-dc",0.750195478103885
"us-de",0.895941545820838
"us-fl",1.02369931079923
"us-ga",1.06978262846031
"us-hi",0.786976547807164
"us-ia",1.63646434897245
"us-id",1.26095495417023
"us-il",0.951284929664044
"us-in",1.43571671414703
"us-ks",1.47313216856187
"us-ky",1.4809859284913
"us-la",1.136208287631
"us-ma",0.440506552213531
"us-md",0.865268645928983
"us-me",1.02408111138566
"us-mi",1.15678058728222
"us-mn",1.46848493722911
"us-mo",1.34800750875044
"us-ms",1.35537096055594
"us-mt",1.00691645242825
"us-nc",1.25021613277315
"us-nd",1.5717397301562
"us-ne",1.49837775210202
"us-nh",0.948057942940047
"us-nj",0.367782392431369
"us-nm",0.726241170097386
"us-nv",0.931984175968023
"us-ny",0.439458718888571
"us-oh",1.23298389605332
"us-ok",1.32521926731961
"us-or",1.31102999591264
"us-pa",0.710785771622768
"us-ri",0.275470788657629
"us-sc",1.29235371149387
"us-sd",1.43556890298268
"us-tn",1.32265932778336
"us-tx",0.974241588445629
"us-ut",1.34953532431914
"us-va",1.13876185538185
"us-vt",0.819474027524737
"us-wa",1.19374736278967
"us-wi",1.19520915810259
"us-wv",1.39446696707767
"us-wy",1.02754976721497
