"JS_KEY","NAME_REGIONALITY"
"us-ak",91.340253956499
"us-al",101.946224296911
"us-ar",112.714051582505
"us-az",110.527905304284
"us-ca",88.9155922566842
"us-co",95.8081866721246
"us-ct",61.8383756282506
"us-dc",65.7093498785877
"us-de",81.7735177219318
"us-fl",90.6262393558832
"us-ga",86.2919409519061
"us-hi",84.8641381276665
"us-ia",107.972207725021
"us-id",132.529189167428
"us-il",105.058216869964
"us-in",113.892592106057
"us-ks",118.790089286027
"us-ky",103.529407054939
"us-la",89.5798492386732
"us-ma",69.6485686695354
"us-md",89.8039166942595
"us-me",108.1404800415
"us-mi",126.358904145559
"us-mn",165.726285833077
"us-mo",131.728502509702
"us-ms",128.915700086143
"us-mt",99.5422798207816
"us-nc",91.5406423773332
"us-nd",124.562646613234
"us-ne",131.134288253751
"us-nh",88.5155932852473
"us-nj",68.9858894361976
"us-nm",108.851832225535
"us-nv",108.301656602938
"us-ny",74.0530206867067
"us-oh",116.728401061657
"us-ok",103.303904552568
"us-or",116.751805283083
"us-pa",94.0731348772182
"us-ri",68.7334359485208
"us-sc",91.4119714582431
"us-sd",118.508440098517
"us-tn",97.2861470674026
"us-tx",101.231797881306
"us-ut",146.181153992163
"us-va",76.7717836443293
"us-vt",77.158433829336
"us-wa",123.364174479584
"us-wi",146.271867190057
"us-wv",110.515342112872
"us-wy",69.3325387975174
