"JS_KEY","NAME_REGIONALITY"
"us-ak",168.790837576465
"us-al",63.3731943140452
"us-ar",90.7326506187469
"us-az",106.996608353819
"us-ca",126.240142602656
"us-co",106.228166287877
"us-ct",87.6821750475735
"us-dc",56.8981070689145
"us-de",48.2009746808484
"us-fl",102.135133373127
"us-ga",68.431189731982
"us-hi",163.630757453324
"us-ia",80.3366583720702
"us-id",90.1855302790572
"us-il",112.976065247873
"us-in",55.6899775735464
"us-ks",79.1925242108947
"us-ky",64.4486744518119
"us-la",60.4291097254686
"us-ma",84.6829065181776
"us-md",89.1151830156646
"us-me",56.8020649301438
"us-mi",110.52606902742
"us-mn",131.015174446731
"us-mo",113.661925473517
"us-ms",60.4659751689455
"us-mt",129.037613401975
"us-nc",72.0590195062883
"us-nd",140.526868465507
"us-ne",78.3366023496196
"us-nh",79.650423772674
"us-nj",108.337597175047
"us-nm",73.2778651645111
"us-nv",111.961395285327
"us-ny",98.9984020215625
"us-oh",89.5048403273558
"us-ok",68.1723412884351
"us-or",95.6756686269372
"us-pa",116.005737051352
"us-ri",55.5574808993859
"us-sc",70.0642779747912
"us-sd",67.340812825988
"us-tn",90.4840721619178
"us-tx",111.608316551727
"us-ut",107.648486250881
"us-va",88.366963302963
"us-vt",66.7681868665834
"us-wa",110.12536852048
"us-wi",129.756437998196
"us-wv",65.5044686418287
