"JS_KEY","NAME_REGIONALITY"
"us-ak",1.42356326259004
"us-al",0.711732277416825
"us-ar",0.549026685114755
"us-az",1.17491646933448
"us-ca",1.26678984513685
"us-co",0.901806573814131
"us-ct",0.923995128573041
"us-dc",0.773247506898261
"us-de",1.5261080738783
"us-fl",0.998394316915045
"us-ga",0.61042167511364
"us-hi",1.07384619437696
"us-ia",0.904928405616279
"us-id",0.50679386318285
"us-il",1.0549557527854
"us-in",1.02018614569452
"us-ks",1.30592912276151
"us-ky",0.733657558781034
"us-la",0.565852314769524
"us-ma",0.938475241469071
"us-md",0.919384607089398
"us-me",0.791721934410086
"us-mi",0.974388035461046
"us-mn",1.08818063441591
"us-mo",0.811678866772077
"us-ms",0.643451951111147
"us-mt",1.25930596306042
"us-nc",0.712042223530243
"us-nd",1.2192026889108
"us-ne",0.948318819743667
"us-nh",0.853270714591704
"us-nj",0.899731550360916
"us-nm",0.875595232014455
"us-nv",1.28061349406855
"us-ny",1.06522355838771
"us-oh",0.769222994691271
"us-ok",1.0754299953278
"us-or",1.43362560061809
"us-pa",1.3013189750239
"us-ri",0.985124467820785
"us-sc",0.732938436073274
"us-sd",1.32999078816573
"us-tn",0.47052403910198
"us-tx",1.12215455459484
"us-ut",1.20495652537731
"us-va",0.618960809700958
"us-vt",0.969914287527681
"us-wa",1.26852463930934
"us-wi",1.06908098579074
"us-wv",1.20817983072216
