"JS_KEY","NAME_REGIONALITY"
"us-ak",175.398458164719
"us-al",94.3193372412756
"us-az",82.0504064140193
"us-ca",196.851010354535
"us-co",79.1313781305343
"us-ct",59.1794494565962
"us-dc",116.135810029258
"us-de",123.25229008273
"us-fl",93.4061456335726
"us-ga",96.7087011225894
"us-ia",103.070282438931
"us-id",110.316229240347
"us-il",75.9711644097715
"us-in",72.3663837328608
"us-ks",90.4954363864345
"us-ky",52.8224100354557
"us-la",68.316078377475
"us-ma",70.8045070688024
"us-md",71.5479543930248
"us-mi",67.6884131435876
"us-mn",62.5653567459305
"us-mo",74.3457004904278
"us-ms",51.1208962617623
"us-nc",61.4475185339988
"us-ne",71.4289062159982
"us-nj",71.923920340258
"us-nm",96.5466372532383
"us-nv",127.337849865228
"us-ny",117.460216528668
"us-oh",68.9769937180783
"us-ok",57.3020324393525
"us-or",66.5562366446743
"us-pa",49.9151045971022
"us-sc",97.7932060728171
"us-tn",70.3960195280208
"us-tx",139.131610833533
"us-ut",40.7763631794157
"us-va",70.0266850286102
"us-wa",88.6238762665205
"us-wi",75.8249558064843
