"JS_KEY","NAME_REGIONALITY"
"us-ma",1175.11104014863
"us-ny",599.898483175624
