"JS_KEY","NAME_REGIONALITY"
"us-il",371.317021196299
"us-ny",569.054104038468
"us-oh",463.410003477677
