"JS_KEY","NAME_REGIONALITY"
"us-al",0.114337918269839
"us-ar",0.188389953790731
"us-az",0.636991572124774
"us-ca",1.37487841272178
"us-co",0.659086574714566
"us-ct",2.01512962247997
"us-dc",1.67104572955339
"us-fl",0.294751805476178
"us-ga",0.211597034598308
"us-hi",1.85671747728155
"us-ia",0.548887580765431
"us-il",1.23583276046916
"us-in",0.904592797116512
"us-ks",0.438022808749415
"us-ky",0.212185052992442
"us-la",0.305440857562173
"us-ma",1.59979154576703
"us-md",0.859268435880393
"us-me",1.30085890362845
"us-mi",0.908983750867725
"us-mn",1.5153005223249
"us-mo",0.594654300836292
"us-nc",0.219508883140847
"us-nd",1.21221273650343
"us-nj",1.64112694703481
"us-nm",1.03318498079187
"us-ny",2.64960961609324
"us-oh",1.29067281765835
"us-or",1.25608755409655
"us-pa",0.923692212358273
"us-ri",0.840747271892122
"us-sc",0.183557415569428
"us-sd",0.638053224744982
"us-tn",0.109321987462999
"us-tx",0.261111848869513
"us-ut",1.17856254212122
"us-va",0.36577209569616
"us-wa",1.30072078376609
"us-wi",1.28579109394758
"us-wv",0.301546347538612
