"JS_KEY","NAME_REGIONALITY"
"us-al",0.108431636190105
"us-ar",0.0984358733304202
"us-az",0.582217691013526
"us-ca",1.2911718224867
"us-co",0.468788435457235
"us-ct",1.73282264279815
"us-dc",1.09086576339626
"us-de",0.986811497876875
"us-fl",0.623799323802161
"us-ga",0.119271881432328
"us-hi",1.16504766829821
"us-ia",0.735355654670326
"us-id",0.747851099393467
"us-il",1.19576602128708
"us-in",0.924755255297678
"us-ks",0.559432783399951
"us-ky",0.268273853504871
"us-la",0.182371311998091
"us-ma",1.3529708082597
"us-md",1.08391418502394
"us-me",1.52247447051616
"us-mi",0.965358780330248
"us-mn",1.70098363628887
"us-mo",0.427363783740377
"us-ms",0.185464805452656
"us-mt",0.814956578526993
"us-nc",0.241293263628336
"us-nd",1.24458681943428
"us-ne",0.505777874559134
"us-nh",1.16912838037956
"us-nj",1.6865566339634
"us-nm",0.52569377386897
"us-nv",1.26966016540927
"us-ny",2.07264163197317
"us-oh",1.40981628116996
"us-ok",0.336855952890145
"us-or",0.881203028561812
"us-pa",1.20708124238013
"us-ri",1.08540359567358
"us-sc",0.0909645235601261
"us-sd",0.836551339671821
"us-tn",0.247953500036426
"us-tx",0.30478755387328
"us-ut",1.08897199183772
"us-va",0.401392182192927
"us-vt",1.03486056073749
"us-wa",0.961504851529059
"us-wi",1.8174074408951
"us-wv",0.363417728258912
"us-wy",0.632819854450345
