"JS_KEY","NAME_REGIONALITY"
"us-ak",0.654172703481214
"us-al",0.364540736129254
"us-ar",0.193471718896005
"us-az",0.708470852613855
"us-ca",1.08146114388518
"us-co",0.756284312570616
"us-ct",1.1267991555233
"us-dc",0.889177767667638
"us-de",0.955740181288471
"us-fl",0.646063750831481
"us-ga",0.382681829216863
"us-hi",1.14992612806223
"us-ia",1.66134602571992
"us-id",0.94208762787913
"us-il",1.07814126666696
"us-in",1.44415748551925
"us-ks",0.785521636388741
"us-ky",0.610914037347509
"us-la",0.30804152629179
"us-ma",0.813263340908165
"us-md",0.925164708126624
"us-me",1.11801068616748
"us-mi",0.993152769879949
"us-mn",1.70902324065507
"us-mo",0.710633455559414
"us-ms",0.148997751303624
"us-mt",0.80334518829982
"us-nc",0.570034741823736
"us-nd",1.69895576456279
"us-ne",1.06927699270911
"us-nh",0.998741181716397
"us-nj",1.18419190487714
"us-nm",0.546479401977202
"us-nv",0.811002121563646
"us-ny",1.11486525882326
"us-oh",1.67491477693526
"us-ok",0.630448880433214
"us-or",1.35647851557977
"us-pa",1.3541779102156
"us-ri",0.838001595053858
"us-sc",0.221391599163015
"us-sd",1.30678032345323
"us-tn",0.492484971561278
"us-tx",0.375623059474445
"us-ut",1.56571156925382
"us-va",0.647310096716955
"us-vt",1.23929384381719
"us-wa",1.24255917373887
"us-wi",2.06659659345556
"us-wv",0.832865976592435
"us-wy",0.695783198322763
