"JS_KEY","NAME_REGIONALITY"
"us-ak",0.559528791627157
"us-al",0.818382992408274
"us-ar",0.560925851751904
"us-az",0.596709479830781
"us-ca",0.88176092379692
"us-co",0.840976407530042
"us-ct",0.961110675331112
"us-dc",0.749909089450072
"us-de",0.943569530106187
"us-fl",0.778544054325798
"us-ga",0.682975377979473
"us-hi",0.940844611674226
"us-ia",1.71564908509245
"us-id",0.999656892306976
"us-il",1.04716788229633
"us-in",1.44925469218047
"us-ks",1.14887509924789
"us-ky",1.21619497464121
"us-la",0.485956888628264
"us-ma",0.754209513506859
"us-md",0.970146523318749
"us-me",1.36660468105252
"us-mi",1.19870173138844
"us-mn",1.39670083151256
"us-mo",1.11375141513671
"us-ms",0.474938286959765
"us-mt",0.900697674290827
"us-nc",1.17944047739356
"us-nd",1.88693579343893
"us-ne",1.21411164509094
"us-nh",1.03373304719597
"us-nj",0.780879652250215
"us-nm",0.497774887110158
"us-nv",0.715253083574879
"us-ny",0.80272741506465
"us-oh",1.36738364147924
"us-ok",0.805181220708331
"us-or",1.08275383828373
"us-pa",1.18450898108178
"us-ri",0.612386576181015
"us-sc",0.574971436239781
"us-sd",1.51876631915836
"us-tn",1.1865444683723
"us-tx",0.608941089075113
"us-ut",1.30423349536954
"us-va",1.02291571582299
"us-vt",1.40658256675998
"us-wa",1.1766656242919
"us-wi",1.54458097556305
"us-wv",1.28410321423959
"us-wy",0.882207011474594
