"JS_KEY","NAME_REGIONALITY"
"us-ak",86.1453903320417
"us-al",82.0776389657104
"us-ar",76.8577269007979
"us-az",63.8171655745015
"us-ca",89.6444436145169
"us-co",100.779391655257
"us-ct",97.5152563960795
"us-dc",83.5690201166542
"us-de",81.1893217348361
"us-fl",67.110345672771
"us-ga",72.1148729168318
"us-hi",87.1994003515269
"us-ia",162.889457952162
"us-id",114.124719437617
"us-il",107.739094497712
"us-in",131.258934264874
"us-ks",118.30572010669
"us-ky",110.914073133951
"us-la",52.2735790777521
"us-ma",83.6334985435765
"us-md",95.8236557389052
"us-me",109.842276168364
"us-mi",122.180150239948
"us-mn",153.997669543189
"us-mo",126.010563161748
"us-ms",53.5245646551432
"us-mt",95.1426259612913
"us-nc",111.144864899755
"us-nd",174.704164758255
"us-ne",146.638568848053
"us-nh",117.662397363172
"us-nj",84.2455511797388
"us-nm",59.0154786467454
"us-nv",69.0710374128014
"us-ny",83.5942717082681
"us-oh",121.185621053196
"us-ok",99.2313074865335
"us-or",130.595982071591
"us-pa",105.979114783051
"us-ri",57.7783053935154
"us-sc",64.9130934128075
"us-sd",120.770871471142
"us-tn",111.812140571921
"us-tx",69.522866781968
"us-ut",115.015897665004
"us-va",102.267376712576
"us-vt",141.209018950874
"us-wa",136.939909075615
"us-wi",139.151938298757
"us-wv",114.103321899144
"us-wy",91.9210403185367
