"JS_KEY","NAME_REGIONALITY"
"us-ak",0.941713392050007
"us-al",0.785950465129222
"us-ar",0.784880729297516
"us-az",0.916624970655839
"us-ca",0.996310746004955
"us-co",1.0766068648033
"us-ct",1.4584943324712
"us-dc",0.923001538206117
"us-de",1.30802001146994
"us-fl",0.754081711453815
"us-ga",0.803965443773672
"us-hi",0.972214590678256
"us-ia",1.21679549525521
"us-id",1.09086661497828
"us-il",1.05085272914111
"us-in",0.984386663347316
"us-ks",1.01576002418183
"us-ky",0.863884839040439
"us-la",0.683467039948871
"us-ma",1.42968949896988
"us-md",0.9022950254965
"us-me",0.970429466021287
"us-mi",1.19309681620324
"us-mn",1.18830543524371
"us-mo",1.10252225861683
"us-ms",0.639002420548661
"us-mt",1.15478307171759
"us-nc",0.875803883326242
"us-nd",0.776302236169736
"us-ne",1.58096022439157
"us-nh",1.42165212921352
"us-nj",1.18293077722191
"us-nm",0.621796859485222
"us-nv",0.860668966794795
"us-ny",1.02252642070095
"us-oh",1.09424647483447
"us-ok",0.914532194263937
"us-or",1.13364484524569
"us-pa",1.14323204723786
"us-ri",1.01960783522728
"us-sc",0.650308046196294
"us-sd",1.16715617768655
"us-tn",0.803620905417798
"us-tx",0.763997178963589
"us-ut",1.35175451749578
"us-va",0.799040438290595
"us-vt",0.830705116549745
"us-wa",1.27608152908595
"us-wi",0.987107113840323
"us-wv",1.00716581220667
"us-wy",0.889073121051773
