"JS_KEY","NAME_REGIONALITY"
"us-ak",85.0269916825247
"us-al",85.0210960375599
"us-ar",90.179160766946
"us-az",79.8444034868317
"us-ca",104.026542033504
"us-co",87.7773268983108
"us-ct",128.382093846118
"us-dc",143.685880028389
"us-de",171.579891490957
"us-fl",109.988611807474
"us-ga",78.9954523198541
"us-hi",77.7442316432192
"us-ia",92.6568365930168
"us-id",63.4227064734565
"us-il",98.8676136536751
"us-in",81.245291262316
"us-ks",98.527460590895
"us-ky",99.9405959702036
"us-la",90.1263682494105
"us-ma",127.213654025303
"us-md",116.912113563471
"us-me",120.369945859114
"us-mi",87.7748259248297
"us-mn",65.3091489126165
"us-mo",106.990756086683
"us-ms",99.9239312686364
"us-mt",100.288246599901
"us-nc",88.9959971154609
"us-nd",64.7296757141788
"us-ne",87.4464589255233
"us-nh",101.928792150102
"us-nj",124.156595877546
"us-nm",73.6043128071126
"us-nv",98.4684010264844
"us-ny",111.666569858056
"us-oh",110.577975113536
"us-ok",96.3503832293763
"us-or",143.2322873494
"us-pa",117.652201416973
"us-ri",130.755099049834
"us-sc",106.126437571183
"us-sd",63.5504546401145
"us-tn",95.284565356861
"us-tx",69.5995499407233
"us-ut",117.550977572015
"us-va",102.10614803792
"us-vt",128.736259100411
"us-wa",82.0064195470626
"us-wi",83.8491771539409
"us-wv",129.522451634054
"us-wy",111.172242354929
