"JS_KEY","NAME_REGIONALITY"
"us-al",76.7019808578832
"us-ar",128.993599555899
"us-az",86.2288323970416
"us-ca",103.312607465245
"us-co",69.3009602306177
"us-ct",54.4190232580171
"us-dc",152.562548681606
"us-fl",130.277874911736
"us-ga",83.7322292318711
"us-ia",112.832445753632
"us-il",62.0977811410502
"us-in",108.64521399189
"us-ks",138.693226074188
"us-ky",111.024794167915
"us-la",89.7438527408064
"us-ma",104.174328144788
"us-md",169.180969162996
"us-mi",95.7592637044559
"us-mn",93.9307206123926
"us-mo",118.225694733051
"us-ms",78.3478405703397
"us-nc",92.2524859752722
"us-nd",195.811306901615
"us-ne",78.194199095487
"us-nj",120.251494848422
"us-nm",90.5922190966509
"us-nv",125.458634900256
"us-ny",111.869213711081
"us-oh",140.036832981348
"us-ok",58.5473629534529
"us-pa",135.826255989559
"us-ri",195.230264447901
"us-sc",134.890003319206
"us-tn",96.6796434791517
"us-tx",80.118851198956
"us-ut",153.046085589701
"us-va",107.851519697413
"us-wa",49.8948519244992
"us-wi",105.833433635846
"us-wv",180.207410066436
