"JS_KEY","NAME_REGIONALITY"
"us-ak",1.00183188405797
"us-al",0.680833254540484
"us-ar",1.01793230959601
"us-az",0.839137861104923
"us-ca",0.785278703879501
"us-co",0.942094724947043
"us-ct",1.15170740809853
"us-dc",0.916225321905585
"us-de",1.08283558463487
"us-fl",0.740197966284923
"us-ga",0.682903203198277
"us-hi",1.32325100803059
"us-ia",1.06963259541441
"us-id",1.36939690034319
"us-il",1.0092232368379
"us-in",0.963588141380086
"us-ks",1.02091813976175
"us-ky",0.942322597907567
"us-la",0.999866210340319
"us-ma",0.97030302526181
"us-md",0.988675645761892
"us-me",0.821960697160713
"us-mi",0.968642703286203
"us-mn",0.917305092549283
"us-mo",1.00254741723459
"us-ms",0.795494889047069
"us-mt",1.21042551398719
"us-nc",1.00649957037726
"us-nd",1.10129808943175
"us-ne",1.00805301121288
"us-nh",1.05113990124358
"us-nj",1.15735936692183
"us-nm",1.0864615180994
"us-nv",1.17628382340622
"us-ny",1.00649485597097
"us-oh",1.04525940580924
"us-ok",1.08364837644956
"us-or",0.807846210009883
"us-pa",1.26336268419266
"us-ri",0.974061330161814
"us-sc",0.792724484529162
"us-sd",1.0522124440664
"us-tn",0.852777506264382
"us-tx",0.978066095448241
"us-ut",0.916909087726668
"us-va",0.948910563729542
"us-vt",1.02194638432079
"us-wa",0.912871234166381
"us-wi",0.87501509994727
"us-wv",1.33329711848583
"us-wy",1.18758684751803
