"JS_KEY","NAME_REGIONALITY"
"us-ak",1.94491699413124
"us-al",1.33136705758196
"us-ar",1.57667841949041
"us-az",2.16335609080987
"us-ca",0.87247045692763
"us-co",1.13857770754287
"us-ct",0.711169696768592
"us-dc",1.11352409764699
"us-de",1.05711307842963
"us-fl",1.117230513922
"us-ga",1.41586750133539
"us-hi",0.975897523780511
"us-ia",0.715695294269449
"us-id",0.927222737615096
"us-il",0.666765077493313
"us-in",0.573221443850764
"us-ks",0.726098635633186
"us-ky",1.36308630308575
"us-la",1.35842246091211
"us-ma",0.920237850591983
"us-md",1.30600901635667
"us-me",0.771394705681198
"us-mi",0.622264111702989
"us-mn",0.622077351805096
"us-mo",0.984239793502774
"us-ms",1.61371736107266
"us-mt",1.03598729939083
"us-nc",1.50533229805444
"us-nd",0.857693126576114
"us-ne",0.838224306408174
"us-nh",0.772429446005736
"us-nj",0.881540203285357
"us-nm",2.05880008559482
"us-nv",0.92407747731111
"us-ny",0.992931424208282
"us-oh",0.711904068647145
"us-ok",1.2445934663687
"us-or",0.507849408221834
"us-pa",1.02825567003823
"us-ri",0.774268973668939
"us-sc",1.56468258095102
"us-sd",0.902900701789397
"us-tn",1.3436808893716
"us-tx",1.2944925544372
"us-ut",0.823054489149584
"us-va",1.35869807778415
"us-vt",0.67595431980724
"us-wa",0.679281160989267
"us-wi",0.639826291411277
"us-wv",1.35329379190917
"us-wy",1.17761656642595
