"JS_KEY","NAME_REGIONALITY"
"us-ak",132.029277014192
"us-al",145.863962007199
"us-ar",209.766193056944
"us-az",166.409658416405
"us-ca",81.6285325345019
"us-co",100.557426379606
"us-ct",64.3915142029308
"us-dc",92.0970609392015
"us-de",149.560738915694
"us-fl",119.807420355693
"us-ga",135.447105728265
"us-hi",69.5503028906111
"us-ia",60.047395136688
"us-id",132.895785010914
"us-il",75.4363975719561
"us-in",67.4680185052743
"us-ks",71.5261520312113
"us-ky",111.69914989746
"us-la",135.856472531326
"us-ma",88.0491551179769
"us-md",131.097857576515
"us-me",105.54882319496
"us-mi",63.8109691917217
"us-mn",47.2881928369268
"us-mo",83.2568881721771
"us-ms",205.044254523374
"us-mt",80.2045712157896
"us-nc",161.268981476124
"us-nd",86.6410512834491
"us-ne",68.1468653106428
"us-nh",35.5288131471313
"us-nj",97.9218108757867
"us-nm",188.04916429717
"us-nv",82.8475991722462
"us-ny",101.85512834147
"us-oh",67.9672368526828
"us-ok",95.5696543499681
"us-or",70.3025547435076
"us-pa",107.337133032781
"us-ri",87.3972597419997
"us-sc",191.881506097694
"us-sd",59.4808732818978
"us-tn",152.202990913392
"us-tx",125.434949551608
"us-ut",100.919171796221
"us-va",136.089380676833
"us-vt",87.9616485038664
"us-wa",65.4914455678787
"us-wi",48.3532420753147
"us-wv",130.289317263166
"us-wy",80.0065784525968
