"JS_KEY","NAME_REGIONALITY"
"us-ak",2.36773368145242
"us-al",1.2671855753325
"us-ar",1.5017946745889
"us-az",0.931446354735957
"us-ca",1.07149771597215
"us-co",0.328312324860052
"us-ct",0.75333210657013
"us-dc",1.1139831713404
"us-de",0.94035747293333
"us-fl",1.07063822353082
"us-ga",1.32727615093435
"us-hi",1.08368468544232
"us-ia",0.448434409365988
"us-il",0.958821519424656
"us-in",0.828494084797193
"us-ks",0.384216830595034
"us-ky",0.726750251307232
"us-la",1.14266918011203
"us-ma",0.949691805279277
"us-md",1.20361985543416
"us-mi",0.751058454746711
"us-mn",0.340918207602335
"us-mo",0.758652650472143
"us-ms",1.56228035908114
"us-mt",1.03202361916755
"us-nc",1.33361496363733
"us-nd",1.04402389380903
"us-ne",0.590143083636654
"us-nj",1.42884240333327
"us-nm",1.31551289406388
"us-ny",1.5162310778429
"us-oh",0.760256441275818
"us-ok",1.32231527584064
"us-or",0.581187741051533
"us-pa",1.02613739647621
"us-ri",0.679933231036017
"us-sc",1.6526990630492
"us-sd",1.28589621843855
"us-tn",1.30032101742305
"us-tx",0.919124349960178
"us-va",1.39573998011148
"us-wa",0.661589334858195
"us-wi",0.320306996183105
"us-wv",0.837408569129164
