"JS_KEY","NAME_REGIONALITY"
"us-ak",203.819996320906
"us-al",118.250724400931
"us-ar",144.477686827414
"us-az",126.959984102841
"us-ca",130.106219704042
"us-co",70.3428016701464
"us-ct",42.8240243581153
"us-dc",175.811977985891
"us-de",135.534623552053
"us-fl",104.674470375207
"us-ga",93.950020928178
"us-hi",215.389688781439
"us-id",129.655004992712
"us-il",86.6990796086151
"us-in",57.4014281211329
"us-ks",87.3877836574887
"us-ky",121.390830748529
"us-la",97.0184595206255
"us-ma",90.6549596811949
"us-md",140.841500341869
"us-me",74.4242363277323
"us-mi",71.7486903237579
"us-mn",45.1145022274308
"us-mo",64.4940863195433
"us-ms",188.743304081614
"us-mt",190.486255613838
"us-nc",120.57900339592
"us-ne",76.4658025413074
"us-nj",106.335161782633
"us-nm",181.342033973613
"us-ny",153.519110027961
"us-oh",81.5889639757416
"us-ok",56.3166937719022
"us-or",92.8723339942521
"us-pa",117.271662348866
"us-ri",81.7124240942104
"us-sc",156.096084538441
"us-tn",99.8301452285817
"us-tx",84.9873119033632
"us-ut",64.3864145541194
"us-va",147.969772197669
"us-wi",42.035483253106
"us-wv",70.1523286794065
