"JS_KEY","NAME_REGIONALITY"
"us-ak",2.3513129109926
"us-al",1.05839564740272
"us-ar",1.04992606234205
"us-az",0.613882361035171
"us-ca",1.30353938367846
"us-co",0.894881342268353
"us-dc",2.45711314581378
"us-fl",1.12289375518282
"us-ga",1.04090344775716
"us-hi",1.89560954186524
"us-ia",0.471280613477633
"us-il",1.37624570094158
"us-in",0.761702527915163
"us-ky",1.23912346475582
"us-la",1.03985234524727
"us-ma",1.00252685120435
"us-md",1.46389176975233
"us-me",1.32582353665713
"us-mi",0.440004100180483
"us-mn",0.416797392486872
"us-mo",0.689157388735969
"us-ms",1.53386830844234
"us-nc",1.3045392686538
"us-ne",0.830001704004029
"us-nj",1.11273399731481
"us-nm",1.11819542430768
"us-ny",1.85543832969688
"us-oh",0.674255438541544
"us-ok",0.505183070975637
"us-or",0.728175576047835
"us-pa",0.879596867551924
"us-sc",2.08455668965001
"us-tn",0.929532790317987
"us-tx",1.08202010063376
"us-va",1.43394539837561
"us-wa",0.962884780004133
"us-wi",0.47922035907172
"us-wv",0.921482432673444
