"JS_KEY","NAME_REGIONALITY"
"us-al",144.027802747085
"us-az",70.8261949733604
"us-ca",142.150582101996
"us-co",58.8206396840748
"us-ct",119.457212045038
"us-dc",216.826217764579
"us-fl",96.2408002924193
"us-ga",104.492816169463
"us-ia",141.557716848774
"us-il",78.0432410408136
"us-in",40.1232662776928
"us-ks",88.5796899351981
"us-ky",57.9603407035863
"us-la",76.5707483648015
"us-ma",90.9244042289631
"us-md",70.4314872110162
"us-me",307.015961694989
"us-mi",93.6026094607808
"us-mn",133.091210327048
"us-mo",129.772877637044
"us-nc",138.914375085184
"us-nj",82.9567787060664
"us-nv",120.834520410202
"us-ny",128.086797650705
"us-oh",59.3909383671265
"us-or",74.037244071414
"us-pa",61.9587252617339
"us-sc",89.8527360463273
"us-tn",138.559742724646
"us-tx",119.189338434788
"us-ut",159.461057996701
"us-va",98.3229127275798
"us-wa",77.1503274601571
"us-wi",116.961369662214
