"JS_KEY","NAME_REGIONALITY"
"us-al",154.033417257433
"us-az",105.111522893748
"us-ca",126.46876079419
"us-co",137.207748485897
"us-ct",111.303965188481
"us-dc",341.182557807593
"us-de",276.189040136712
"us-fl",84.2559300681705
"us-ga",115.838774350095
"us-ia",114.09556949337
"us-il",66.5106424245995
"us-in",96.3721605750654
"us-ks",82.6721326613937
"us-ky",123.526306962244
"us-la",57.3540442060376
"us-ma",96.4872346504548
"us-md",193.382321175203
"us-mi",84.3837505348285
"us-mn",139.163299817669
"us-mo",113.251289767296
"us-ms",125.880498247467
"us-nc",126.887736399838
"us-ne",161.537369866902
"us-nj",92.189399159185
"us-ny",84.4856565287897
"us-oh",70.3242631229822
"us-or",159.150852860558
"us-pa",59.0776839290154
"us-sc",94.4344579646018
"us-tn",115.324075693449
"us-tx",112.914722135546
"us-va",159.608829525665
"us-wa",144.215466363278
