"JS_KEY","NAME_REGIONALITY"
"us-ca",395.829160367349
"us-ct",343.580199708322
"us-il",133.170646923961
"us-ma",223.674623372192
"us-me",460.589648157094
"us-mi",144.507513706329
"us-mn",195.467456452835
"us-nj",251.470641305325
"us-ny",277.293313408576
"us-oh",66.2388310055662
"us-or",269.326012572611
"us-pa",59.2840831544004
"us-tx",50.9275062983157
"us-wa",317.432717341557
"us-wi",156.120399178027
