"JS_KEY","NAME_REGIONALITY"
"us-ak",94.8347765494094
"us-al",72.610133017063
"us-ar",92.7553739593879
"us-az",90.92551489124
"us-ca",88.4393944139736
"us-co",94.6476060879469
"us-ct",90.3418097412003
"us-dc",81.4754015472369
"us-de",122.907471218006
"us-fl",77.5740406047007
"us-ga",73.9570635837499
"us-hi",73.0853699475343
"us-ia",132.19839865939
"us-id",115.291959150157
"us-il",116.912292058645
"us-in",122.517506115585
"us-ks",127.693791804098
"us-ky",106.995213975386
"us-la",74.3618167846174
"us-ma",95.5901700738297
"us-md",107.398699200199
"us-me",87.1767909556682
"us-mi",104.733919973643
"us-mn",112.916387841133
"us-mo",116.384143829389
"us-ms",48.364213237515
"us-mt",96.2043178935584
"us-nc",88.449542917911
"us-nd",126.588383090309
"us-ne",119.721153480557
"us-nh",96.5195378464377
"us-nj",102.9052751074
"us-nm",69.0757183206189
"us-nv",116.4949846531
"us-ny",88.1077117229945
"us-oh",127.247347517274
"us-ok",101.012551595309
"us-or",103.913549892695
"us-pa",130.492705504911
"us-ri",102.029684270078
"us-sc",83.7695988349839
"us-sd",123.573952841666
"us-tn",84.212511218164
"us-tx",70.3212373562178
"us-ut",93.9570411329513
"us-va",101.656301904612
"us-vt",125.263975118804
"us-wa",116.582158779935
"us-wi",124.850359725973
"us-wv",114.389729880109
"us-wy",110.855815355511
