"JS_KEY","NAME_REGIONALITY"
"us-ak",0.799739528848572
"us-al",0.615868897006212
"us-ar",0.65279364139299
"us-az",0.850565666901654
"us-ca",1.15564444791091
"us-co",0.904771986970684
"us-ct",1.49083991742223
"us-dc",0.994652394231214
"us-de",1.46805240022702
"us-fl",0.947958437440714
"us-ga",0.734044729629817
"us-hi",0.720851799316502
"us-ia",0.703983616384497
"us-id",0.918161847242977
"us-il",1.16607547088656
"us-in",0.906441748085579
"us-ks",0.83664516628729
"us-ky",0.66800228734505
"us-la",0.840634674749087
"us-ma",1.36378427694287
"us-md",1.2634039415647
"us-me",0.895975140140217
"us-mi",0.928840914399842
"us-mn",0.843102779004094
"us-mo",0.977128529708217
"us-ms",0.75313044182932
"us-mt",0.597209232323884
"us-nc",0.766099652720179
"us-nd",0.65279364139299
"us-ne",0.852393051624484
"us-nh",1.013583115552
"us-nj",1.46588282119394
"us-nm",0.754076401364639
"us-nv",0.967670574300197
"us-ny",1.30202136157308
"us-oh",1.03417194918377
"us-ok",0.757250932640288
"us-or",0.789744049348225
"us-pa",1.07755430814163
"us-ri",1.1190842942877
"us-sc",0.777853205027988
"us-sd",0.736545088709446
"us-tn",0.602958006866802
"us-tx",0.667879894762441
"us-ut",0.829474165502308
"us-va",0.97856242066879
"us-vt",0.800991366448258
"us-wa",1.02836401366833
"us-wi",0.927099636550953
"us-wv",0.850136545011292
"us-wy",0.837267310094329
