"JS_KEY","NAME_REGIONALITY"
"us-ak",70.0991389315279
"us-al",62.8106734205239
"us-ar",78.100261462174
"us-az",88.2960906857859
"us-ca",120.394914213057
"us-co",82.7138216754088
"us-ct",129.690586803886
"us-dc",116.528438743319
"us-de",109.989846737506
"us-fl",94.0172630769961
"us-ga",88.1659649565007
"us-hi",82.8696252550222
"us-ia",86.1912238007014
"us-id",85.5951681655329
"us-il",110.287442519547
"us-in",84.386271767225
"us-ks",85.1908843009303
"us-ky",85.2204868402904
"us-la",87.5671760492885
"us-ma",145.89764472501
"us-md",121.056295805269
"us-me",78.1238623364131
"us-mi",88.8527011488175
"us-mn",70.703948433136
"us-mo",74.3880792870715
"us-ms",77.0868425198767
"us-mt",80.7679557862753
"us-nc",69.7086034806521
"us-nd",56.0058283208298
"us-ne",72.5018790297446
"us-nh",117.98894236896
"us-nj",154.155068626857
"us-nm",83.1298605552279
"us-nv",85.9102876083915
"us-ny",127.877356445337
"us-oh",96.3776384121441
"us-ok",53.3818252926673
"us-or",78.8081690316063
"us-pa",112.81013509657
"us-ri",123.290086125657
"us-sc",79.0017308674979
"us-sd",86.7215353477922
"us-tn",59.6221455751661
"us-tx",72.1504372676754
"us-ut",84.3826625382656
"us-va",105.619219548205
"us-vt",87.8209953794402
"us-wa",88.4029589488912
"us-wi",85.7050716235342
"us-wv",91.0277554726205
"us-wy",86.4577945959613
