"JS_KEY","NAME_REGIONALITY"
"us-ak",1.8151750566249
"us-al",1.17336695634321
"us-ar",1.02997580842177
"us-az",1.01300118266775
"us-ca",1.05034941211697
"us-co",0.6771048873406
"us-ct",1.30543661644245
"us-dc",0.957290237315504
"us-fl",1.13776006952912
"us-ga",1.27048486824861
"us-hi",1.40499264123174
"us-ia",0.707259007535302
"us-id",0.819165320859498
"us-il",1.05591931473968
"us-in",0.865133685789554
"us-ks",0.861798460235085
"us-ky",0.731921024426135
"us-la",1.40528632698451
"us-ma",0.965932440846824
"us-md",1.29546681085911
"us-mi",0.944484765953301
"us-mn",0.686466531728801
"us-mo",0.879452905171615
"us-ms",0.598834448313175
"us-mt",1.36046822654482
"us-nc",1.19674541625611
"us-ne",0.656414683727903
"us-nj",1.00828020965222
"us-nv",1.07992446802751
"us-ny",1.15898311068291
"us-oh",1.10965466188472
"us-ok",0.771361457753287
"us-or",1.08667399595268
"us-pa",1.20843618973229
"us-ri",1.21056807207957
"us-sc",0.954381396170946
"us-tn",1.01975272347465
"us-tx",0.936866698527847
"us-ut",0.541264968020635
"us-va",0.793237932603038
"us-wa",0.749399282715925
"us-wi",0.801574509601732
"us-wv",1.06410918073617
