"JS_KEY","NAME_REGIONALITY"
"us-ca",2.99162182537158
"us-il",3.06854979185347
"us-ma",2.31474676565321
"us-nj",3.11874787991051
"us-ny",2.92077242954793
"us-ok",5.02224898237758
"us-pa",0.826211870437639
"us-tx",2.43769680611786
