"JS_KEY","NAME_REGIONALITY"
"us-ca",2.24477892087928
"us-ct",3.12676012428686
"us-il",1.7165012885132
"us-in",2.13643006346241
"us-mi",2.44313131098321
"us-nc",2.70995371889342
"us-nj",1.54048706871331
"us-ny",2.84140199447177
"us-pa",0.923432470437432
"us-tn",2.61292980993236
"us-tx",1.61964897671764
