"JS_KEY","NAME_REGIONALITY"
"us-ca",245.782979039225
"us-il",141.542370599717
"us-in",121.275066555395
"us-ky",116.058451566081
"us-la",193.208071043114
"us-ma",165.412075977654
"us-mi",103.655160558302
"us-mo",123.554952775915
"us-nj",154.421134566947
"us-ny",390.781641249247
"us-oh",85.5092202490811
"us-pa",98.005832228973
"us-wi",120.455416382411
