"JS_KEY","NAME_REGIONALITY"
"us-ca",2.12766766842926
"us-ct",2.76797108635654
"us-il",1.86485153052974
"us-in",1.85237037773977
"us-ma",1.57694053674024
"us-mi",1.13818073087973
"us-nj",1.57465233929542
"us-ny",4.45416339512251
"us-oh",0.440071517704247
"us-pa",0.487263198031456
"us-wi",1.30219382034028
"us-wv",1.75948295398667
