"JS_KEY","NAME_REGIONALITY"
"us-ak",1.02367451512689
"us-al",1.17548637402008
"us-ar",1.21792564242497
"us-az",1.05164720990056
"us-ca",1.01049751329615
"us-co",1.18207678720592
"us-ct",0.735450943827413
"us-dc",0.768765048523376
"us-de",0.827087284256248
"us-fl",1.19201374843831
"us-ga",1.19364070613635
"us-hi",1.36310579324824
"us-ia",1.11864773340292
"us-id",0.945403000098151
"us-il",0.921322482387453
"us-in",0.981337966482282
"us-ks",0.92428362172495
"us-ky",1.17732917851331
"us-la",1.0890058173287
"us-ma",0.753083147170134
"us-md",0.893796478427401
"us-me",0.991497507093195
"us-mi",1.15012509841091
"us-mn",1.08461884355174
"us-mo",1.06824762549054
"us-ms",0.996456490614725
"us-mt",1.05357284367396
"us-nc",1.2890720519703
"us-nd",1.4866730315165
"us-ne",1.01973784098901
"us-nh",1.0231696616754
"us-nj",0.609996182780567
"us-nm",0.985319689333283
"us-nv",0.861564375965042
"us-ny",0.630184697695313
"us-oh",0.992824997894111
"us-ok",1.16006429411937
"us-or",1.1087065344487
"us-pa",0.909860755580677
"us-ri",0.755067930172043
"us-sc",1.15811489188558
"us-sd",1.1419656254764
"us-tn",1.39306121645575
"us-tx",1.11435285168555
"us-ut",0.976840149955571
"us-va",1.07385958416685
"us-vt",1.05547772554122
"us-wa",1.05528582050021
"us-wi",1.20332884244564
"us-wv",1.29260893889891
"us-wy",1.03682429696337
