"JS_KEY","NAME_REGIONALITY"
"us-ak",70.9367147192716
"us-al",84.960182349338
"us-ar",58.0298878268426
"us-az",154.724992065507
"us-ca",204.730699010396
"us-co",102.586352083566
"us-ct",97.272828791649
"us-dc",88.4734608790524
"us-de",105.306465177398
"us-fl",93.4033660458286
"us-ga",87.4277516485648
"us-hi",41.8520054313766
"us-ia",55.8716420748403
"us-id",85.3987851662404
"us-il",123.001101474918
"us-in",69.7901738078213
"us-ks",59.4398408573056
"us-ky",47.4302911931818
"us-la",65.7549534922697
"us-ma",103.755741977639
"us-md",72.1753144036156
"us-me",28.6699413279908
"us-mi",71.9822938776864
"us-mn",45.0811891565409
"us-mo",62.3212809411621
"us-ms",82.1930461538462
"us-mt",47.8870057365294
"us-nc",70.3816651684697
"us-nd",69.0037714403802
"us-ne",49.1902034803425
"us-nj",125.774477794753
"us-nm",149.066629464286
"us-nv",97.0196368038741
"us-ny",101.307850992458
"us-oh",51.7497054668642
"us-ok",81.3251707853154
"us-or",65.9736725117313
"us-pa",63.0179591661662
"us-ri",135.850517036786
"us-sc",91.6422467153285
"us-sd",85.0543621311823
"us-tn",76.0045239534801
"us-tx",208.910896767466
"us-ut",49.2161563714324
"us-va",72.0779132903826
"us-wa",77.1284947386432
"us-wi",62.7728962210043
"us-wv",78.0332724749872
"us-wy",87.7842260926717
