"JS_KEY","NAME_REGIONALITY"
"us-ak",1.1541052826429
"us-al",0.761529157593903
"us-ar",1.08074209666664
"us-az",1.27881929872048
"us-ca",2.25826310601314
"us-co",0.606796141509086
"us-ct",0.961712996351501
"us-dc",0.858925132432197
"us-de",0.582710020157936
"us-fl",1.21798990593552
"us-ga",0.602835587446602
"us-hi",0.605401727669211
"us-ia",0.553168879608162
"us-id",0.619301043048364
"us-il",1.15936854364752
"us-in",0.549428971145372
"us-ks",0.508958501315892
"us-ky",0.62599542295603
"us-la",0.652789960387972
"us-ma",0.863297040784508
"us-md",0.575724391144662
"us-me",0.37408449846718
"us-mi",0.66890123746956
"us-mn",0.503202442275659
"us-mo",0.512138215687614
"us-ms",0.700122573539693
"us-mt",0.541531845400109
"us-nc",0.777418370749806
"us-ne",0.559337419934697
"us-nh",0.600723094290906
"us-nj",1.22208309452909
"us-nm",1.48054702023188
"us-nv",0.867221816477043
"us-ny",0.843414013249162
"us-oh",0.546792489481922
"us-ok",0.955385052501775
"us-or",0.694640106006863
"us-pa",0.703981367733477
"us-ri",0.993352887779427
"us-sc",0.594267591684398
"us-sd",0.561089833895909
"us-tn",0.585778560882589
"us-tx",1.97515105269314
"us-ut",0.548144380787385
"us-va",0.574891522939575
"us-vt",0.583212067849055
"us-wa",0.787513384599924
"us-wi",0.559220669411274
"us-wv",0.398245247597757
"us-wy",1.13449408952537
