"JS_KEY","NAME_REGIONALITY"
"us-al",0.470380434666042
"us-ar",0.802735781928071
"us-az",1.61235057124792
"us-ca",2.5247128885391
"us-co",0.639262061653269
"us-ct",0.791223068356214
"us-dc",0.811070481805325
"us-de",0.773846985503912
"us-fl",1.02616267215302
"us-ga",0.612368778362638
"us-ia",0.418660842427503
"us-id",0.973524642646731
"us-il",1.19871250687528
"us-in",0.474490802643023
"us-ks",0.609552882347411
"us-ky",0.660515054808829
"us-la",0.518436240268105
"us-ma",0.905057465696657
"us-md",0.703470183149719
"us-me",0.387373194626377
"us-mi",0.605039144360163
"us-mn",0.445556851095629
"us-mo",0.342094568970455
"us-ms",0.785412268253481
"us-mt",0.884141002196356
"us-nc",0.448502190314954
"us-nd",0.634124613121261
"us-ne",0.277496833397055
"us-nh",0.379435219326656
"us-nj",0.959896171549716
"us-nm",1.55739924047949
"us-nv",1.04060367371193
"us-ny",0.915568637260238
"us-oh",0.513431860405101
"us-ok",0.671069658122725
"us-or",0.790891117271094
"us-pa",0.472964698045164
"us-sc",0.578956119626455
"us-tn",0.434457305416934
"us-tx",2.00331612471778
"us-ut",0.35152232943789
"us-va",0.568392513412503
"us-wa",0.67900917357482
"us-wi",0.611538902901297
"us-wv",0.52095391643461
