"JS_KEY","NAME_REGIONALITY"
"us-al",43.8379923706322
"us-ar",72.2072133084324
"us-az",169.444811307744
"us-ca",226.26478180263
"us-co",115.442462834743
"us-fl",86.8394527658889
"us-ga",69.2987944289368
"us-ia",56.3947642005557
"us-id",125.092106611717
"us-il",166.950806588673
"us-in",54.8543807018135
"us-ks",125.260482075439
"us-ky",62.6246791457208
"us-la",63.1153006624535
"us-ma",44.0356782809832
"us-md",86.6071096784868
"us-mi",40.8560788329291
"us-mn",51.6263216890014
"us-mo",25.1559708812772
"us-ms",66.3078405218042
"us-nc",66.0702336074988
"us-nj",72.5340514814199
"us-nm",114.973588306035
"us-nv",156.616404054258
"us-ny",89.0962879210959
"us-oh",37.5167240177117
"us-ok",95.7555111668551
"us-or",76.3612391621715
"us-pa",24.485644613173
"us-ri",97.8454131962904
"us-sc",57.7749016217617
"us-tx",194.521967160487
"us-ut",83.4229529450722
"us-va",50.924578031166
"us-wa",105.585058703074
"us-wi",48.3471453440494
