"JS_KEY","NAME_REGIONALITY"
"us-al",98.6837144663754
"us-az",128.24397257244
"us-ca",149.16132803811
"us-co",83.4865225573035
"us-fl",105.217490008346
"us-ga",107.423370263238
"us-ia",124.355050978212
"us-il",136.57835636421
"us-in",69.3908874361322
"us-ks",150.133578269986
"us-ky",68.7646414742381
"us-la",77.6010542557303
"us-ma",55.8486495442153
"us-md",88.2739868684866
"us-mi",86.48605779749
"us-mn",73.2357711390836
"us-mo",106.472051295424
"us-nc",93.9151421889711
"us-nj",83.8317659174867
"us-nv",148.686798154154
"us-ny",111.535200641611
"us-oh",54.6042926157426
"us-ok",89.7381487466181
"us-or",128.511008434121
"us-pa",66.8872378962149
"us-sc",80.9600388003541
"us-tn",114.322716801547
"us-tx",142.591818347789
"us-va",89.19692644873
"us-wa",120.029374800542
"us-wi",63.3540583067442
