"JS_KEY","NAME_REGIONALITY"
"us-al",120.239965889218
"us-az",186.802651529046
"us-ca",125.462140052182
"us-co",180.856691734219
"us-fl",133.381188421361
"us-ga",54.6676959834994
"us-il",86.0609961643089
"us-ma",104.207197140223
"us-md",183.142620724213
"us-mi",82.7283625208482
"us-nc",116.027046783626
"us-nj",135.851490475142
"us-nm",341.25601995184
"us-ny",95.0406311903476
"us-oh",97.0812071857962
"us-pa",74.0657414073541
"us-sc",179.228771454381
"us-tn",82.9834223608423
"us-tx",202.514399241761
"us-va",62.6384040518843
"us-wa",100.629913415208
"us-wi",122.085421061885
