"JS_KEY","NAME_REGIONALITY"
"us-ca",2.09264179833498
"us-fl",0.83818021777458
"us-ga",0.780532308101054
"us-il",1.06088860459886
"us-in",1.50459670126364
"us-ma",1.03153621636833
"us-md",1.10346819915245
"us-mi",1.4384127640663
"us-nc",1.34054388486022
"us-nj",1.06017625733438
"us-ny",0.958537562190808
"us-oh",1.27282197497631
"us-tn",0.962635363144024
"us-tx",1.95473026849043
"us-va",1.0423923791293
"us-wa",2.16996154765267
