"JS_KEY","NAME_REGIONALITY"
"us-az",115.185492733249
"us-ca",182.173998140627
"us-co",222.313467975556
"us-fl",108.672036547548
"us-ga",163.875479574181
"us-il",86.6723491260475
"us-in",192.371713309522
"us-md",121.525683308396
"us-mi",106.320738372967
"us-mo",158.400153163247
"us-nc",106.556407172114
"us-nj",121.069010594502
"us-ny",74.7466254137128
"us-oh",141.145682479555
"us-pa",73.5317701708787
"us-tx",152.261054843784
"us-va",198.433040461134
"us-wi",158.304065718198
