"JS_KEY","NAME_REGIONALITY"
"us-al",176.618978190875
"us-az",163.290928493485
"us-ca",166.058156209365
"us-fl",84.4478640197306
"us-ga",118.610652142872
"us-il",73.0850930115636
"us-in",138.622276259953
"us-ks",268.838308181684
"us-ky",249.917415757933
"us-ma",93.0189216514372
"us-mo",180.524730782195
"us-nc",89.5167497998645
"us-nj",117.307711706259
"us-ny",108.247000456098
"us-oh",98.6326780850466
"us-or",232.132876624828
"us-sc",195.85859606575
"us-tn",124.80467911569
"us-tx",144.796279191908
"us-va",133.005089495053
"us-wa",132.973152213685
