"JS_KEY","NAME_REGIONALITY"
"us-al",3.56712039854062
"us-az",2.11296681881122
"us-ca",1.71325670944187
"us-fl",1.38971650742181
"us-il",1.84751710716304
"us-in",1.463580934572
"us-ky",2.19074098887847
"us-mi",1.40856267649452
"us-mn",2.80181842910575
"us-ny",1.20306884862359
"us-oh",1.93953542712665
"us-tx",2.0898228702736
"us-va",1.21895800686194
