"JS_KEY","NAME_REGIONALITY"
"us-ak",4.0682049935697
"us-al",1.24994611406808
"us-ar",1.43344913436072
"us-az",1.53909128299481
"us-ca",1.23772021159993
"us-co",0.935230046836359
"us-ct",0.986627625088552
"us-dc",1.28183992174308
"us-de",1.1385872784511
"us-fl",0.968806259271446
"us-ga",1.16292973431062
"us-hi",4.17220421896922
"us-ia",0.716199261091812
"us-id",0.812152449502973
"us-il",0.729004858263744
"us-in",0.761094132320318
"us-ks",0.776023452330793
"us-ky",1.20260223978922
"us-la",1.18837561547141
"us-ma",0.863786075058978
"us-md",1.03123255794285
"us-me",1.33454343704403
"us-mi",0.93748332587114
"us-mn",0.765247333345769
"us-mo",0.971421381572655
"us-ms",1.57482999829124
"us-mt",0.94135852101481
"us-nc",1.14006028695539
"us-nd",1.77625851831916
"us-ne",0.563324867897981
"us-nh",1.0431911179966
"us-nj",0.980088700165133
"us-nm",0.553914028928391
"us-ny",0.827919636043686
"us-oh",0.748573213704089
"us-ok",0.988749551499698
"us-or",0.772374995908352
"us-pa",0.781772825577392
"us-ri",0.653283586179059
"us-sc",1.47826349949492
"us-sd",0.948979303450515
"us-tn",1.78226514632741
"us-tx",1.26625974901272
"us-ut",1.23004302825804
"us-va",1.57730394828604
"us-vt",2.14870536736847
"us-wa",0.863961326893202
"us-wi",0.83663423588436
"us-wv",0.983859223513149
"us-wy",0.603779077441822
