"JS_KEY","NAME_REGIONALITY"
"us-al",98.6725053857724
"us-ar",109.92499786762
"us-az",188.076199971514
"us-ca",124.75774426947
"us-co",77.0815029309616
"us-ct",134.815089337695
"us-dc",141.000868119512
"us-de",96.9582544734273
"us-fl",138.180328434958
"us-ga",107.480614960684
"us-hi",150.64785999603
"us-ia",59.8037748147007
"us-id",92.8636479673465
"us-il",82.9410546071877
"us-in",70.2425033295991
"us-ks",92.6474486270548
"us-ky",93.4749917111108
"us-la",146.840742742382
"us-ma",109.868918577222
"us-md",140.825962099678
"us-me",106.004091224579
"us-mi",96.7997396159775
"us-mn",86.0465812682377
"us-mo",80.7092111451657
"us-ms",213.163057837104
"us-mt",102.405804200656
"us-nc",104.853913312767
"us-nd",87.3936148562454
"us-ne",107.548754053838
"us-nh",107.689302779243
"us-nj",104.394244587861
"us-nm",204.58107940722
"us-ny",115.954318854553
"us-oh",61.391178349867
"us-ok",85.3333783108388
"us-or",106.986628727313
"us-pa",59.8872626474638
"us-ri",63.3676779292107
"us-sc",98.7006500801165
"us-sd",81.8350498980225
"us-tn",159.919742387233
"us-tx",103.771627274106
"us-ut",81.8560010116677
"us-va",143.055722573411
"us-vt",139.925400416444
"us-wa",94.28019959331
"us-wi",69.8099432208677
"us-wv",92.9268292799956
"us-wy",108.243462641876
