"JS_KEY","NAME_REGIONALITY"
"us-ak",227.111033871191
"us-al",76.1845751630699
"us-ar",109.630753178722
"us-az",132.760564207852
"us-ca",129.356182082497
"us-co",150.315593236532
"us-ct",92.2456822703543
"us-dc",134.030414960866
"us-de",102.411911132692
"us-fl",97.5794613508691
"us-ga",112.216943943164
"us-hi",159.077438673225
"us-ia",92.2456822703543
"us-id",104.725980459873
"us-il",100.602318658645
"us-in",90.1037275963612
"us-ks",91.3908722813157
"us-ky",104.001591266969
"us-la",120.649668719367
"us-ma",89.5386951038019
"us-md",108.190369103433
"us-me",122.672834521994
"us-mi",103.13407566838
"us-mn",117.764576258152
"us-mo",100.490180119214
"us-ms",117.638739539829
"us-mt",103.591308921985
"us-nc",89.2616859659315
"us-nd",104.985203183783
"us-ne",135.155943656697
"us-nh",126.027017542556
"us-nj",74.7254846190815
"us-nm",143.518784925602
"us-nv",126.215636158807
"us-ny",86.0383320465529
"us-oh",78.071532252244
"us-ok",118.739440074905
"us-or",141.25589261633
"us-pa",53.02007143931
"us-ri",63.3804884024607
"us-sc",94.8760986028579
"us-sd",99.1230801869653
"us-tn",105.032115401424
"us-tx",110.912840867683
"us-ut",121.835243398353
"us-va",129.432250465699
"us-vt",160.230750103605
"us-wa",142.110732300302
"us-wi",90.7647272066726
"us-wv",91.4215966169824
"us-wy",104.550265727558
