"JS_KEY","NAME_REGIONALITY"
"us-ak",199.757759424358
"us-al",83.1916751588275
"us-ar",61.2286867226338
"us-az",116.490784467567
"us-ca",120.519308619464
"us-co",103.370195920391
"us-ct",125.574666795184
"us-dc",157.841254521985
"us-de",134.659938343744
"us-fl",118.157691474423
"us-ga",93.573905108758
"us-hi",145.032276925805
"us-ia",75.6978935476017
"us-id",160.005207204947
"us-il",112.300309873742
"us-in",77.0663481168737
"us-ks",71.1672756130569
"us-ky",68.6680750667329
"us-la",106.626347447342
"us-ma",118.700459967423
"us-md",104.364425209494
"us-me",154.177383543828
"us-mi",107.749742101974
"us-mn",108.491086411781
"us-mo",107.39368292262
"us-ms",112.104181948026
"us-mt",110.807205237804
"us-nc",94.5532384815343
"us-nd",86.5354064650938
"us-ne",107.606807738038
"us-nh",137.383679479843
"us-nj",97.7515627661432
"us-nm",152.322773420064
"us-nv",69.9709291695616
"us-ny",94.9912805180425
"us-oh",79.8052162715129
"us-ok",87.2012418291346
"us-or",126.261405205773
"us-pa",61.0633505139277
"us-ri",58.9585553293158
"us-sc",104.643733695788
"us-sd",99.1227441875987
"us-tn",77.293548976514
"us-tx",103.084449919988
"us-ut",86.0558126461307
"us-va",127.732992881359
"us-vt",94.160415123772
"us-wa",111.128872601363
"us-wi",88.2216646911108
"us-wv",54.965876638843
"us-wy",135.339787036632
