"JS_KEY","NAME_REGIONALITY"
"us-ak",2.24663067262296
"us-al",0.951506992271021
"us-ar",0.784134974242105
"us-az",1.32401545705932
"us-ca",1.20378556222179
"us-co",1.23648789889097
"us-ct",1.43149561463561
"us-dc",1.58803658373772
"us-de",0.824510659056022
"us-fl",1.05857828823779
"us-ga",1.0881493884088
"us-hi",1.25768640829142
"us-ia",0.896461071583276
"us-id",1.09622640656581
"us-il",1.15504816407895
"us-in",0.781185383089068
"us-ks",1.11937629769901
"us-ky",0.842672364818316
"us-la",1.01359086707546
"us-ma",0.903923880322731
"us-md",1.09354755661111
"us-me",1.59110629447744
"us-mi",1.09050297779265
"us-mn",1.2306773888002
"us-mo",0.930667800817577
"us-ms",1.00055432451096
"us-mt",0.563570019766757
"us-nc",0.895475550404751
"us-nd",0.82658656137912
"us-ne",0.811553405812534
"us-nh",1.41541442200908
"us-nj",0.88454898143727
"us-nm",1.20192451780712
"us-nv",1.12454816821524
"us-ny",0.914353494601939
"us-oh",0.794027281206345
"us-ok",0.733602677146226
"us-or",1.08644906337707
"us-pa",0.535807646589239
"us-ri",0.76940275160268
"us-sc",0.942712984951724
"us-sd",0.428190264010597
"us-tn",0.830552467273315
"us-tx",1.00287196294037
"us-ut",0.840820268650671
"us-va",1.47437950322756
"us-vt",1.34426081766811
"us-wa",1.20211525470998
"us-wi",1.10935708697821
"us-wv",0.801426259576189
"us-wy",1.11616649255614
