"JS_KEY","NAME_REGIONALITY"
"us-ak",2.09593089301804
"us-al",1.11360103731718
"us-ar",0.620957955470294
"us-az",0.923340542629581
"us-ca",1.1769620205332
"us-co",1.16117070283559
"us-ct",1.12575769199772
"us-dc",1.53709592455545
"us-de",0.953608634592967
"us-fl",0.918872235969175
"us-ga",0.938057011509819
"us-hi",1.23050270637328
"us-ia",0.65122974359468
"us-id",0.643246295824882
"us-il",1.1607409671285
"us-in",0.737841162999868
"us-ks",0.945926275228667
"us-ky",0.962029251852541
"us-la",0.984537392575497
"us-ma",1.19594928110007
"us-md",1.18282835599841
"us-me",1.12784387924313
"us-mi",1.05604289090468
"us-mn",0.94005544235735
"us-mo",1.0655426943303
"us-ms",0.893832568697669
"us-mt",1.10459592564825
"us-nc",0.889169934782779
"us-nd",0.811812543829649
"us-ne",0.886823184868316
"us-nh",1.41296889150055
"us-nj",1.01065308149918
"us-nm",0.940571132550416
"us-nv",0.858678045535573
"us-ny",0.993689186251464
"us-oh",0.797940219957788
"us-ok",0.800097708890372
"us-or",1.07383636180854
"us-pa",0.5805198321872
"us-ri",0.884493526764459
"us-sc",1.26724281397232
"us-sd",0.898302813051888
"us-tn",1.07021775729526
"us-tx",1.04078234281764
"us-ut",0.784067275637431
"us-va",1.40613840455718
"us-vt",2.00238424407161
"us-wa",1.15237338444644
"us-wi",0.961729374161821
"us-wv",0.759361642886129
"us-wy",1.54534181964049
