"JS_KEY","NAME_REGIONALITY"
"us-ak",1.21615786899729
"us-al",0.996321769116678
"us-ar",0.677578328943085
"us-az",0.66261587983581
"us-ca",0.917457755948842
"us-co",1.16676856482112
"us-ct",1.58486007482778
"us-dc",1.68421645004306
"us-de",1.66738569622318
"us-fl",0.892267604328448
"us-ga",0.98338075127031
"us-hi",0.917477340370041
"us-ia",1.24487589336516
"us-id",0.996167800856417
"us-il",1.18384656373503
"us-in",0.862758334691913
"us-ks",1.01012662586381
"us-ky",0.774061270173242
"us-la",0.922555628231868
"us-ma",1.31267853536992
"us-md",1.17409220421663
"us-me",1.17480711606563
"us-mi",1.11723296262773
"us-mn",1.52907117149787
"us-mo",1.18412143488056
"us-ms",0.690896947082266
"us-mt",0.690977346261523
"us-nc",0.876877484481843
"us-nd",0.734898810261129
"us-ne",0.967575357954748
"us-nh",1.97151365402335
"us-nj",0.953878717043039
"us-nm",0.730496932800106
"us-nv",0.855497198597842
"us-ny",0.988025373523975
"us-oh",1.04579841908057
"us-ok",0.649356540270559
"us-or",1.08966429241125
"us-pa",0.674494357691105
"us-ri",1.11593778274689
"us-sc",0.964554688467732
"us-sd",0.75441332302606
"us-tn",0.842406650378773
"us-tx",0.815894415381977
"us-ut",0.800301433708403
"us-va",1.31589801871979
"us-vt",1.70677134705138
"us-wa",1.25214979257514
"us-wi",1.18610204628179
"us-wv",0.534748129012198
"us-wy",0.923959517231351
