"JS_KEY","NAME_REGIONALITY"
"us-ak",0.818054267832358
"us-al",0.84189328883083
"us-ar",0.844282436249947
"us-az",0.820177700668877
"us-ca",0.932797280214135
"us-co",1.05345027723631
"us-ct",1.28530134133996
"us-dc",1.44635438153924
"us-de",0.948997925221392
"us-fl",0.938870320226107
"us-ga",1.12920362967508
"us-hi",0.934899821149029
"us-ia",1.06313512228748
"us-id",0.774624836128884
"us-il",1.02377050868388
"us-in",0.917744225048369
"us-ks",1.16637771176592
"us-ky",0.939483755315049
"us-la",0.953019840579744
"us-ma",1.29987049963629
"us-md",1.16566245594892
"us-me",1.08498367531439
"us-mi",0.866453412097495
"us-mn",1.13177013011069
"us-mo",1.20857232251905
"us-ms",0.853187327812897
"us-mt",1.15008952853149
"us-nc",1.05299209498487
"us-nd",1.45615417041008
"us-ne",1.08837470508332
"us-nh",1.38412326576322
"us-nj",1.00284744740761
"us-nm",0.489523552338192
"us-nv",0.677066781750061
"us-ny",1.07356460325966
"us-oh",0.910280653690801
"us-ok",0.950921820809975
"us-or",1.04836846266138
"us-pa",0.728565106153822
"us-ri",0.945634124758808
"us-sc",1.17072119366813
"us-sd",0.875761971997276
"us-tn",1.01672238741181
"us-tx",0.96158820565971
"us-ut",0.915367056027156
"us-va",1.31127382549548
"us-vt",1.18703432826835
"us-wa",1.16405818190715
"us-wi",1.01866862271128
"us-wv",0.739568525654683
"us-wy",1.23104821169934
