"JS_KEY","NAME_REGIONALITY"
"us-ak",1.42311754594095
"us-al",1.00306781185848
"us-ar",0.779177775486807
"us-az",0.751711106444946
"us-ca",0.900414472625282
"us-co",1.13334473222419
"us-ct",1.2465817231023
"us-dc",1.87729883743962
"us-de",1.19229927141592
"us-fl",0.941048479198144
"us-ga",1.19730503496587
"us-hi",0.627375958769338
"us-ia",1.1077286610288
"us-id",0.744443539175453
"us-il",0.973884587890468
"us-in",1.15597675913421
"us-ks",0.942330396832439
"us-ky",0.992609121815315
"us-la",0.879939117260953
"us-ma",1.41154953112525
"us-md",1.0800445661159
"us-me",1.41848595406482
"us-mi",0.992332753013966
"us-mn",1.08108315610447
"us-mo",1.16917110210817
"us-ms",0.799468462117326
"us-mt",1.07906715021896
"us-nc",1.05501786678571
"us-nd",1.50901642346318
"us-ne",1.19750134963324
"us-nh",1.27950533420312
"us-nj",0.983634805916592
"us-nm",0.646070323733208
"us-nv",0.662178897357273
"us-ny",0.976407920815512
"us-oh",0.994277164430588
"us-ok",0.886951955140416
"us-or",1.04975542554593
"us-pa",0.791859193984576
"us-ri",1.49129283944375
"us-sc",1.02769567513454
"us-sd",0.626799345381991
"us-tn",1.06554725995531
"us-tx",0.885161143391245
"us-ut",0.955059265943215
"us-va",1.4206385514258
"us-vt",1.454415912077
"us-wa",1.08696639869432
"us-wi",0.916068220535493
"us-wv",0.597264502981166
"us-wy",0.797450142022284
