"JS_KEY","NAME_REGIONALITY"
"us-ak",105.604883462819
"us-al",96.9629051597123
"us-ar",86.0337056244603
"us-az",74.9758117789408
"us-ca",95.4069790108104
"us-co",112.023472390039
"us-ct",122.53429179852
"us-dc",186.019252933952
"us-de",87.6330290137997
"us-fl",100.551559291191
"us-ga",111.143615150266
"us-hi",27.8686704896396
"us-ia",116.38441248062
"us-id",64.4646351589295
"us-il",96.1184546508807
"us-in",96.8971701053052
"us-ks",105.581286363878
"us-ky",102.895847298381
"us-la",101.995732871702
"us-ma",143.926516887996
"us-md",129.871282272422
"us-me",130.94309092331
"us-mi",86.9523383878134
"us-mn",117.455013127772
"us-mo",106.74460732183
"us-ms",76.8014484012133
"us-mt",91.6229791942368
"us-nc",115.591636770272
"us-nd",81.2040708079333
"us-ne",126.303202504545
"us-nh",147.419712758912
"us-nj",101.92713262249
"us-nm",43.2827142076732
"us-nv",76.6728077914047
"us-ny",86.9096424794012
"us-oh",88.8428764454138
"us-ok",94.6266034290702
"us-or",85.6102398068257
"us-pa",77.9639891205304
"us-ri",91.9168174928393
"us-sc",105.859656916928
"us-sd",112.002566637983
"us-tn",116.273415575238
"us-tx",98.7380790811785
"us-ut",76.4938228643338
"us-va",153.020200466489
"us-vt",107.84649655519
"us-wa",93.968067109703
"us-wi",94.8982853623227
"us-wv",65.6844899727084
