"JS_KEY","NAME_REGIONALITY"
"us-ak",0.602837649037614
"us-al",1.08561506502706
"us-ar",1.25572480228963
"us-az",0.525285408284343
"us-ca",0.983045621568263
"us-co",0.982768438102925
"us-ct",0.991560631467208
"us-dc",1.91777511677832
"us-de",0.965944519173414
"us-fl",0.92752634312698
"us-ga",1.20652953875687
"us-hi",0.628690335740981
"us-ia",1.12440956037812
"us-id",0.920541078754684
"us-il",0.906525813878212
"us-in",0.939747154351207
"us-ks",1.03795093789658
"us-ky",1.19281247483829
"us-la",1.10166531680175
"us-ma",1.02050888146942
"us-md",1.50044044334403
"us-mi",0.852978646368804
"us-mn",1.05439562165562
"us-mo",1.0656165182018
"us-ms",1.05953283770247
"us-nc",1.24157360018333
"us-nd",0.865820516067445
"us-ne",0.832976638541077
"us-nh",0.524775282280879
"us-nj",0.776068891887026
"us-nm",0.627633713327971
"us-nv",0.772498544275745
"us-ny",0.936713956054037
"us-oh",0.757487038941713
"us-ok",0.893363389008781
"us-or",0.806295355587809
"us-pa",0.704323276779367
"us-ri",1.01146103053068
"us-sc",1.04883948694349
"us-sd",1.0806890629868
"us-tn",1.15160274491354
"us-tx",1.20695130698437
"us-ut",0.998121910205411
"us-va",1.49764878518015
"us-wa",0.939407261373906
"us-wi",0.816501625911705
"us-wv",0.562736126037293
"us-wy",1.94727934934414
