"JS_KEY","NAME_REGIONALITY"
"us-ak",99.2641879118107
"us-al",59.2124233832479
"us-ar",75.4281723148951
"us-az",88.9115451043227
"us-ca",177.179280305109
"us-co",75.5648165086362
"us-ct",164.832842768088
"us-dc",104.421539741199
"us-de",103.317622165189
"us-fl",104.496608910017
"us-ga",66.616763837491
"us-hi",166.325313208806
"us-ia",94.2719538998716
"us-id",79.90714222278
"us-il",84.342830132402
"us-in",115.740753093318
"us-ks",85.4048548745165
"us-ky",73.715365799033
"us-la",89.7725027903164
"us-ma",119.148798168109
"us-md",91.2389342860709
"us-me",73.77685860582
"us-mi",82.2516018600254
"us-mn",54.6968555525009
"us-mo",85.8593231288804
"us-ms",68.0066513624647
"us-mt",61.7145736028053
"us-nc",65.2753913205812
"us-nd",27.1985246878194
"us-ne",52.7077778446616
"us-nh",82.4949226500544
"us-nj",90.7614545492013
"us-nm",99.9511913358169
"us-nv",94.476631194418
"us-ny",129.962086916038
"us-oh",82.9883637873289
"us-ok",109.782860124332
"us-or",149.110650993691
"us-pa",97.5142783575398
"us-ri",97.7861667546128
"us-sc",42.8250981754893
"us-sd",55.249389648673
"us-tn",97.4811218086159
"us-tx",119.190852814459
"us-ut",138.338591797148
"us-va",75.7982043356094
"us-vt",86.8983555382528
"us-wa",109.641389391377
"us-wi",67.5689734443253
"us-wv",72.5723306914105
"us-wy",112.288527763711
