"JS_KEY","NAME_REGIONALITY"
"us-ak",0.812274796270605
"us-al",0.673150679904632
"us-ar",0.877196203210137
"us-az",1.13672363012666
"us-ca",1.03056884802761
"us-co",0.946906407678899
"us-ct",1.05104112666932
"us-dc",0.924804702053441
"us-de",1.01082919341829
"us-fl",0.907108568407867
"us-ga",0.897539247096333
"us-hi",0.960161590337212
"us-ia",1.14690561317613
"us-id",0.918332390360317
"us-il",1.0264463487872
"us-in",0.899702925450245
"us-ks",0.875988031563817
"us-ky",0.955177954468284
"us-la",0.825326747351186
"us-ma",1.10871891313246
"us-md",1.07386264286035
"us-me",1.25503584753874
"us-mi",1.06707328906162
"us-mn",1.13480754970024
"us-mo",1.06916924313698
"us-ms",0.713069316710775
"us-mt",0.97441144574042
"us-nc",0.993336369715063
"us-nd",1.43479624750313
"us-ne",1.08945949200603
"us-nh",1.11428418093007
"us-nj",1.08533690387254
"us-nm",0.764325309001454
"us-nv",1.01720585796187
"us-ny",1.02649603787995
"us-oh",1.00196533245582
"us-ok",0.945845674865074
"us-or",0.885695741210858
"us-pa",1.04232147327147
"us-ri",1.41304591412464
"us-sc",0.819828969337829
"us-sd",1.3330554209546
"us-tn",0.961681000825896
"us-tx",0.882597469171864
"us-ut",0.984568465115915
"us-va",0.94493300758002
"us-vt",1.05923429994065
"us-wa",0.948214122925015
"us-wi",1.2255462724748
"us-wv",1.1864495691338
"us-wy",0.712585855635584
