"JS_KEY","NAME_REGIONALITY"
"us-ak",0.621526297482369
"us-al",0.585488369498673
"us-ar",0.771870294517869
"us-az",1.254398205209
"us-ca",1.10270099535582
"us-co",1.25751898533954
"us-ct",0.878981654904026
"us-dc",0.974147339727468
"us-de",0.997892235295951
"us-fl",0.962154995583095
"us-ga",0.725993043718018
"us-hi",1.01606038197118
"us-ia",0.907875535545469
"us-id",1.54119165792926
"us-il",1.40371394135777
"us-in",0.693847929823653
"us-ks",1.06962466038322
"us-ky",0.687090506077486
"us-la",0.692469079385258
"us-ma",0.991834194717546
"us-md",0.983887958684483
"us-me",0.594688223563249
"us-mi",1.19823816877229
"us-mn",1.30842939054424
"us-mo",0.764514951291644
"us-ms",1.00244026961231
"us-mt",0.787732206247317
"us-nc",0.682918768196145
"us-nd",1.16528311824041
"us-ne",0.77643771698539
"us-nh",0.533680957096011
"us-nj",1.13776776930157
"us-nm",1.01013709522856
"us-nv",0.731245542174823
"us-ny",1.2122981032164
"us-oh",0.947094906208526
"us-ok",1.04126896866312
"us-or",0.783689297436535
"us-pa",1.05570303500084
"us-ri",0.557658792789549
"us-sc",0.707349920669617
"us-tn",0.573530802741975
"us-tx",1.06094091259029
"us-ut",0.940556052150658
"us-va",0.636793603447373
"us-vt",0.778655186516853
"us-wa",1.14959548356651
"us-wi",0.977341338663154
"us-wv",0.789152292447736
"us-wy",1.44552920321673
