"JS_KEY","NAME_REGIONALITY"
"us-al",1.20423989095872
"us-ar",0.651330844591422
"us-az",1.29527728398078
"us-ca",1.30927865182895
"us-co",1.10491102448237
"us-ct",0.519453604654423
"us-dc",1.3742678974004
"us-de",1.01530493650111
"us-fl",1.16797391940808
"us-ga",1.32050556917479
"us-hi",1.84991254990269
"us-ia",1.05656212989103
"us-id",1.02624594918333
"us-il",0.866271149420168
"us-in",1.5677939426842
"us-ks",0.771794115221057
"us-ky",1.50141923416418
"us-la",1.08793320358866
"us-ma",0.638586743240842
"us-md",1.08227207742989
"us-me",0.779942880643238
"us-mi",0.80304145805028
"us-mn",1.31210583111233
"us-mo",1.01538912621067
"us-ms",0.954455417965003
"us-mt",0.976755390095494
"us-nc",1.17574425957861
"us-nd",2.01782277559386
"us-ne",0.785639845761632
"us-nh",1.07731545717826
"us-nj",0.684475758725162
"us-nm",0.684589573566153
"us-ny",0.679120641622852
"us-oh",1.44613992326918
"us-ok",1.22280965545545
"us-or",0.875289597583767
"us-pa",0.648256091080911
"us-ri",0.781068188057866
"us-sc",0.648051432656009
"us-sd",0.422286162512506
"us-tn",0.850236395068015
"us-tx",0.956330795625316
"us-ut",0.666787824998287
"us-va",1.16709174527645
"us-vt",0.748794107172323
"us-wa",1.16940924355814
"us-wi",1.03751071986619
"us-wv",1.22762456996863
"us-wy",1.01146851057683
