"JS_KEY","NAME_REGIONALITY"
"us-ak",82.753496241053
"us-al",101.394131754291
"us-ar",62.0265734564734
"us-az",98.0904690627286
"us-ca",132.807321487105
"us-co",121.332297693549
"us-ct",114.992717020776
"us-dc",122.225542235382
"us-de",86.7837700406796
"us-fl",100.200820009172
"us-ga",97.1796548325412
"us-hi",92.7999581734081
"us-ia",82.8260466178507
"us-id",91.1355157137878
"us-il",103.244565656837
"us-in",152.302912778573
"us-ks",112.180643327734
"us-ky",114.558439757731
"us-la",94.6021192824007
"us-ma",99.0916176221468
"us-md",80.811139639229
"us-me",98.6767165550375
"us-mi",91.6017906665579
"us-mn",111.515833120996
"us-mo",99.3069649694356
"us-ms",61.1037536993085
"us-mt",67.8267018889097
"us-nc",80.1532834006641
"us-nd",95.0633828884355
"us-ne",96.3933162882071
"us-nh",122.583100598665
"us-nj",85.6092631206232
"us-nm",74.66321238395
"us-nv",82.3601949915356
"us-ny",87.3713178367742
"us-oh",124.594849019076
"us-ok",92.2683183864862
"us-or",106.32077811886
"us-pa",78.7934253650654
"us-ri",81.7320841414981
"us-sc",67.6670270509251
"us-sd",58.319725052423
"us-tn",94.9088062892957
"us-tx",78.1338081512743
"us-ut",124.982111339304
"us-va",94.9985493903218
"us-vt",100.654721743708
"us-wa",131.218288751103
"us-wi",112.429097105524
"us-wv",89.0031864434762
"us-wy",96.4033426368953
