"JS_KEY","NAME_REGIONALITY"
"us-ak",0.908527822424331
"us-al",0.732914238223152
"us-ar",0.695017548877614
"us-az",0.933033516944511
"us-ca",1.10950788985693
"us-co",1.15012139323349
"us-ct",1.26452307152458
"us-dc",0.874389201218084
"us-de",1.02238632242272
"us-fl",0.876619642472182
"us-ga",0.753731555491986
"us-hi",0.90566934735151
"us-ia",1.26964737617924
"us-id",0.970577231509232
"us-il",1.06723058406163
"us-in",1.09426008169217
"us-ks",0.971684411357247
"us-ky",0.840180309332029
"us-la",0.703202377981064
"us-ma",1.18385514548251
"us-md",0.930050550832661
"us-me",1.18000514583905
"us-mi",1.10874384296002
"us-mn",1.24224897529882
"us-mo",0.844877369748641
"us-ms",0.668985787273683
"us-mt",1.15304070490297
"us-nc",0.720797654973877
"us-nd",0.947764518802818
"us-ne",1.16420790684044
"us-nh",1.24396745249301
"us-nj",1.13903873866128
"us-nm",0.646439852289076
"us-nv",1.34652055126536
"us-ny",1.07948480787379
"us-oh",1.00627075146437
"us-ok",0.810715836768401
"us-or",1.11254671390254
"us-pa",1.10940648306622
"us-ri",1.19376856152542
"us-sc",0.633971344129158
"us-sd",1.20877557032999
"us-tn",0.750666670126245
"us-tx",0.788337403438313
"us-ut",1.39603364747259
"us-va",0.849730638820335
"us-vt",1.17477890368798
"us-wa",1.21142004674278
"us-wi",1.31541669610592
"us-wv",0.646886139675564
"us-wy",0.92040968549272
