"JS_KEY","NAME_REGIONALITY"
"us-ak",0.909429330520123
"us-al",0.921092135714076
"us-ar",0.914406170406318
"us-az",0.923034638660292
"us-ca",1.00020009064573
"us-co",1.01474476708145
"us-ct",1.12752486663745
"us-dc",0.704392312148706
"us-de",1.00125140476364
"us-fl",1.04350026652652
"us-ga",0.956664951231571
"us-hi",1.06581894306879
"us-ia",1.17980560867177
"us-id",1.12982314336874
"us-il",1.02318772598504
"us-in",0.988846757400767
"us-ks",1.09132073139009
"us-ky",0.887577161924489
"us-la",0.850646438868255
"us-ma",1.0131280404212
"us-md",0.988499276403116
"us-me",1.04620726318524
"us-mi",1.06126028217284
"us-mn",1.07218310385204
"us-mo",1.00002551912521
"us-ms",0.898258943874364
"us-mt",1.14019682053995
"us-nc",0.96011488402577
"us-nd",0.995508243742039
"us-ne",1.07681510734715
"us-nh",1.1968837013461
"us-nj",1.01458776073833
"us-nm",0.826201762545003
"us-nv",1.18611759917647
"us-ny",0.959678288579332
"us-oh",0.985560490591939
"us-ok",1.03594780369131
"us-or",1.05372894855179
"us-pa",1.03969336806219
"us-ri",1.15951679785781
"us-sc",0.847539225263032
"us-sd",1.08621244396763
"us-tn",0.936802181653206
"us-tx",0.958228764587527
"us-ut",0.956355802335683
"us-va",0.980339675675159
"us-vt",0.986050861016861
"us-wa",1.07835985859813
"us-wi",1.18629733394268
"us-wv",0.835010963338557
"us-wy",1.14567640361325
