"JS_KEY","NAME_REGIONALITY"
"us-ak",1.05307923426741
"us-al",0.982699469808234
"us-ar",0.994737742417923
"us-az",0.980467442636312
"us-ca",1.00258146686875
"us-co",1.12335725557689
"us-ct",1.08422483480161
"us-dc",0.780244587331759
"us-de",1.02818520541039
"us-fl",1.05925650075413
"us-ga",0.959924945059178
"us-hi",0.996323806062679
"us-ia",1.08979069367925
"us-id",0.987388861715452
"us-il",1.02823671955586
"us-in",1.00183911706828
"us-ks",1.10438463980011
"us-ky",0.9231125606891
"us-la",0.832941121805816
"us-ma",1.02176359147134
"us-md",1.00218793291017
"us-me",1.02247080621908
"us-mi",1.05027324600929
"us-mn",1.08095724262943
"us-mo",0.982953016798294
"us-ms",0.846305092774987
"us-mt",1.19842476672314
"us-nc",0.887341554697009
"us-nd",1.22145775681965
"us-ne",1.1122595703715
"us-nh",1.00781168956025
"us-nj",1.04129896141639
"us-nm",0.869962768735638
"us-nv",1.27271278089423
"us-ny",0.943288505224595
"us-oh",0.962412387670516
"us-ok",1.05789753012804
"us-or",1.0633839740187
"us-pa",1.02908570104723
"us-ri",1.10131942040759
"us-sc",0.850337445712446
"us-sd",1.0212344853096
"us-tn",0.95598655967238
"us-tx",0.980817180105305
"us-ut",0.963138848849518
"us-va",0.947092847660694
"us-vt",1.10455036362098
"us-wa",1.08144390714086
"us-wi",1.13944727258891
"us-wv",0.761596472271318
"us-wy",1.38419234615991
