"JS_KEY","NAME_REGIONALITY"
"us-ak",0.922943968427916
"us-al",0.945475247702956
"us-ar",0.959846292243953
"us-az",0.918221207752095
"us-ca",1.00113427409427
"us-co",1.04558927307231
"us-ct",1.03608481535695
"us-dc",0.7195908087097
"us-de",1.04589681384745
"us-fl",1.1193960574776
"us-ga",0.941993653255146
"us-hi",1.05035167657888
"us-ia",1.14077456021414
"us-id",0.983874840246716
"us-il",0.989061969560704
"us-in",1.02078907784732
"us-ks",1.13777035010453
"us-ky",0.930382673360331
"us-la",0.864624393784587
"us-ma",1.06992765954483
"us-md",1.05775125684292
"us-me",0.956881015877408
"us-mi",1.01552493751934
"us-mn",1.02493677211712
"us-mo",0.998991528226361
"us-ms",0.814145159391133
"us-mt",1.06137175079483
"us-nc",0.98210150081658
"us-nd",1.11104008049723
"us-ne",0.97374248169006
"us-nh",1.15416796756562
"us-nj",1.00129991713181
"us-nm",0.888309836392847
"us-nv",1.1400006937076
"us-ny",0.948449622741887
"us-oh",0.987089988584588
"us-ok",1.12060490945682
"us-or",1.03856831246679
"us-pa",1.01314449858446
"us-ri",0.959868548345085
"us-sc",0.872126208114943
"us-sd",1.20996698897927
"us-tn",0.962894169084256
"us-tx",1.01328315845676
"us-ut",0.906064149755585
"us-va",0.984785992410436
"us-vt",1.16057429189743
"us-wa",1.03456522089737
"us-wi",1.08348671828718
"us-wv",0.86820158221812
"us-wy",0.978878817538118
