"JS_KEY","NAME_REGIONALITY"
"us-ak",84.6964528566945
"us-al",54.4777631999834
"us-ar",76.958228753392
"us-az",156.315140008833
"us-ca",179.865050466675
"us-co",110.481958117738
"us-ct",68.4240481349467
"us-dc",105.812068147733
"us-de",77.9428794916509
"us-fl",94.0610071080547
"us-ga",97.4879623332457
"us-hi",74.1956256699369
"us-ia",74.859306615156
"us-id",89.2828818900704
"us-il",118.423329959782
"us-in",67.1059469044326
"us-ks",88.7210186141063
"us-ky",44.376204685622
"us-la",42.5750955335103
"us-ma",69.349071258146
"us-md",71.8640561076358
"us-me",36.7095388661914
"us-mi",67.1429449773553
"us-mn",77.3330845596394
"us-mo",54.3291816093751
"us-ms",39.2193561712809
"us-nc",86.0521294833695
"us-nd",45.1625547556138
"us-ne",91.125455228224
"us-nh",42.7233800757062
"us-nj",93.142901765928
"us-nm",93.030017000475
"us-nv",169.759591532816
"us-ny",92.4500525796211
"us-oh",44.1718605704381
"us-ok",69.8632757868249
"us-or",97.8610661975071
"us-pa",61.6387685800781
"us-ri",58.4088878106302
"us-sc",62.1242710082673
"us-sd",52.0749142374482
"us-tn",57.4804889727722
"us-tx",150.238363368134
"us-ut",85.8251932800776
"us-va",78.3977990217578
"us-vt",39.0766968416953
"us-wa",111.882292676889
"us-wi",69.8187764219201
"us-wv",73.3933501821162
"us-wy",90.5202106713516
