"JS_KEY","NAME_REGIONALITY"
"us-ak",59.6840293719175
"us-al",59.1755107360133
"us-ar",98.0784313516855
"us-az",149.362258789201
"us-ca",148.076047565368
"us-co",124.032774748626
"us-ct",69.3734392835424
"us-dc",123.663770752012
"us-de",76.6510003992487
"us-fl",93.7741097824943
"us-ga",133.263586696697
"us-hi",89.8132933970994
"us-ia",72.3926114881793
"us-id",82.7926768005656
"us-il",98.1950698161153
"us-in",66.8572003261208
"us-ks",92.6140882472847
"us-ky",71.7738712190496
"us-la",36.9630500473345
"us-ma",82.5311344730103
"us-md",91.7455736819686
"us-mi",66.2025822463156
"us-mn",78.2407388111524
"us-mo",58.5087333039777
"us-ms",58.5087333039777
"us-mt",104.805528020328
"us-nc",97.3121896813321
"us-ne",159.396575753789
"us-nh",38.1533072813666
"us-nj",85.1102324252919
"us-nm",120.995353975256
"us-nv",147.140927480354
"us-ny",94.0922254014521
"us-oh",37.727635788673
"us-ok",80.8752128343062
"us-or",92.6734991776787
"us-pa",43.929685689248
"us-sc",85.4180452007902
"us-sd",66.5943135022109
"us-tn",82.5741706724524
"us-tx",147.371570593271
"us-ut",67.170747639939
"us-va",85.3499606696303
"us-wa",121.652268543094
"us-wi",76.3074601590826
