"JS_KEY","NAME_REGIONALITY"
"us-al",0.770759209006878
"us-ar",1.4159638832514
"us-az",1.01082400249277
"us-ca",1.36854989392
"us-co",0.931598857263703
"us-ct",0.714569152247622
"us-dc",1.2119485038464
"us-fl",1.1659046503431
"us-ga",0.775951017075808
"us-ia",0.718472086606208
"us-id",1.98068954005273
"us-il",0.866903770583563
"us-in",0.970325859092209
"us-ks",0.825213314259283
"us-ky",0.816621418087823
"us-la",0.861966163157396
"us-ma",0.681618732145908
"us-md",1.09012078218037
"us-mi",0.536616405540637
"us-mn",0.641652166861615
"us-mo",0.926400914832107
"us-ms",0.60031094115756
"us-nc",0.929692075976906
"us-ne",1.42567792119138
"us-nj",0.933034084026416
"us-nv",0.961575908740403
"us-ny",0.961937473749849
"us-oh",0.642063309845647
"us-ok",0.840967945809017
"us-or",0.867435910174881
"us-pa",0.741834929835184
"us-ri",1.25902704515761
"us-sc",0.762017397598459
"us-tn",0.797907374305841
"us-tx",1.36844439428148
"us-ut",1.43499860083089
"us-va",0.946447364243416
"us-wa",1.30546914700811
"us-wi",1.2297825561973
