"JS_KEY","NAME_REGIONALITY"
"us-ca",219.620615431745
"us-ga",243.805367461752
"us-ia",162.228386010788
"us-il",138.114160837979
"us-in",113.116772582423
"us-ky",265.063367007124
"us-ma",174.478783794458
"us-mi",119.963440697471
"us-mo",157.860137415955
"us-ms",252.775307263952
"us-nc",111.639175505583
"us-nj",82.6800489804771
"us-ny",105.602627578219
"us-oh",75.106077134531
"us-ok",360.715010813435
"us-pa",60.4996083187118
"us-tx",325.862563928081
"us-va",173.544158189019
