"JS_KEY","NAME_REGIONALITY"
"us-ar",261.409350093694
"us-ca",244.545410771949
"us-ga",226.950844854071
"us-il",129.219504476819
"us-in",139.562470480712
"us-ky",279.398548591248
"us-ma",155.970681030243
"us-mi",80.7169286547965
"us-mn",140.3857250463
"us-mo",154.55388914942
"us-ms",181.995574398703
"us-nc",172.898296579861
"us-nj",130.791630340017
"us-ny",135.679086268095
"us-oh",84.7602788843583
"us-ok",273.416417917622
"us-pa",51.0218485730509
"us-tn",124.573817035668
"us-tx",118.315606322027
"us-va",131.623512832765
