"JS_KEY","NAME_REGIONALITY"
"us-al",1.03718263542344
"us-ar",1.18549845492334
"us-ct",1.25309039511936
"us-ga",1.52913683890277
"us-hi",6.7441937477923
"us-ia",1.2295637974067
"us-il",0.623331637803574
"us-ks",1.67981790932387
"us-ky",2.086196961232
"us-ma",2.71041440893334
"us-me",5.69509694258016
"us-mn",1.088551491964
"us-ms",1.79213539939774
"us-nc",1.20532992745426
"us-nj",1.33265268456376
"us-ny",2.80236269545914
"us-oh",0.633143848753999
"us-pa",0.756726352957775
"us-sc",1.12650269193893
"us-tn",1.44870986678464
"us-tx",0.454856880555972
"us-va",1.01327863298315
"us-wi",1.09614304492214
