"JS_KEY","NAME_REGIONALITY"
"us-al",61.3692046932345
"us-ca",128.466330227934
"us-ct",233.255657052851
"us-fl",97.6791525522838
"us-ga",116.138241865184
"us-ia",48.6263167123598
"us-il",88.4905206148501
"us-in",57.3293966306714
"us-ky",105.625254779935
"us-ma",304.049468091864
"us-me",165.267924522388
"us-mi",88.8894881205568
"us-mn",58.1239066261927
"us-mo",65.1600593866179
"us-ms",114.979901330334
"us-nc",71.2210326980089
"us-nh",557.011864774976
"us-nj",128.367670207225
"us-ny",274.06473061465
"us-oh",58.6208237168759
"us-ok",77.9924176542342
"us-pa",55.9987537604188
"us-sc",86.6117812751825
"us-tn",37.1733164872407
"us-tx",106.343421014265
"us-va",90.2620570166048
"us-wa",110.858747858228
"us-wi",89.2729301693581
