"JS_KEY","NAME_REGIONALITY"
"us-al",0.422365880665562
"us-ar",0.40118409505965
"us-az",0.562738284550844
"us-ca",0.867597235770124
"us-co",1.50239353332532
"us-ct",2.8575623241635
"us-dc",0.925930234149412
"us-de",1.04264069997873
"us-fl",1.09146562779781
"us-ga",0.719948797398584
"us-hi",2.6564897984112
"us-ia",0.785964035964036
"us-il",1.11137726977063
"us-in",1.02172538197613
"us-ks",0.941180676420969
"us-ky",0.460655080589363
"us-la",1.17400701677092
"us-ma",2.5558151443001
"us-md",1.09683371574857
"us-me",2.47925514799594
"us-mi",1.12648083565195
"us-mn",0.883342472191759
"us-mo",0.507178882819522
"us-ms",0.42816452972703
"us-nc",0.834804743701275
"us-nd",0.68515772601416
"us-ne",0.931398326083365
"us-nh",3.14821413684735
"us-nj",1.10472410784773
"us-nm",0.700790446285386
"us-ny",1.36024678652757
"us-oh",0.998823446048284
"us-ok",0.559908111532276
"us-or",0.353889565931451
"us-pa",0.836528365264131
"us-ri",1.81283658869866
"us-sc",0.68883098460905
"us-sd",0.922920057835533
"us-tn",0.604278862899553
"us-tx",1.23954058665885
"us-va",0.759866441124308
"us-vt",2.57894449300699
"us-wa",0.538323365045149
"us-wi",0.661116093790016
"us-wv",0.451311869731667
