"JS_KEY","NAME_REGIONALITY"
"us-ak",129.84901905959
"us-al",84.1102704211955
"us-ar",66.5869663206832
"us-az",79.1446152371826
"us-ca",117.896602499071
"us-co",137.942184145097
"us-ct",90.8380770017058
"us-dc",84.3749993902208
"us-de",97.2849274992673
"us-fl",132.123543257253
"us-ga",85.4957336341125
"us-hi",142.647392828473
"us-ia",125.852357747266
"us-id",80.9554976670304
"us-il",102.857599398061
"us-in",117.214571256313
"us-ks",137.757013654373
"us-ky",51.7265463345859
"us-la",138.397209460624
"us-ma",98.5664106952014
"us-md",86.5425888615695
"us-me",122.894558488233
"us-mi",108.772020913077
"us-mn",126.299274485729
"us-mo",85.5977210559182
"us-ms",80.2306568723812
"us-mt",104.342428775876
"us-nc",107.865208170153
"us-nd",126.063522176414
"us-ne",152.830470423706
"us-nh",111.045051524541
"us-nj",63.4830689768637
"us-nm",69.2700201079985
"us-nv",73.3126890556081
"us-ny",68.8622164754435
"us-oh",106.506180607493
"us-ok",104.312006180016
"us-or",97.254294132694
"us-pa",96.4724905138561
"us-ri",94.9316013396198
"us-sc",93.6232661071655
"us-sd",104.274403251665
"us-tn",57.5306035464954
"us-tx",141.598967250289
"us-ut",64.057023115543
"us-va",91.4280575876258
"us-vt",108.50937711965
"us-wa",114.398199763895
"us-wi",106.100565963536
"us-wv",57.2164435862188
"us-wy",132.835081601996
