"JS_KEY","NAME_REGIONALITY"
"us-ak",0.888982196494956
"us-al",1.06004540154704
"us-ar",0.89008919966721
"us-az",1.0008151709194
"us-ca",1.07450425014108
"us-co",1.15922765935779
"us-ct",0.923307789606039
"us-dc",0.782408569366027
"us-de",0.77145011786805
"us-fl",1.16211927679446
"us-ga",1.04963009276678
"us-hi",1.20853428877173
"us-ia",1.19965007217301
"us-id",1.0005733356674
"us-il",0.994838226852437
"us-in",1.08513154512091
"us-ks",1.36514301652489
"us-ky",0.618910289973913
"us-la",1.28536226727182
"us-ma",0.862973388182195
"us-md",0.865048582471554
"us-me",1.07026158842947
"us-mi",1.07192180726598
"us-mn",1.11340513422939
"us-mo",1.0245268002501
"us-ms",0.812858326864144
"us-mt",0.777524147955373
"us-nc",1.16418080876261
"us-nd",1.20225529246695
"us-ne",1.20184462416859
"us-nh",0.945182108997712
"us-nj",0.710635133351744
"us-nm",1.04350087889324
"us-nv",0.822805810955529
"us-ny",0.680121788908013
"us-oh",1.05470243077311
"us-ok",1.12808946605661
"us-or",0.90187895492007
"us-pa",0.99451575235195
"us-ri",0.915649456565071
"us-sc",1.23118146915237
"us-sd",1.1708396645582
"us-tn",0.794407886917502
"us-tx",1.38879289819791
"us-ut",0.758074601775561
"us-va",1.01476992764424
"us-vt",0.93370211189609
"us-wa",0.95637375047856
"us-wi",1.08080884129514
"us-wv",0.663440265299905
"us-wy",1.09518940702214
