"JS_KEY","NAME_REGIONALITY"
"us-ak",1.07267729693075
"us-al",1.62250694150803
"us-ar",1.26439200989651
"us-az",1.01663368712396
"us-ca",1.04021761572031
"us-co",1.11887685947083
"us-ct",0.863738643941602
"us-dc",0.950012563425725
"us-de",0.903196380759172
"us-fl",1.35074894241257
"us-ga",1.5860060317123
"us-hi",0.914010491678323
"us-ia",0.865837212027155
"us-id",0.902217659298949
"us-il",1.00834822025114
"us-in",0.987585400601215
"us-ks",1.03153172040729
"us-ky",0.774275027320252
"us-la",1.37627872277376
"us-ma",0.7003332406743
"us-md",0.834161637071476
"us-me",0.905712691736742
"us-mi",0.8774168715824
"us-mn",0.81504131220712
"us-mo",0.968681999516186
"us-ms",1.34386547352132
"us-mt",0.750687968058244
"us-nc",1.48362630503205
"us-nd",0.833819190566269
"us-ne",0.974079926983617
"us-nh",0.852171011855193
"us-nj",0.815512751563871
"us-nm",1.27478543219674
"us-nv",0.782761020630511
"us-ny",0.649168425594348
"us-oh",0.901311320729584
"us-ok",1.09846974559782
"us-or",0.783060553477757
"us-pa",0.805723664607835
"us-ri",0.696222145787349
"us-sc",1.50026473844788
"us-sd",0.70800902703465
"us-tn",1.13877394041593
"us-tx",1.64937132054024
"us-ut",0.562173139388445
"us-va",1.33759125722236
"us-vt",0.694671989993244
"us-wa",0.862883865935294
"us-wi",0.820017708056861
"us-wv",0.721672118545575
"us-wy",0.691861392784966
