"JS_KEY","NAME_REGIONALITY"
"us-ak",124.016949608662
"us-al",173.613876398931
"us-ar",129.989951573418
"us-az",127.633658281983
"us-ca",118.82592836458
"us-co",90.0587728735866
"us-ct",88.106690819178
"us-dc",81.2643819205008
"us-de",106.855060119439
"us-fl",128.298488767672
"us-ga",151.781354211846
"us-hi",66.3983219634734
"us-ia",71.0836486692132
"us-id",85.9653211288981
"us-il",98.9891508711508
"us-in",87.623656818249
"us-ks",96.7569039488866
"us-ky",93.3008680323809
"us-la",123.300647959337
"us-ma",69.3940827273921
"us-md",85.2195172720132
"us-me",97.0352688189261
"us-mi",83.7987878552815
"us-mn",63.5809587300416
"us-mo",112.689274990092
"us-ms",158.159613902099
"us-mt",61.1269216410003
"us-nc",142.11929564629
"us-nd",75.1753351880521
"us-ne",80.5064894014792
"us-nh",69.0551276291689
"us-nj",76.6281070495841
"us-nm",127.911080647674
"us-nv",83.341293898421
"us-ny",67.1790879858661
"us-oh",79.3088185060195
"us-ok",113.720373092054
"us-or",91.1930317421391
"us-pa",66.9184163898961
"us-ri",60.9869893393762
"us-sc",144.493603688114
"us-sd",100.159328164387
"us-tn",129.234306873666
"us-tx",171.684493946573
"us-ut",81.0529596400926
"us-va",124.359314826893
"us-vt",78.4911235246149
"us-wa",78.5215464407097
"us-wi",71.2181332464259
"us-wv",91.9601394683863
"us-wy",118.886244369798
