"JS_KEY","NAME_REGIONALITY"
"us-al",118.316822186932
"us-ar",145.648135471448
"us-az",98.4051766203458
"us-ca",167.118287724036
"us-co",76.2637345580969
"us-fl",102.005558499452
"us-ga",109.905263765235
"us-id",189.961858197118
"us-il",144.646360204278
"us-in",101.420120193367
"us-ks",82.2869153778485
"us-ky",167.089252515698
"us-ma",61.2203232876746
"us-mi",59.9111897850368
"us-mn",101.464728431511
"us-mo",54.4659828330383
"us-nc",101.33958896062
"us-ne",136.444152456782
"us-nj",42.8843012581402
"us-nm",102.536463968608
"us-nv",162.98789542619
"us-ny",71.3200582865844
"us-oh",66.3407111686244
"us-ok",126.240737606678
"us-or",140.871543834436
"us-pa",51.9354482614717
"us-sc",120.79451919026
"us-tn",39.3628885782906
"us-tx",145.649410112509
"us-ut",137.378360831668
"us-va",96.5225873140551
"us-wa",100.367440592573
"us-wi",97.2266715111201
