"JS_KEY","NAME_REGIONALITY"
"us-az",1.6954816972693
"us-ca",1.78503826016915
"us-co",1.61820007301935
"us-fl",0.878904603974876
"us-ga",0.759076896728892
"us-ia",1.66939736346516
"us-il",0.771076000917293
"us-in",1.08908853566766
"us-ky",1.03656540143596
"us-la",1.44118125232256
"us-ma",0.647989766081871
"us-md",1.10080407314272
"us-mi",0.601921640524207
"us-mn",1.20094253807893
"us-mo",0.74730230989715
"us-nc",1.80976755038353
"us-nj",0.685417149926544
"us-ny",0.961747104288994
"us-oh",0.559355112048605
"us-ok",1.76468162557233
"us-or",2.05196759259259
"us-pa",0.555054631977709
"us-sc",1.15853100699209
"us-tn",0.962800043445205
"us-tx",0.963419621840688
"us-va",0.842552989259576
"us-wa",2.08181717711744
"us-wi",1.25470629865534
