"JS_KEY","NAME_REGIONALITY"
"us-al",532.165983120083
"us-md",686.866573686657
"us-mo",399.264213636001
"us-nc",794.051436144549
"us-ny",124.623753312917
"us-pa",172.546615174318
"us-tx",349.312742474557
