"JS_KEY","NAME_REGIONALITY"
"us-al",5.14443889289834
"us-ca",3.476003517678
"us-nc",8.68276203118086
"us-ny",1.39754842817883
"us-oh",2.25416337259195
"us-pa",1.26038665412327
"us-tx",3.11715479607702
