"JS_KEY","NAME_REGIONALITY"
"us-al",877.21313377422
"us-ca",432.81685075777
"us-nc",658.359344648814
"us-pa",262.215316471806
"us-sc",1020.19205541271
