"JS_KEY","NAME_REGIONALITY"
"us-al",3.37976632094279
"us-ga",3.12521147038715
"us-il",1.33177811719409
"us-la",5.20282186948854
"us-ny",1.64024974219923
"us-oh",2.81933559419082
"us-pa",2.23869763650239
"us-tx",4.08887260626321
