"JS_KEY","NAME_REGIONALITY"
"us-al",1.72301481317673
"us-ca",1.94184482774448
"us-ct",5.49355874872384
"us-fl",8.02017947314419
"us-ga",1.60386760773324
"us-il",0.833199169513648
"us-ma",2.19459026257638
"us-ms",3.01415610183559
"us-nc",2.23378361611303
"us-nj",1.43600153281206
"us-ny",2.3055173049797
"us-oh",1.5886548899709
"us-pa",0.663531879207788
"us-sc",2.29172794426325
