"JS_KEY","NAME_REGIONALITY"
"us-al",0.588215154923268
"us-ar",0.564605986635497
"us-az",1.6945700993203
"us-ca",1.07881087921007
"us-co",0.75549059414389
"us-ct",2.85959345076382
"us-dc",1.40057124256466
"us-fl",1.44771315010217
"us-ga",1.05659762521357
"us-hi",3.52929092953961
"us-ia",0.53031657715575
"us-il",0.642686103314101
"us-in",0.834335663360012
"us-ks",1.15270311402605
"us-ky",0.249143844858098
"us-la",0.630511666859864
"us-ma",2.3908148110528
"us-md",1.12013095472449
"us-me",2.34253818104121
"us-mi",0.842137995288718
"us-mn",0.802610440967743
"us-mo",0.525275287555414
"us-ms",0.436508586541444
"us-nc",0.579058833177055
"us-nd",1.44184147829283
"us-ne",0.497741761427222
"us-nh",2.0145703654363
"us-nj",0.985727049656283
"us-ny",2.06682029821631
"us-oh",0.873283656700066
"us-ok",0.538999168609944
"us-or",1.16033372624817
"us-pa",0.94219344126066
"us-ri",0.919021675635094
"us-sc",0.758337678012981
"us-tn",0.482044546044231
"us-tx",0.507838578893278
"us-va",0.754522755119121
"us-vt",1.99025503246053
"us-wa",0.658025496248036
"us-wi",0.851600314384399
"us-wv",0.38308385025075
