"JS_KEY","NAME_REGIONALITY"
"us-al",0.848092728508275
"us-ar",0.672969177791482
"us-az",1.11829768347409
"us-ca",1.09506520344212
"us-co",0.902964495457018
"us-ct",2.2970695573223
"us-dc",2.48408638318997
"us-de",1.20138349045376
"us-fl",1.06953503198075
"us-ga",0.64128863966149
"us-hi",2.68811026830716
"us-ia",1.02182389198745
"us-il",0.76012177329712
"us-in",0.605886192085202
"us-ks",0.492033091420152
"us-ky",0.443040963299598
"us-la",0.732807286961826
"us-ma",1.85822007215013
"us-md",1.65033107149888
"us-me",0.983232907453433
"us-mi",0.745101322604911
"us-mn",0.685095375537706
"us-mo",0.410108100746942
"us-ms",0.573479999987798
"us-mt",1.26169290853749
"us-nc",0.725380437742511
"us-nd",0.746616045685965
"us-ne",0.396506389441134
"us-nh",2.53628668879144
"us-nj",1.07904254596771
"us-nm",0.957260152747238
"us-ny",1.93394678782483
"us-oh",1.01285101467953
"us-ok",0.909808227808145
"us-or",1.0950964478792
"us-pa",0.94300394195138
"us-ri",0.866338568163386
"us-sc",0.905662728440069
"us-sd",0.566683305240669
"us-tn",0.551723507880652
"us-tx",0.612573574459256
"us-ut",1.11740937239461
"us-va",0.6976399529518
"us-vt",1.23489790053616
"us-wa",1.00326221000125
"us-wi",0.695838393596148
"us-wv",0.598359009430101
