"JS_KEY","NAME_REGIONALITY"
"us-ak",98.0669060718163
"us-al",158.935558097398
"us-ar",89.1796322572682
"us-az",100.756204791557
"us-ca",98.2332961972313
"us-co",90.2419057234405
"us-ct",136.687821747297
"us-dc",133.926940868631
"us-de",151.551221898201
"us-fl",89.0185972959747
"us-ga",124.988958765934
"us-hi",183.542304237018
"us-ia",54.6978808298624
"us-id",86.052122340497
"us-il",73.6331335543685
"us-in",95.5697156880408
"us-ks",74.0049499712506
"us-ky",128.886807351034
"us-la",117.538598080146
"us-ma",133.307864100363
"us-md",86.7838309733614
"us-me",125.819359730515
"us-mi",75.6757045043839
"us-mn",114.339388283439
"us-mo",84.4705768953097
"us-ms",79.4316929202833
"us-mt",89.2525897028985
"us-nc",177.598580832904
"us-nd",137.136192505297
"us-ne",79.7239940997771
"us-nh",171.546868078921
"us-nj",81.3609930461462
"us-nm",95.2399141168369
"us-nv",72.0173172595469
"us-ny",107.303670934583
"us-oh",81.4952032346708
"us-ok",77.4154010582953
"us-or",104.479771795348
"us-pa",85.719413904351
"us-ri",93.853392137758
"us-sc",110.623510454302
"us-sd",106.861610395702
"us-tn",125.303041236519
"us-tx",77.4227373522474
"us-ut",131.073335854882
"us-va",121.871682036313
"us-vt",134.987211940518
"us-wa",106.026450254151
"us-wi",94.1394059889246
"us-wv",87.6800254724029
"us-wy",62.2703041303721
