"JS_KEY","NAME_REGIONALITY"
"us-ak",96.1016067734787
"us-al",76.5084200622484
"us-ar",99.6068156679333
"us-az",119.362932358229
"us-ca",124.810247106269
"us-co",97.6013511295817
"us-ct",89.953394724842
"us-dc",109.234626784037
"us-de",87.3254900973083
"us-fl",127.644289707796
"us-ga",109.262773277857
"us-hi",78.193892730811
"us-ia",92.1761045709484
"us-id",82.4272159367641
"us-il",105.526987738825
"us-in",73.1541742641734
"us-ks",102.001047875101
"us-ky",74.3898960698426
"us-la",82.6617595922404
"us-ma",84.1347538503234
"us-md",87.767798492162
"us-me",64.4463385206397
"us-mi",72.2777197582551
"us-mn",71.8391413616637
"us-mo",70.5668665084703
"us-ms",87.475770389389
"us-mt",36.585223691043
"us-nc",114.053586711818
"us-nd",33.668082167642
"us-ne",97.2552425297627
"us-nh",39.9702807517496
"us-nj",82.3692074995731
"us-nm",97.5441055364072
"us-nv",142.870089904498
"us-ny",88.0380196492266
"us-oh",76.1712144048017
"us-ok",74.4303135223631
"us-or",100.352439064224
"us-pa",69.6743610974337
"us-ri",92.581052861975
"us-sc",87.5697117779568
"us-sd",80.8977936943997
"us-tn",94.035356674229
"us-tx",127.937386208356
"us-ut",78.1031805582694
"us-va",93.3676309584637
"us-vt",70.8352203379768
"us-wa",95.3178511504516
"us-wi",79.7129757814758
"us-wv",87.583121273456
"us-wy",91.3086911951558
