"JS_KEY","NAME_REGIONALITY"
"us-ia",882.749038050449
"us-il",214.141257000622
"us-mi",1785.38911495422
"us-oh",408.558001484046
"us-tx",474.967137693066
