"JS_KEY","NAME_REGIONALITY"
"us-ar",0.546863737181146
"us-az",1.67469540521885
"us-ca",1.55920167354554
"us-co",2.01153412692146
"us-ia",2.70403730572191
"us-id",9.59193944822907
"us-il",0.759053421863632
"us-in",1.76582636410281
"us-ks",2.07936369552729
"us-ky",0.22157955998408
"us-la",0.466059208464123
"us-me",0.87446960715838
"us-mi",3.8922806853234
"us-mn",3.15964321177299
"us-mo",0.749460856586411
"us-ms",0.324212403704572
"us-mt",3.3657572448889
"us-nd",3.28001057222149
"us-ne",2.66188823131779
"us-ny",0.164577934389289
"us-oh",2.53205080320982
"us-ok",1.41758020203028
"us-or",3.8305095104355
"us-pa",0.316994376049138
"us-sd",2.39224943553863
"us-tn",0.445245070977108
"us-tx",0.436352034180006
"us-ut",18.4211807489256
"us-wa",2.15993170325027
"us-wi",0.833699128741845
"us-wv",0.542983895129488
