"JS_KEY","NAME_REGIONALITY"
"us-al",8.24627639695431
"us-ar",29.4559872047553
"us-az",98.6969117382153
"us-ca",121.798586332108
"us-co",217.810525962217
"us-ct",6.64951554426445
"us-dc",13.5568404639924
"us-fl",19.1371433650293
"us-ga",3.58228474623413
"us-ia",374.620121633743
"us-id",427.450167702626
"us-il",136.616660270551
"us-in",142.666828556061
"us-ks",298.168737895749
"us-ky",28.0930005631918
"us-la",8.47537491956266
"us-ma",7.08026494245575
"us-md",8.27895539546745
"us-me",68.6241063653404
"us-mi",217.230962539249
"us-mn",390.853342251181
"us-mo",100.331751287505
"us-ms",9.1047956763965
"us-mt",332.131272233194
"us-nc",6.99893130962754
"us-nd",464.320253468176
"us-ne",456.485184317773
"us-nh",24.6237934813344
"us-nj",4.37240968072494
"us-nm",42.8880400164205
"us-nv",138.573447362421
"us-ny",23.6844943411958
"us-oh",170.877185565647
"us-ok",131.057049549689
"us-or",347.127088660478
"us-pa",68.956165187649
"us-sc",5.05109667130336
"us-sd",456.45135434913
"us-tn",11.2579110374245
"us-tx",25.1361149027372
"us-ut",352.779661942251
"us-va",6.99103995800672
"us-wa",333.330872782381
"us-wi",265.631388425602
"us-wv",57.8685048417404
"us-wy",321.806916618525
