"JS_KEY","NAME_REGIONALITY"
"us-ak",1.71676069255843
"us-al",1.71478966994929
"us-ar",1.65735739853277
"us-az",0.779234009544931
"us-ca",0.83199741632458
"us-co",0.347717826519266
"us-ct",0.753236870636633
"us-fl",1.23004322251206
"us-ga",1.37274099653296
"us-hi",1.37511072470509
"us-ia",0.288666331160308
"us-id",0.958822909792102
"us-il",1.21159895672583
"us-in",0.932864474466322
"us-ks",0.626531634711372
"us-ky",1.61463766712162
"us-la",1.80613716047127
"us-ma",0.500591960445127
"us-md",1.31631025085747
"us-mi",0.877399161945095
"us-mn",0.554094042373033
"us-mo",0.77525415892472
"us-ms",0.815603917062642
"us-nc",1.65239235145159
"us-nj",1.40250702149606
"us-nm",0.940269415633696
"us-ny",1.27296181840781
"us-oh",0.664608101010163
"us-ok",1.32067324413505
"us-pa",0.967633121507889
"us-ri",1.5815111172046
"us-sc",1.98031754258078
"us-tn",1.42582619536743
"us-tx",1.07566022433881
"us-ut",0.371872204869205
"us-va",1.15812611808988
"us-wa",0.683423474677051
"us-wi",0.804751725671561
"us-wv",2.16973934302206
