"JS_KEY","NAME_REGIONALITY"
"us-ak",276.728773701261
"us-al",109.568185984451
"us-ar",94.4413992565584
"us-az",56.2062861151007
"us-ca",124.950458966605
"us-co",123.971601302967
"us-ct",49.5579981956706
"us-fl",93.5984789036272
"us-ga",83.8405987649366
"us-hi",279.943271378248
"us-ia",73.6953665586406
"us-il",99.1369053913201
"us-in",84.0562972790448
"us-ks",84.0000998361024
"us-ky",175.205980550716
"us-la",113.73854341492
"us-ma",51.330836754013
"us-md",73.6795554952296
"us-me",130.399608202941
"us-mi",68.3497890281336
"us-mn",52.994932010843
"us-mo",81.1156315677843
"us-ms",198.279681387567
"us-nc",131.434819964071
"us-nj",145.004078013497
"us-nm",214.933288373554
"us-ny",107.387969075242
"us-oh",80.5760291947409
"us-ok",141.22840637283
"us-or",114.825601231532
"us-pa",95.1192127336371
"us-sc",176.408233889425
"us-tn",106.465587183155
"us-tx",113.66788468705
"us-ut",95.323947491654
"us-va",106.978491441887
"us-wa",65.3337661067014
"us-wi",44.7644940066079
"us-wv",250.559283091393
