"JS_KEY","NAME_REGIONALITY"
"us-ak",3.66427317142078
"us-al",1.66198153564041
"us-az",1.76081799344486
"us-ca",1.29205740449671
"us-co",1.67860402811859
"us-fl",1.40860371265007
"us-ga",1.47350038318304
"us-ia",0.991199073708066
"us-il",1.00078741466903
"us-in",0.957386850094526
"us-ky",0.914699892085784
"us-la",1.63300949929754
"us-ma",0.398690593505967
"us-md",0.483384514500206
"us-mi",0.857812497510806
"us-mn",0.729701006265058
"us-mo",1.01183785266823
"us-ms",1.09444282589948
"us-nc",1.50983208435672
"us-nj",0.585604089528452
"us-nm",1.56720228915594
"us-nv",1.79630601363
"us-ny",1.15202062920779
"us-oh",0.881636351383818
"us-ok",0.930137864947992
"us-or",1.24393286412633
"us-pa",0.894701071455558
"us-sc",1.19150151472292
"us-tn",0.939252978238918
"us-tx",0.970145879568435
"us-va",1.10420093164032
"us-wa",1.21389137661164
"us-wi",0.606528199181934
