"JS_KEY","NAME_REGIONALITY"
"us-al",144.645562812253
"us-az",211.717046745754
"us-ca",134.317192171304
"us-fl",91.024977456189
"us-ga",147.316712466248
"us-ia",155.994130389919
"us-il",112.529847172203
"us-in",207.332734371446
"us-ky",130.4637637423
"us-la",141.618319382304
"us-ma",67.4644632805484
"us-md",100.204134745198
"us-mi",115.649946051176
"us-mn",106.569273617382
"us-mo",67.5473495906612
"us-nc",114.560937992145
"us-nj",89.8500390603991
"us-nm",375.666902013021
"us-ny",150.398654641274
"us-oh",81.8079795515421
"us-ok",155.723970355204
"us-pa",72.8243683745452
"us-sc",214.4053513894
"us-tn",129.776433762897
"us-tx",97.8650687515706
"us-va",53.3491117393896
