"JS_KEY","NAME_REGIONALITY"
"us-al",161.090570602766
"us-ar",242.228939285014
"us-az",105.894562908925
"us-ca",165.811558776635
"us-co",149.686801647775
"us-fl",91.3680512757303
"us-ga",69.4245442057942
"us-il",121.246915599589
"us-in",139.337026514643
"us-mi",93.2755763118915
"us-mo",131.890575885179
"us-nc",165.152170038321
"us-nj",100.475023645006
"us-ny",103.600622893468
"us-oh",97.3492356721358
"us-ok",195.196125933494
"us-pa",108.844552005105
"us-sc",148.090308299637
"us-tn",148.115312183109
"us-tx",157.741844018947
"us-va",99.7263757130337
