"JS_KEY","NAME_REGIONALITY"
"us-az",2.27435912523291
"us-ca",1.93311892896789
"us-co",1.58635972126915
"us-fl",0.722319881297505
"us-ga",1.14306809522824
"us-il",1.58954664749123
"us-in",2.10963696615814
"us-ks",2.85274621678059
"us-ky",2.19512758414849
"us-md",1.56550630433433
"us-nc",1.40530789222089
"us-nj",1.4867251690221
"us-ny",1.21379437238399
"us-oh",0.726290105665702
"us-pa",0.889665203085577
"us-tx",1.13303951485029
"us-wi",2.35947735596768
