"JS_KEY","NAME_REGIONALITY"
"us-az",434.994625498504
"us-ca",286.656144133046
"us-in",605.405097768202
"us-nc",287.433669766796
"us-ok",700.682410153721
"us-pa",192.840671771667
"us-tx",169.120410397421
