"JS_KEY","NAME_REGIONALITY"
"us-az",4.34994625498504
"us-ca",2.86656144133046
"us-in",6.05405097768202
"us-nc",2.87433669766796
"us-ok",7.00682410153721
"us-pa",1.92840671771667
"us-tx",1.69120410397421
