"JS_KEY","NAME_REGIONALITY"
"us-ca",289.673313959315
"us-ct",199.294696781666
"us-il",229.25711043596
"us-ma",294.139546612869
"us-me",494.872628911867
"us-mi",151.356516665669
"us-mn",279.898329702251
"us-mo",87.3783326280152
"us-nj",170.223934131352
"us-ny",197.61200317965
"us-oh",63.0861619938601
"us-pa",126.078770608589
"us-tx",139.696216968549
"us-va",121.369190074317
"us-wa",281.520257109466
