"JS_KEY","NAME_REGIONALITY"
"us-ca",2.18186042652062
"us-il",1.85701689824624
"us-ma",2.49775812016476
"us-me",5.78826341279326
"us-mi",1.39041105548897
"us-nj",1.26218704329923
"us-ny",2.99286206686482
"us-oh",1.16740637890811
"us-pa",1.10241080038573
"us-tx",2.12250565062964
