"JS_KEY","NAME_REGIONALITY"
"us-al",85.3225768917758
"us-ca",115.428907095438
"us-ct",184.139623778903
"us-fl",109.074211917508
"us-ga",36.4757431544098
"us-ia",89.2151552926156
"us-il",99.6661573604574
"us-ks",83.7278375171887
"us-ky",70.4726209718112
"us-la",138.519487554422
"us-ma",195.778369330523
"us-md",51.9284132216245
"us-me",227.27950453722
"us-mi",126.378952859539
"us-mn",145.830842784215
"us-mo",98.3953389810542
"us-mt",386.456717344089
"us-nd",262.878613262538
"us-ne",152.395196084745
"us-nj",122.922904907993
"us-ny",180.33185181706
"us-oh",81.8619967273918
"us-ok",89.7865932149282
"us-or",187.835939360267
"us-pa",107.001786680615
"us-sd",275.663665272746
"us-tx",97.164722335911
"us-va",33.4227650107236
"us-wa",133.032041758683
"us-wi",73.3351074111131
"us-wv",72.2015380735233
