"JS_KEY","NAME_REGIONALITY"
"us-al",46.6760764633105
"us-ar",51.9379288815293
"us-az",92.3866706032002
"us-ca",115.258384787569
"us-co",96.85587911498
"us-ct",109.873702258921
"us-dc",83.5203302648168
"us-fl",62.5318075068051
"us-hi",285.56938119679
"us-ia",105.742563111628
"us-il",109.272780911747
"us-in",66.1570802845536
"us-ks",98.409853686665
"us-ky",45.3331392692712
"us-la",88.7599398237696
"us-ma",85.941920515782
"us-md",57.9784611660128
"us-me",167.094533028192
"us-mi",175.096480754453
"us-mn",235.909804788912
"us-mo",57.3022970207426
"us-ms",21.2931303938331
"us-mt",222.36242435311
"us-nc",12.6650099509329
"us-nd",153.172046930598
"us-ne",101.099352945669
"us-nh",101.350635513057
"us-nj",129.152779931198
"us-nm",95.309869157974
"us-ny",204.53946011525
"us-oh",84.7436656358323
"us-ok",50.1830793026045
"us-or",162.585078057347
"us-pa",94.4310043071606
"us-ri",73.0753806407259
"us-sc",30.9108478629426
"us-sd",157.998815372629
"us-tn",20.7782012730197
"us-tx",68.0951511410566
"us-va",41.7417407055214
"us-wa",184.942944477268
"us-wi",199.793478614355
"us-wv",58.812849804072
