"JS_KEY","NAME_REGIONALITY"
"us-ak",8.19095173614469
"us-al",0.286214804388833
"us-ar",0.314378565329836
"us-az",1.97683118766358
"us-ca",1.60355297323659
"us-co",0.558814169207029
"us-ct",1.14708948202983
"us-dc",1.40929908437544
"us-fl",0.350420510819786
"us-ga",0.180520225669156
"us-hi",2.54002576353306
"us-ia",1.07376130154696
"us-il",1.57003196013054
"us-in",0.817817099456466
"us-ks",0.655395031414281
"us-ky",0.57421427116852
"us-la",1.23571161163234
"us-ma",0.900715666567443
"us-md",0.454560925177039
"us-me",1.70968372425355
"us-mi",1.69244649770819
"us-mn",1.89003124525815
"us-mo",0.851116177987916
"us-ms",0.181376802773709
"us-mt",1.27153172741794
"us-nc",0.265428004676303
"us-nd",2.79204615701628
"us-ne",1.06753748012376
"us-nj",1.29436744353615
"us-nm",1.9558495922246
"us-ny",1.85655579458151
"us-oh",0.701987118475761
"us-ok",0.663704127816226
"us-or",2.06618602353199
"us-pa",0.904658712134623
"us-ri",0.694822739243051
"us-sc",0.221017158423834
"us-sd",1.56060904962837
"us-tn",0.306049638630805
"us-tx",0.542341686695955
"us-va",0.363924410038553
"us-wa",1.29755267767288
"us-wi",1.80385004526333
"us-wv",0.630196875479631
