"JS_KEY","NAME_REGIONALITY"
"us-al",0.280638310009901
"us-ar",0.422187989148298
"us-az",0.951679165222391
"us-ca",1.37004646975943
"us-co",1.18290630913768
"us-ct",0.710746003716727
"us-dc",0.726517526094225
"us-fl",0.727389545763276
"us-ga",0.237097904504072
"us-hi",3.56654058264438
"us-ia",1.20078735274852
"us-id",0.964111552125844
"us-il",1.38433392648646
"us-in",0.686879168345941
"us-ks",0.818019419763525
"us-ky",0.478029522130985
"us-la",1.23862421606514
"us-ma",0.75273357951787
"us-md",0.78112721690915
"us-me",1.1105778830661
"us-mi",1.52118268571842
"us-mn",2.11462411984824
"us-mo",0.773406882510514
"us-ms",0.241796016971238
"us-mt",2.59771700784044
"us-nc",0.135144647771527
"us-nd",1.35830400545891
"us-ne",1.4429041231904
"us-nj",1.1342025771679
"us-nm",1.10257190997331
"us-nv",1.74218452116557
"us-ny",1.43333459594745
"us-oh",0.980565299275657
"us-ok",0.563150564879664
"us-or",1.40746644921232
"us-pa",0.972582784623662
"us-ri",0.34891516138396
"us-sc",0.114266142902539
"us-sd",1.42989794574664
"us-tn",0.256660501722454
"us-tx",0.709888117456524
"us-ut",0.571687626675986
"us-va",0.390336721559347
"us-vt",1.33811183693208
"us-wa",2.06283361825404
"us-wi",1.96321943509585
"us-wv",0.611415596636889
"us-wy",1.08789192258423
