"JS_KEY","NAME_REGIONALITY"
"us-ak",301.625093662737
"us-al",24.8133406114143
"us-ar",21.6828153204081
"us-az",132.609697059734
"us-ca",143.053343739525
"us-co",100.606224511326
"us-ct",113.374303355666
"us-dc",100.156269691953
"us-de",56.541494432223
"us-fl",77.3569060311768
"us-ga",24.1508119307651
"us-hi",513.744427766254
"us-ia",108.231007059978
"us-id",90.3057480165448
"us-il",134.612316115586
"us-in",77.4804748450747
"us-ks",98.0571754767456
"us-ky",57.5604338945406
"us-la",139.700920614285
"us-ma",75.6182873053254
"us-md",68.3251762145441
"us-me",117.438665174076
"us-mi",142.789328054909
"us-mn",161.057298561964
"us-mo",81.0132112467277
"us-ms",30.0370111339384
"us-mt",243.68467482679
"us-nc",26.9398038580241
"us-nd",144.32145342387
"us-ne",142.045340276162
"us-nh",82.8597818277609
"us-nj",128.026043614464
"us-nm",90.6206157855556
"us-ny",130.593933642071
"us-oh",92.9636630491969
"us-ok",93.3280175775525
"us-or",128.908037487669
"us-pa",90.7252069100654
"us-ri",43.7381366055136
"us-sc",38.843015865002
"us-sd",164.372382090056
"us-tn",24.5598571595324
"us-tx",77.8417948305365
"us-ut",51.2446570687724
"us-va",33.7739125878851
"us-vt",55.2635017498508
"us-wa",228.717753545727
"us-wi",174.676606593703
"us-wv",45.026884018552
"us-wy",101.30815926161
