"JS_KEY","NAME_REGIONALITY"
"us-ak",257.725289214925
"us-al",24.0698212337962
"us-ar",39.4208911162487
"us-az",121.421919287038
"us-ca",138.974654346261
"us-co",126.3614581663
"us-ct",68.7900878355935
"us-dc",110.698083907045
"us-de",50.0694703500058
"us-fl",70.2909905083872
"us-ga",25.1996266040043
"us-hi",329.343471021638
"us-ia",130.833769359473
"us-id",100.198371554635
"us-il",141.413711177971
"us-in",98.4638093596288
"us-ks",112.196900611518
"us-ky",36.865426167672
"us-la",113.609614797655
"us-ma",65.6688350930693
"us-md",89.3690335559303
"us-me",81.3610350770666
"us-mi",146.321496795528
"us-mn",167.909903093973
"us-mo",106.2508938019
"us-ms",23.4471599918068
"us-mt",244.018144926751
"us-nc",22.8789031297492
"us-nd",162.20033436458
"us-ne",139.53973481206
"us-nh",51.9049829069382
"us-nj",95.1934340784332
"us-nm",130.030804558578
"us-nv",239.277354493484
"us-ny",113.674322373647
"us-oh",97.7851953622189
"us-ok",79.9887437170732
"us-or",203.435234567659
"us-pa",86.1008910476096
"us-ri",58.808920726789
"us-sc",29.0626972358289
"us-sd",159.894032653586
"us-tn",31.5950204538141
"us-tx",81.1886515092759
"us-ut",71.828840935679
"us-va",40.8819351089673
"us-vt",111.988469577305
"us-wa",187.620692900765
"us-wi",171.174172929158
"us-wv",68.0997620398949
"us-wy",156.528532208431
