"JS_KEY","NAME_REGIONALITY"
"us-ak",218.817808649096
"us-al",39.7716782440946
"us-ar",43.0658360564109
"us-az",82.849192873769
"us-ca",133.403350955114
"us-co",141.571054682825
"us-ct",60.4325708372478
"us-dc",125.848128755226
"us-de",62.7861998553216
"us-fl",70.6679972493222
"us-ga",28.7269352480515
"us-hi",252.872803550507
"us-ia",158.898587099202
"us-id",137.815941762179
"us-il",124.531697507976
"us-in",104.686945481814
"us-ks",114.796548917849
"us-ky",57.2040516742466
"us-la",102.898676536226
"us-ma",59.3597848035665
"us-md",84.0086785219273
"us-me",84.0850455707761
"us-mi",147.491542019489
"us-mn",162.653215970985
"us-mo",96.2293355898235
"us-ms",41.95935956314
"us-mt",200.640113155491
"us-nc",29.1611754263286
"us-nd",105.909622175508
"us-ne",168.73669728315
"us-nh",76.856926011045
"us-nj",93.8294858211896
"us-nm",109.346757829618
"us-nv",180.021871589605
"us-ny",106.485639550328
"us-oh",90.7426195167926
"us-ok",91.6997448136874
"us-or",161.660324031114
"us-pa",95.123773961589
"us-ri",48.5102386260424
"us-sc",20.2848709203743
"us-sd",142.155672516831
"us-tn",42.9822744677546
"us-tx",86.3704934251642
"us-ut",84.1835240327217
"us-va",42.8444260461829
"us-vt",96.8065738376708
"us-wa",200.195171139115
"us-wi",169.706199317382
"us-wv",53.6077499456723
"us-wy",135.438555520619
