"JS_KEY","NAME_REGIONALITY"
"us-ak",1.81244884086458
"us-al",0.393846310956487
"us-ar",0.557048354841856
"us-az",1.55653531011326
"us-ca",1.24996142902649
"us-co",1.43479418360481
"us-ct",0.846434391314203
"us-dc",1.12172953480315
"us-de",1.0817525759381
"us-fl",0.808291245225126
"us-ga",0.376442965622567
"us-hi",2.05247584951962
"us-ia",1.42826560892642
"us-id",1.4403721076266
"us-il",1.17841333275582
"us-in",0.839245098380057
"us-ks",1.14348855662317
"us-ky",0.614087293385165
"us-la",1.12388260546837
"us-ma",0.729060017987439
"us-md",0.80955685045475
"us-me",0.846245075890524
"us-mi",1.41018587314672
"us-mn",1.50415835728261
"us-mo",0.777634940060829
"us-ms",0.341007631222402
"us-mt",1.9469150395956
"us-nc",0.340527564167654
"us-nd",1.64386288182362
"us-ne",1.66118447010591
"us-nh",0.512130293858943
"us-nj",0.986642145349278
"us-nm",1.71421991289049
"us-nv",1.89733012883573
"us-ny",1.17748921100502
"us-oh",0.93906888566274
"us-ok",0.692806328653483
"us-or",1.49680767288634
"us-pa",0.903579962300265
"us-ri",0.558660905252834
"us-sc",0.41195177646978
"us-sd",1.60371246026511
"us-tn",0.387852943984812
"us-tx",0.739879252703575
"us-ut",0.704858208206534
"us-va",0.54264262532177
"us-vt",1.23885165468558
"us-wa",1.62089267656108
"us-wi",1.74323615485867
"us-wv",0.596942203386837
"us-wy",1.07139653011538
