"JS_KEY","NAME_REGIONALITY"
"us-ak",67.3369052699235
"us-al",137.307070639473
"us-ar",103.190969726269
"us-az",70.8977880704358
"us-ca",93.3529751812065
"us-co",113.11705682965
"us-ct",107.623552012424
"us-dc",113.523695327549
"us-de",80.1753546115681
"us-fl",96.788581488446
"us-ga",107.393008763326
"us-hi",181.155791055134
"us-ia",88.9850525194604
"us-id",63.7501153409729
"us-il",122.287413377822
"us-in",65.9269849357429
"us-ks",103.105340775063
"us-ky",69.8694229432159
"us-la",163.370616666212
"us-ma",102.463494511231
"us-md",96.7039000160824
"us-me",91.3119454380058
"us-mi",95.4591570860922
"us-mn",105.517954693412
"us-mo",98.8266766726704
"us-ms",129.686058808833
"us-mt",125.885267451851
"us-nc",83.7924369220832
"us-nd",123.153631908698
"us-ne",123.681454644515
"us-nh",90.8339018704872
"us-nj",111.118087287815
"us-nm",159.642696554366
"us-nv",101.564048385291
"us-ny",110.019503445498
"us-oh",81.752716972115
"us-ok",102.772141362858
"us-or",89.8744148108331
"us-pa",94.7062986029039
"us-ri",93.4876415096065
"us-sc",88.4388651415187
"us-sd",89.8461257284249
"us-tn",97.7614337520096
"us-tx",93.892119000814
"us-ut",67.590798519302
"us-va",100.495333561391
"us-vt",149.341371523826
"us-wa",106.42328864306
"us-wi",106.646768156744
"us-wv",72.175625262127
"us-wy",105.543036213424
