"JS_KEY","NAME_REGIONALITY"
"us-ak",111.699161619179
"us-al",106.143144736579
"us-ar",83.6443280134028
"us-az",76.0500161279973
"us-ca",93.0403261382161
"us-co",121.679792682118
"us-ct",119.821283736146
"us-dc",137.377999722853
"us-de",100.853284203032
"us-fl",94.5735121716616
"us-ga",82.5678271301639
"us-hi",118.487402147104
"us-ia",87.4113259265883
"us-id",84.5847511516641
"us-il",126.297392859303
"us-in",86.887964922275
"us-ks",89.9759130012963
"us-ky",89.7069921566693
"us-la",102.94587949854
"us-ma",156.949274994041
"us-md",103.158933677647
"us-me",99.9949104642811
"us-mi",102.947034234656
"us-mn",123.224759965303
"us-mo",92.2480758644577
"us-ms",109.522748036404
"us-mt",126.284059407154
"us-nc",96.2235572034124
"us-nd",117.078715483866
"us-ne",126.704020269894
"us-nh",160.413536683174
"us-nj",121.51202384547
"us-nm",133.10262442509
"us-nv",96.8439964591719
"us-ny",103.201786477822
"us-oh",84.4122109153004
"us-ok",92.5380226461871
"us-or",97.794146154198
"us-pa",110.130677097636
"us-ri",105.989364480019
"us-sc",100.460716561144
"us-sd",99.3673242694072
"us-tn",84.9840226292084
"us-tx",76.7961718129822
"us-ut",62.2542629205989
"us-va",96.9396030501098
"us-vt",150.76195316316
"us-wa",92.042919037138
"us-wi",94.932513416305
"us-wv",82.2611447411414
"us-wy",73.289437510811
