"JS_KEY","NAME_REGIONALITY"
"us-ak",114.850899979082
"us-al",114.583504035771
"us-ar",84.748254106502
"us-az",89.1662299321324
"us-ca",74.1504572240902
"us-co",109.108199827926
"us-ct",120.07313968585
"us-dc",125.613954354325
"us-de",122.628223690555
"us-fl",91.7667693291237
"us-ga",95.6117607264982
"us-hi",117.755082541246
"us-ia",87.6242691604704
"us-id",101.090514359107
"us-il",121.980354549612
"us-in",87.8748360269991
"us-ks",100.818896588991
"us-ky",87.0344001308329
"us-la",110.112222088648
"us-ma",170.430930445766
"us-md",117.358270734814
"us-me",145.684713768169
"us-mi",94.9292305898684
"us-mn",104.325342746804
"us-mo",100.60645230646
"us-ms",113.429690883467
"us-mt",144.540082439124
"us-nc",95.0929913608519
"us-nd",86.1395632125662
"us-ne",99.3868649836416
"us-nh",154.739091741849
"us-nj",113.693530328681
"us-nm",122.956705851899
"us-nv",98.7442634700467
"us-ny",111.919225991259
"us-oh",96.5284814803346
"us-ok",79.2082508608491
"us-or",81.1442289061641
"us-pa",108.82953635946
"us-ri",106.10390635591
"us-sc",104.979413782873
"us-sd",71.2734683737314
"us-tn",95.6788176648814
"us-tx",84.9750109891097
"us-ut",66.2936709508761
"us-va",104.071189640636
"us-vt",69.454660571206
"us-wa",101.133523861864
"us-wi",91.6737197693698
"us-wv",101.179227348371
"us-wy",102.775053562629
