"JS_KEY","NAME_REGIONALITY"
"us-ak",67.7779931511275
"us-al",101.8189583212
"us-ar",92.1758869402848
"us-az",82.1586250892164
"us-ca",59.937208298821
"us-co",109.11171208654
"us-ct",155.021500817637
"us-dc",131.65711416977
"us-de",145.076525908169
"us-fl",92.9770453450413
"us-ga",109.102651742316
"us-hi",127.491492464754
"us-ia",86.3205329153605
"us-id",87.3047375160051
"us-il",130.567441735293
"us-in",82.2509386450339
"us-ks",108.800497847845
"us-ky",95.0919450919451
"us-la",139.044641740653
"us-ma",169.222941950215
"us-md",108.996172329226
"us-me",129.071033079362
"us-mi",89.0600363856883
"us-mn",84.8125511333558
"us-mo",117.150048338167
"us-ms",143.377671100443
"us-mt",178.527868387463
"us-nc",109.564520558429
"us-ne",108.60774783584
"us-nh",173.309652637231
"us-nj",134.392769392769
"us-nm",126.834429078818
"us-nv",75.022349365278
"us-ny",120.529515303628
"us-oh",96.3990333889248
"us-ok",76.535823726835
"us-or",90.2068135238559
"us-pa",159.163754123482
"us-ri",181.731560483347
"us-sc",73.290317277659
"us-sd",105.875567731238
"us-tn",76.7228302091234
"us-tx",70.2837012611449
"us-ut",43.5885782550545
"us-va",142.005769447712
"us-vt",173.839962121212
"us-wa",94.7773022059218
"us-wi",95.1100096711799
"us-wv",145.015777610819
