"JS_KEY","NAME_REGIONALITY"
"us-ak",173.429455514255
"us-al",94.2571681498031
"us-ar",97.2438616507703
"us-az",101.996530253517
"us-ca",67.0195030191756
"us-co",82.7249855748071
"us-ct",93.624321688812
"us-dc",174.015875274954
"us-de",164.406564893305
"us-fl",91.8062347080048
"us-ga",94.9548015212249
"us-hi",174.805378845724
"us-ia",115.486204075851
"us-id",99.2253801008678
"us-il",122.015086248733
"us-in",83.9996607334216
"us-ks",83.1846271951903
"us-ky",102.929634193879
"us-la",116.832711046475
"us-ma",198.285276703578
"us-md",139.169201688461
"us-me",79.1631320443472
"us-mi",92.3032200105129
"us-mn",103.52390620119
"us-mo",131.070239850633
"us-ms",72.2188138986205
"us-mt",84.4676254171733
"us-nc",77.4281573793565
"us-ne",78.5161206996667
"us-nh",115.226893697651
"us-nj",129.375367986521
"us-nm",178.937121507269
"us-nv",62.9561471102392
"us-ny",128.937457286177
"us-oh",104.856249421904
"us-ok",68.7944684143927
"us-or",103.638568755527
"us-pa",143.784331274248
"us-ri",73.8106552326942
"us-sc",89.0470669341069
"us-sd",108.085108009064
"us-tn",98.1874865377796
"us-tx",69.4339122417107
"us-ut",56.9200498256543
"us-va",141.759390418944
"us-vt",235.41642440668
"us-wa",85.0292476530857
"us-wi",117.814623495777
"us-wv",104.365161653112
