"JS_KEY","NAME_REGIONALITY"
"us-ca",263.529201908641
"us-il",276.357303831182
"us-mi",348.788083192805
"us-ny",227.333812064013
"us-oh",288.620654368191
"us-wi",572.530276118198
