"JS_KEY","NAME_REGIONALITY"
"us-ca",451.785423206214
"us-il",337.442831460182
"us-ny",551.100073465998
