"JS_KEY","NAME_REGIONALITY"
"us-ca",3.27470996706691
"us-il",1.64741392066105
"us-ma",3.00312419493222
"us-ny",2.92838902845031
"us-oh",1.92378178402043
"us-pa",1.61174213060544
"us-wi",3.65391838118122
