"JS_KEY","NAME_REGIONALITY"
"us-ca",327.470996706691
"us-il",164.741392066105
"us-ma",300.312419493222
"us-ny",292.838902845031
"us-oh",192.378178402043
"us-pa",161.174213060544
"us-wi",365.391838118122
