"JS_KEY","NAME_REGIONALITY"
"us-ca",299.382571140605
"us-il",255.289110378032
"us-me",1669.87076431141
"us-mi",225.727255717901
"us-ny",381.368446114245
"us-oh",155.097528700926
