"JS_KEY","NAME_REGIONALITY"
"us-ca",378.216747980246
"us-ct",470.910259150268
"us-dc",605.520753693245
"us-il",99.148791535702
"us-ma",144.65748791872
"us-mi",245.631033965284
"us-ny",296.53142414213
"us-pa",128.031372744429
