"JS_KEY","NAME_REGIONALITY"
"us-ca",230.939176698679
"us-ct",296.700495852449
"us-dc",353.949277866077
"us-fl",144.523920373584
"us-il",87.7822752781855
"us-la",132.036172033697
"us-ma",117.739908664603
"us-md",155.821240607222
"us-mi",136.638198787352
"us-mn",224.66094706739
"us-nh",898.866827115924
"us-nj",90.7383786848072
"us-ny",260.264227642276
"us-oh",80.4586867734841
"us-pa",49.0689571170106
"us-tx",49.8934333929483
"us-wa",201.067755358405
