"JS_KEY","NAME_REGIONALITY"
"us-ak",1.25141117964285
"us-al",0.305883150890033
"us-az",0.776898200516807
"us-ca",1.81673480518874
"us-co",0.86298677728035
"us-ct",1.00070203172512
"us-dc",2.08886793210984
"us-de",1.51164546045936
"us-fl",0.98258561978086
"us-ga",0.316084270977126
"us-hi",1.49703568529144
"us-ia",1.08083281619334
"us-id",2.44994785975439
"us-il",0.84666209940199
"us-in",0.569072868361108
"us-ks",0.790910841813223
"us-ky",0.356384926782201
"us-la",1.0386708239953
"us-ma",1.43499424187104
"us-md",0.588820730237607
"us-me",1.26322255193082
"us-mi",1.23128888435302
"us-mn",1.27794399501504
"us-mo",0.675248998661785
"us-mt",1.88469767631873
"us-nc",0.225757868584312
"us-nd",0.942092170206973
"us-ne",0.753637512300531
"us-nh",1.589068694564
"us-nj",1.3869877509618
"us-nm",0.5122903189011
"us-nv",1.71308199109873
"us-ny",1.474731367175
"us-oh",0.862798899172088
"us-ok",0.869223212746254
"us-or",1.55725583995414
"us-pa",0.794569223308916
"us-ri",1.14951728270306
"us-sc",0.300037578870581
"us-sd",1.29272045911859
"us-tn",0.273752567813349
"us-tx",0.597850435454439
"us-ut",1.7993288525883
"us-va",0.435246268831534
"us-vt",0.806693320210564
"us-wa",1.90342102950148
"us-wi",0.93279082099659
"us-wv",0.279106124615964
