"JS_KEY","NAME_REGIONALITY"
"us-ak",0.671365900095936
"us-al",0.321089300620645
"us-ar",0.405956674229202
"us-az",1.05246647562305
"us-ca",1.14985239378926
"us-co",1.05980141738114
"us-ct",1.22494631498233
"us-dc",1.34833914518139
"us-de",0.867813471398017
"us-fl",0.937520555393145
"us-ga",0.386284900442054
"us-hi",1.2967442753014
"us-ia",1.25452762098554
"us-id",0.832437753917016
"us-il",1.29816090837367
"us-in",0.942068133942673
"us-ks",0.849284770247303
"us-ky",0.381708793439316
"us-la",0.895087463103217
"us-ma",1.29910144857665
"us-md",1.09393786944623
"us-me",1.12384961676636
"us-mi",1.27250141205667
"us-mn",1.31094051790008
"us-mo",0.776846554696241
"us-ms",0.246353905471415
"us-mt",1.04612305596959
"us-nc",0.344891309610436
"us-nd",1.36721950765474
"us-ne",1.20345878431583
"us-nh",1.07138765365394
"us-nj",1.47274984422454
"us-nm",0.972794705943141
"us-nv",1.21030046634374
"us-ny",1.50671312077245
"us-oh",1.05189754780614
"us-ok",0.431980611512327
"us-or",0.929930473672297
"us-pa",1.50591666324886
"us-ri",1.19552273363547
"us-sc",0.380086639749012
"us-sd",1.31678092597662
"us-tn",0.285410884389935
"us-tx",0.508723054829332
"us-ut",0.927497987599279
"us-va",0.580332878763688
"us-vt",0.940053303390633
"us-wa",0.928964920404759
"us-wi",1.5543132434216
"us-wv",0.42652455825848
"us-wy",0.889023736052772
