"JS_KEY","NAME_REGIONALITY"
"us-ak",88.6605988717828
"us-al",27.2337031612163
"us-ar",44.3609939361303
"us-az",106.989091498488
"us-ca",104.451915422695
"us-co",108.064217451085
"us-ct",140.422196857405
"us-dc",83.382262164769
"us-de",89.5589554128148
"us-fl",106.34533361601
"us-ga",41.2862961686627
"us-hi",172.113722809831
"us-ia",126.133273925216
"us-id",91.9721503066359
"us-il",107.884989390498
"us-in",78.7914182243441
"us-ks",87.8465054368158
"us-ky",32.6967338919762
"us-la",68.9677779778146
"us-ma",138.769582727763
"us-md",95.1302747430202
"us-me",122.77041003425
"us-mi",125.234874969512
"us-mn",135.972717293562
"us-mo",84.8794390334327
"us-ms",30.7385123379688
"us-mt",126.725668488206
"us-nc",40.4246205728794
"us-nd",146.693782765022
"us-ne",120.447977674938
"us-nh",144.828485208247
"us-nj",157.451695639787
"us-nm",120.534928940578
"us-nv",127.997533379215
"us-ny",145.122932475528
"us-oh",99.6707957128579
"us-ok",53.4480047850313
"us-or",102.37739955324
"us-pa",141.00685423739
"us-ri",135.05368886341
"us-sc",43.2632251513417
"us-sd",68.8410058282095
"us-tn",27.7465531174517
"us-tx",53.1717855461509
"us-ut",118.036207110655
"us-va",65.518574577858
"us-vt",128.636654441282
"us-wa",116.534511120725
"us-wi",143.508730256646
"us-wv",49.1676561093167
"us-wy",98.3234033724903
