"JS_KEY","NAME_REGIONALITY"
"us-ak",1.00450677006176
"us-al",0.285112278830256
"us-ar",0.452225236055872
"us-az",1.22042932779518
"us-ca",0.995736705485627
"us-co",1.20640588651135
"us-ct",1.53482484157529
"us-dc",0.651993014096834
"us-de",0.97942403680289
"us-fl",1.06557222588661
"us-ga",0.442473911143698
"us-hi",1.97829848805948
"us-ia",1.26924580890878
"us-id",1.2022468659339
"us-il",1.13671085256533
"us-in",0.830961526579965
"us-ks",0.927719171151969
"us-ky",0.289963168746317
"us-la",0.628417036091602
"us-ma",1.31023893050166
"us-md",0.88202193737637
"us-me",1.2085321944042
"us-mi",1.28131658099151
"us-mn",1.41820257597942
"us-mo",0.853798879002029
"us-ms",0.282208814435964
"us-mt",1.06463320106467
"us-nc",0.365437934012253
"us-nd",1.11502048447821
"us-ne",1.18803391781493
"us-nh",1.46767557818586
"us-nj",1.54042834940292
"us-nm",1.37446824831406
"us-nv",1.40665456121814
"us-ny",1.40214898874332
"us-oh",0.932219893322488
"us-ok",0.736252060092003
"us-or",1.10676140252448
"us-pa",1.32813456417258
"us-ri",1.60722391395618
"us-sc",0.42164142146632
"us-sd",1.35537329263296
"us-tn",0.264091039858528
"us-tx",0.535645946657001
"us-ut",1.16321447348006
"us-va",0.644453762697038
"us-vt",1.24867402502168
"us-wa",1.2352355965781
"us-wi",1.44613022694244
"us-wv",0.509089269473077
"us-wy",0.746949325055278
