"JS_KEY","NAME_REGIONALITY"
"us-al",201.933199713718
"us-ga",163.9023089136
"us-il",64.6894552724858
"us-in",79.9960067251978
"us-ky",117.584939972796
"us-la",362.532080064548
"us-ma",41.4980298418369
"us-mo",126.5521257622
"us-ms",304.67082958224
"us-nc",229.052190471673
"us-nj",91.8591339980737
"us-ny",203.707938887384
"us-oh",36.6491223744909
"us-ok",166.05570355007
"us-pa",69.0088354668177
"us-sc",249.919595153591
"us-tn",177.340266713642
"us-tx",221.286886572303
"us-va",109.166420376286
