"JS_KEY","NAME_REGIONALITY"
"us-al",3.09005169819777
"us-ar",1.39698295199641
"us-ca",0.593345083841463
"us-ct",0.622725181985441
"us-fl",1.16808275189437
"us-ga",2.5780991269005
"us-il",0.695290097776524
"us-in",0.432050588300588
"us-ky",1.50939166262724
"us-la",2.10375090946887
"us-ma",0.232955905676751
"us-md",1.06772105782007
"us-mi",0.683823327568695
"us-mn",0.803166107815321
"us-mo",0.505786567042963
"us-ms",2.6256435006435
"us-nc",1.50221916684758
"us-ne",1.30560796645702
"us-nj",1.28713620051481
"us-ny",1.69057869565483
"us-oh",0.404614794890786
"us-ok",1.4835040495474
"us-pa",0.687533410031144
"us-sc",1.45544799194621
"us-tn",2.30053227214722
"us-tx",1.11721487062598
"us-va",0.85902369720544
"us-wv",1.23713746523639
