"JS_KEY","NAME_REGIONALITY"
"us-al",2.53390584305469
"us-ar",1.72038100597494
"us-ca",0.487244620530859
"us-ct",1.05254404392149
"us-fl",2.54247996712554
"us-ga",1.88613650104919
"us-ia",0.506345904657983
"us-il",0.617604392408982
"us-in",0.657216420180483
"us-ky",1.51252597424244
"us-la",2.88006749658153
"us-ma",0.437933066580585
"us-md",1.31683343247417
"us-mn",0.532541386532521
"us-mo",0.597201308855041
"us-ms",2.40371528912624
"us-nc",2.43395948072384
"us-nj",0.493170674267219
"us-ny",1.68803997817351
"us-oh",0.433496889799725
"us-ok",2.28037543662727
"us-pa",0.677886958887365
"us-sc",2.15023354254853
"us-tn",1.76504290047209
"us-tx",2.1668425675052
"us-va",0.711070915502155
"us-wi",0.622891060866647
"us-wv",0.632598026685752
