"JS_KEY","NAME_REGIONALITY"
"us-al",2.46698842613088
"us-ar",1.97744562737495
"us-fl",3.61799575173812
"us-ga",1.56354520303764
"us-ia",0.44283415336578
"us-il",0.606795092123966
"us-in",0.559882396464106
"us-ks",0.602377382737203
"us-ky",1.09348653933471
"us-la",3.41721138438239
"us-ma",0.418647580937659
"us-md",0.592827681867493
"us-mi",0.693693576332348
"us-mn",0.54267966556363
"us-mo",0.687489061858953
"us-ms",2.70233215352885
"us-nc",1.58993227568602
"us-nj",0.543971760005448
"us-ny",1.87110129437489
"us-oh",0.377650326075545
"us-ok",1.55304629314774
"us-pa",0.762866612798772
"us-sc",2.49016538248156
"us-tn",1.20900820741059
"us-tx",1.71544783996551
"us-va",1.0148137933152
"us-wi",0.501878707147884
"us-wv",0.959256746989292
