"JS_KEY","NAME_REGIONALITY"
"us-al",342.739513528713
"us-ar",223.247620805445
"us-ca",32.5029956116744
"us-ct",60.7505556802503
"us-fl",167.840475593457
"us-ga",195.029908491954
"us-ia",76.12939700712
"us-id",247.310062256375
"us-il",55.3810880302318
"us-in",38.0835891727925
"us-ks",63.6648080116598
"us-ky",114.577607817549
"us-la",293.54488816233
"us-md",47.4464761301778
"us-mi",21.0457744984824
"us-mn",57.3275312508662
"us-mo",83.4421023726219
"us-ms",180.001551144379
"us-nc",164.807488738304
"us-nd",178.53431160984
"us-ne",98.1508052157767
"us-nj",84.2740752559226
"us-ny",178.635937617334
"us-oh",45.9407002059386
"us-ok",197.187515738384
"us-or",175.138764141785
"us-pa",74.1469698170297
"us-sc",175.357382409053
"us-sd",150.245273054687
"us-tn",132.191684077521
"us-tx",163.463349999954
"us-va",96.5702834941665
"us-wv",97.5320467822469
