"JS_KEY","NAME_REGIONALITY"
"us-al",3.02870287030312
"us-ar",2.46257395826437
"us-ca",0.455401185880006
"us-ct",0.52656530249147
"us-fl",1.59848447850472
"us-ga",1.89913341101575
"us-ia",0.674013981421195
"us-il",0.648766091007595
"us-in",0.593904588440259
"us-ks",0.6288237023952
"us-ky",1.08118351997021
"us-la",2.60482530095995
"us-ma",0.313212025263461
"us-md",1.06182226092611
"us-mi",0.334172574022662
"us-mn",0.774908381581881
"us-mo",0.885601503728883
"us-ms",2.84872723370059
"us-nc",1.77639939782103
"us-nj",0.835213638462681
"us-ny",1.60555813820105
"us-oh",0.409184011265363
"us-ok",1.86881312281943
"us-pa",0.614878151649139
"us-sc",1.75187440320971
"us-tn",1.32980535102811
"us-tx",1.73170509016206
"us-va",1.37579454635197
"us-wi",1.00293181447694
"us-wv",0.431094723891887
