"JS_KEY","NAME_REGIONALITY"
"us-al",2.53873943696705
"us-ar",2.0526593842027
"us-ca",0.621553551799781
"us-co",0.823518056386378
"us-dc",3.05676489168341
"us-fl",2.40329695335583
"us-ga",2.34549834806257
"us-hi",2.84159356107062
"us-ia",0.510925267269242
"us-il",0.63292715050048
"us-in",1.02498808466069
"us-ks",1.0259165158968
"us-ky",0.388146618762874
"us-la",2.52881549387327
"us-md",0.928785609739877
"us-mi",1.19020134881428
"us-mn",0.410440961605387
"us-mo",0.958771434058865
"us-ms",2.66945549994965
"us-nc",1.52176690172508
"us-nd",1.55942700475019
"us-nj",0.791221663939657
"us-ny",0.891809015380857
"us-oh",0.560771105959215
"us-ok",1.54089859899787
"us-or",1.59691481642589
"us-pa",0.79976860100751
"us-sc",2.84620533010853
"us-tn",1.50098310788792
"us-tx",1.38487017539715
"us-va",1.41403567222969
"us-wa",0.4944823547479
"us-wi",0.45533150944524
"us-wv",0.706695368591859
