"JS_KEY","NAME_REGIONALITY"
"us-al",1.54881157238152
"us-ar",1.3363767087735
"us-az",1.8972450338394
"us-ca",1.43455879092991
"us-co",1.14994354186479
"us-ct",0.516188837648781
"us-dc",2.11028240245482
"us-de",0.985454630283068
"us-fl",1.09380364261347
"us-ga",0.890649341594119
"us-hi",3.58202635132122
"us-ia",0.816487143063591
"us-id",2.23898637854313
"us-il",1.02774528505632
"us-in",0.782571012230526
"us-ks",1.0776643634405
"us-ky",0.845885837071717
"us-la",2.4898066767593
"us-ma",0.330201797140531
"us-md",1.24478588358784
"us-me",1.17897226082577
"us-mi",0.824762865665741
"us-mn",0.362062292721662
"us-mo",0.883163459577416
"us-ms",1.67937241670878
"us-nc",1.08029046870898
"us-ne",0.763954000008544
"us-nh",0.954508237846055
"us-nj",0.580632702068836
"us-nm",1.50397808764467
"us-ny",0.747631727712295
"us-oh",0.858730362365914
"us-ok",1.39435138287653
"us-or",1.16690725210299
"us-pa",0.750676859180399
"us-ri",0.539463769121475
"us-sc",1.77915420115499
"us-sd",1.01990457484134
"us-tn",1.2606881884795
"us-tx",1.10348911112345
"us-ut",2.06770678085291
"us-va",0.692636320143858
"us-wa",1.83223561585978
"us-wi",0.558396347831332
"us-wv",0.640823390924353
