"JS_KEY","NAME_REGIONALITY"
"us-ak",2.01233209288448
"us-al",0.370097946457295
"us-ar",0.974634041984558
"us-az",1.45472781228429
"us-ca",1.21737199716297
"us-co",1.47323928565517
"us-ct",0.611952990083679
"us-dc",0.835421475735864
"us-de",0.880164825306454
"us-fl",0.6602620334174
"us-ga",0.363767439618352
"us-hi",1.67637055221344
"us-ia",1.63619563726413
"us-id",1.57123059438647
"us-il",0.924392620336782
"us-in",1.30730183927688
"us-ks",1.92871875105194
"us-ky",0.785797299128679
"us-la",0.799699877044418
"us-ma",0.482575274281166
"us-md",0.706649323148692
"us-me",1.46768583013157
"us-mi",1.33924825699143
"us-mn",1.6452241894111
"us-mo",1.2984003018246
"us-ms",0.328018360370933
"us-mt",1.39063222546522
"us-nc",0.589433004741984
"us-nd",1.61251880152757
"us-ne",1.60560956463837
"us-nh",1.39266579750042
"us-nj",0.337495868139401
"us-nm",1.22895977806726
"us-nv",1.07568525809035
"us-ny",0.61168788691067
"us-oh",1.21017922517591
"us-ok",1.14909571141003
"us-or",2.10451340839017
"us-pa",0.780135553473854
"us-ri",0.534147884028258
"us-sc",0.440396335079433
"us-sd",1.61089140365982
"us-tn",0.604689541734186
"us-tx",0.906609401631066
"us-ut",1.77213344080309
"us-va",0.71408484647241
"us-vt",1.12282429041817
"us-wa",1.81120467826182
"us-wi",1.36124915252035
"us-wv",1.0660625145675
"us-wy",1.76636205035799
