"JS_KEY","NAME_REGIONALITY"
"us-ak",1.4880218860311
"us-al",0.661386616203972
"us-ar",1.24832987909846
"us-az",1.37799386911424
"us-ca",0.98183891657738
"us-co",1.38545719201892
"us-ct",0.602890154986254
"us-dc",1.08801812194747
"us-de",0.818047270193212
"us-fl",0.741382823701851
"us-ga",0.524891858717727
"us-hi",1.52654733211055
"us-ia",1.39372149537559
"us-id",1.63128103654029
"us-il",0.985632558796705
"us-in",1.44701686699906
"us-ks",1.55346998124856
"us-ky",1.25729782148389
"us-la",0.989914312832309
"us-ma",0.559293906902383
"us-md",0.78939554188038
"us-me",1.00814536314798
"us-mi",1.25932984419833
"us-mn",1.27227284108582
"us-mo",1.2984653725466
"us-ms",0.646987789457003
"us-mt",1.66234806667304
"us-nc",0.801850684938585
"us-nd",1.48238081945496
"us-ne",1.70666153577213
"us-nh",0.701124089370337
"us-nj",0.448280782073222
"us-nm",1.43813642826219
"us-nv",1.30694320129593
"us-ny",0.570255188097118
"us-oh",1.26347077441038
"us-ok",1.35264884438522
"us-or",1.59486221513572
"us-pa",0.778403956896824
"us-ri",0.514588486310628
"us-sc",0.64141386853306
"us-sd",1.86047606846972
"us-tn",0.683919404508812
"us-tx",1.11139212482403
"us-ut",1.17471928498089
"us-va",0.85213829965411
"us-vt",0.863176312103892
"us-wa",1.55468850165455
"us-wi",1.30418708122263
"us-wv",1.24945985777853
"us-wy",1.32453315993862
