"JS_KEY","NAME_REGIONALITY"
"us-ak",150.157237430398
"us-al",74.1361768136702
"us-ar",156.433137811347
"us-az",122.910784200685
"us-ca",93.4561902558007
"us-co",141.073996087974
"us-ct",49.5359104976267
"us-dc",127.925719668964
"us-de",91.5823629774984
"us-fl",80.3360000356873
"us-ga",68.9048792502391
"us-hi",147.904065536701
"us-ia",153.6389723349
"us-id",154.036469608024
"us-il",91.6153945006503
"us-in",149.473506403449
"us-ks",176.721411354082
"us-ky",132.954236612368
"us-la",118.934982415828
"us-ma",43.97825049653
"us-md",88.7267590113832
"us-me",96.8251067765804
"us-mi",119.070825215529
"us-mn",131.293181677405
"us-mo",132.043722657363
"us-ms",74.4228590177962
"us-mt",156.899394397169
"us-nc",107.782139972594
"us-nd",207.615484217271
"us-ne",160.49289006088
"us-nh",73.7013414315433
"us-nj",41.2042152359835
"us-nm",131.357781994126
"us-nv",101.139466051381
"us-ny",62.0588181134213
"us-oh",129.171006611772
"us-ok",125.704482589951
"us-or",123.300524240694
"us-pa",85.6406231415551
"us-ri",54.0283070063261
"us-sc",61.5164954538042
"us-sd",126.736004214383
"us-tn",88.7115891010494
"us-tx",125.353508238863
"us-ut",125.227064590825
"us-va",97.2098288905718
"us-vt",88.4161067495011
"us-wa",119.041042692234
"us-wi",123.823673390055
"us-wv",131.003365410991
"us-wy",145.370135987459
