"JS_KEY","NAME_REGIONALITY"
"us-ak",0.905459173822575
"us-al",1.08756428337371
"us-ar",1.36655886512067
"us-az",1.16006677654642
"us-ca",0.889760964679956
"us-co",1.03767973162077
"us-ct",0.55571942783975
"us-dc",1.31626528480932
"us-de",0.745213371531488
"us-fl",0.777853293463344
"us-ga",0.864429928592298
"us-hi",1.47905111547971
"us-ia",1.11388281798056
"us-id",1.00240975863187
"us-il",0.890070211010667
"us-in",1.48814173927183
"us-ks",1.42500765908408
"us-ky",1.43098132569903
"us-la",1.3495861122073
"us-ma",0.471071123939782
"us-md",0.844469900767994
"us-me",1.1856815304107
"us-mi",1.26232619069049
"us-mn",1.29066554314274
"us-mo",1.23375133793919
"us-ms",1.02651128879864
"us-mt",1.36197111258679
"us-nc",1.11921899561808
"us-nd",1.67878589059526
"us-ne",1.37867586071112
"us-nh",0.578607377915523
"us-nj",0.486296005269155
"us-nm",1.66105632393323
"us-nv",0.992738204782638
"us-ny",0.601096568420761
"us-oh",1.21867291942367
"us-ok",1.51827900845725
"us-or",1.15294382091626
"us-pa",0.788998765451729
"us-ri",0.624831264511112
"us-sc",0.9720965399656
"us-sd",1.34378784472093
"us-tn",1.10526648143471
"us-tx",1.3011478075282
"us-ut",1.15378154000507
"us-va",1.11804333105281
"us-vt",0.878712628778174
"us-wa",1.19172306462259
"us-wi",1.20335487751586
"us-wv",1.30902489128577
"us-wy",1.16800717222074
