"JS_KEY","NAME_REGIONALITY"
"us-ak",104.556694662483
"us-al",96.4020781809846
"us-ar",134.648304878762
"us-az",112.78566542548
"us-ca",99.714686914332
"us-co",97.7239477295187
"us-ct",69.1769338326035
"us-dc",125.471689816818
"us-de",84.3152337315438
"us-fl",79.4307852452808
"us-ga",88.4353036137753
"us-hi",157.001501416914
"us-ia",131.814227369673
"us-id",93.7533589671669
"us-il",83.107881341914
"us-in",133.060497653881
"us-ks",123.434051435298
"us-ky",139.073808605546
"us-la",138.763914008505
"us-ma",54.7866518749122
"us-md",90.1316774556679
"us-me",63.1094495906207
"us-mi",119.175088099036
"us-mn",117.500267293818
"us-mo",113.60082149458
"us-ms",108.054265342941
"us-mt",132.467978383757
"us-nc",112.78891011679
"us-nd",131.377717464155
"us-ne",93.6946388110303
"us-nh",85.9673506010876
"us-nj",53.0216845765369
"us-nm",120.152376642783
"us-nv",91.207070574508
"us-ny",71.1755615985136
"us-oh",116.306077398149
"us-ok",125.669104161638
"us-or",109.704098502137
"us-pa",100.288580210904
"us-ri",68.5698929913566
"us-sc",83.8147110190203
"us-sd",123.702492917565
"us-tn",101.489307001642
"us-tx",126.952180608629
"us-ut",111.614965936655
"us-va",96.5709416689121
"us-vt",121.145978778922
"us-wa",100.120171161673
"us-wi",124.330569961688
"us-wv",114.536012949538
"us-wy",115.471866634167
