"JS_KEY","NAME_REGIONALITY"
"us-ak",46.4187872793214
"us-al",59.922056192042
"us-ar",79.2378814332242
"us-az",123.857473599771
"us-ca",152.691124333164
"us-co",92.9832748468644
"us-ct",60.1279627970485
"us-dc",91.3587902986644
"us-de",171.164875703719
"us-fl",94.896429217738
"us-ga",82.3926359127133
"us-hi",113.445915462824
"us-ia",61.3678707036356
"us-id",82.3741380881823
"us-il",91.2135435211352
"us-in",87.1145654615341
"us-ks",117.056588699517
"us-ky",80.4639995211658
"us-la",75.6045397775917
"us-ma",54.3493308115155
"us-md",103.079723311709
"us-me",53.2415996831639
"us-mi",80.0431525186282
"us-mn",65.0974768943881
"us-mo",68.7154848242538
"us-ms",49.262551422755
"us-mt",77.5856873097229
"us-nc",89.4641452226824
"us-nd",99.7856095972673
"us-ne",89.1681052084988
"us-nh",31.6691663055383
"us-nj",81.6360185712631
"us-nm",104.967106913038
"us-nv",127.888495565477
"us-ny",94.2760126904141
"us-oh",75.9860030260748
"us-ok",87.3384847764235
"us-or",97.1759607964
"us-pa",70.3623623649788
"us-ri",80.1689076679112
"us-sc",63.665825804004
"us-sd",81.0596733086657
"us-tn",82.1517603920869
"us-tx",136.706471381068
"us-ut",82.5662598768011
"us-va",81.6277324265323
"us-vt",53.651851735517
"us-wa",72.1904979768006
"us-wi",125.216892115881
"us-wv",74.3323024766854
"us-wy",80.6355771672035
