"JS_KEY","NAME_REGIONALITY"
"us-al",0.545049150241352
"us-ar",0.891659022144972
"us-az",1.4980565920398
"us-ca",1.56738743374976
"us-co",1.15134039023842
"us-ct",1.03522523050477
"us-dc",1.86734496124031
"us-fl",0.726565193036884
"us-ga",0.477193938193344
"us-ia",2.31721622488243
"us-id",1.53069399055919
"us-il",1.20751875475351
"us-in",1.09433096868885
"us-ks",1.58478618421053
"us-ky",1.17379088702247
"us-la",0.658256403858949
"us-ma",0.634105182009627
"us-md",0.59538746227495
"us-me",2.10320867287544
"us-mi",1.48053100627331
"us-mn",1.98261316872428
"us-mo",1.62984862110312
"us-ms",0.259231676058543
"us-mt",1.25462239583333
"us-nc",1.04792385565977
"us-nd",0.977627840909091
"us-ne",1.36160570090439
"us-nh",2.06711241418764
"us-nj",0.749028296019901
"us-nm",1.42621373593843
"us-ny",0.661898085585585
"us-oh",1.35299372887295
"us-ok",1.42341214705507
"us-or",0.904232357357357
"us-pa",0.75413783160323
"us-ri",1.4307097496345
"us-sc",0.486266332672686
"us-sd",1.71234552712161
"us-tn",1.14082000780031
"us-tx",1.28636933125205
"us-ut",1.25686680083482
"us-va",1.03880226921247
"us-vt",1.70118290960452
"us-wa",1.52881139624724
"us-wi",1.10531564535228
"us-wv",0.977627840909091
"us-wy",2.88142942583732
