"JS_KEY","NAME_REGIONALITY"
"us-al",45.0930055579799
"us-ar",122.027801945517
"us-az",97.6306110901547
"us-ca",108.478456766838
"us-co",92.9881830333114
"us-ct",103.563963145357
"us-dc",79.6533030990497
"us-de",65.0118288877793
"us-fl",85.8521191355783
"us-ga",51.0610459938823
"us-hi",95.8990995701383
"us-ia",192.297104955561
"us-id",100.24105523695
"us-il",138.4386379594
"us-in",134.835115060572
"us-ks",160.513949571845
"us-ky",105.489009527152
"us-la",54.619510649642
"us-ma",88.799526139919
"us-md",66.272014290066
"us-me",171.281773842377
"us-mi",106.450885155036
"us-mn",207.313607046556
"us-mo",162.411236932423
"us-ms",28.4453059181415
"us-mt",67.897652258153
"us-nc",68.9157254754033
"us-nd",229.576180355076
"us-ne",183.957440087397
"us-nh",167.499698137199
"us-nj",64.8440518200368
"us-nm",76.7859423866956
"us-ny",75.5538133572295
"us-oh",111.874722419938
"us-ok",156.385684732646
"us-or",121.690293252902
"us-pa",63.922558924147
"us-ri",118.63972993234
"us-sc",48.7746599950814
"us-sd",192.366814097819
"us-tn",82.688737146814
"us-tx",114.41226465448
"us-ut",130.881067466088
"us-va",75.0671795123978
"us-vt",168.136618179181
"us-wa",88.0247370115169
"us-wi",240.122333185702
"us-wv",93.5116457419953
