"JS_KEY","NAME_REGIONALITY"
"us-al",0.528488048023431
"us-ar",1.18101053261899
"us-az",1.02512639948344
"us-ca",1.06291786959958
"us-co",1.09004462580826
"us-ct",1.01157350414776
"us-dc",0.753992900967769
"us-de",0.763238825852127
"us-fl",0.616099507124276
"us-ga",0.496819053095285
"us-hi",1.04134524433334
"us-ia",1.74377994551091
"us-id",0.947907206525523
"us-il",1.40505484891079
"us-in",0.998492300286729
"us-ks",1.50900694348634
"us-ky",1.05720038033042
"us-la",0.691990037501074
"us-ma",0.943805894907333
"us-md",0.762590282379582
"us-me",1.45941512051383
"us-mi",1.21459630803146
"us-mn",1.85768829060259
"us-mo",1.28502169333897
"us-ms",0.330021438741312
"us-mt",1.15835673650258
"us-nc",0.580270883739687
"us-nd",2.11821122215436
"us-ne",1.43982549438311
"us-nh",2.03975895466716
"us-nj",0.739686513764083
"us-nm",1.04280099257798
"us-nv",1.40139392881242
"us-ny",0.788633902996152
"us-oh",0.979353171958624
"us-ok",1.47214291253785
"us-or",1.13861059898338
"us-pa",0.740139500901929
"us-ri",1.979120634045
"us-sc",0.422491633713291
"us-sd",1.85042865810983
"us-tn",0.765708199373766
"us-tx",1.10582241116182
"us-ut",0.937048364857231
"us-va",0.790388067070084
"us-vt",1.98650725756816
"us-wa",1.03197902693362
"us-wi",2.04536997509863
"us-wv",0.866925875358187
"us-wy",0.686984168863343
