"JS_KEY","NAME_REGIONALITY"
"us-al",51.1391053661449
"us-ar",100.590828762807
"us-az",82.1168943721119
"us-ca",100.855048621984
"us-co",128.47457537619
"us-ct",122.749143172621
"us-dc",99.1730377058887
"us-de",73.520823339039
"us-fl",59.2768017123298
"us-ga",49.3605938474314
"us-hi",92.7126226781908
"us-ia",156.224609810012
"us-id",75.929739729945
"us-il",131.989748184066
"us-in",111.486808113806
"us-ks",165.830206651993
"us-ky",106.347397513046
"us-la",69.0351946189879
"us-ma",106.374404135504
"us-md",74.6021963839993
"us-me",176.380111436558
"us-mi",116.41988388932
"us-mn",186.984514720421
"us-mo",126.372395624748
"us-ms",36.5970878992858
"us-mt",108.00819284507
"us-nc",60.9137246446481
"us-nd",198.434459062352
"us-ne",140.913289926945
"us-nh",210.085935163919
"us-nj",76.0551293110613
"us-nm",101.996374297965
"us-ny",85.701045655263
"us-oh",94.7591970523994
"us-ok",146.494120892216
"us-or",119.635676628765
"us-pa",71.3472700957703
"us-ri",221.759363250513
"us-sc",37.3288291802083
"us-sd",210.237943277233
"us-tn",76.1360921113581
"us-tx",105.626074034737
"us-ut",79.0213736845023
"us-va",73.9624841519507
"us-vt",228.896309101757
"us-wa",70.9190775707385
"us-wi",218.87127246417
"us-wv",83.7604478306791
"us-wy",131.020530029745
