"JS_KEY","NAME_REGIONALITY"
"us-al",0.520970834275709
"us-ar",1.17683758893674
"us-az",1.36930420297895
"us-ca",1.73064198790792
"us-co",0.731689908490109
"us-ct",0.950936815082958
"us-dc",1.22433587950693
"us-de",0.725756996066852
"us-fl",0.978489192314489
"us-ga",0.570147980641644
"us-hi",1.779650432363
"us-ia",0.580836142277899
"us-id",0.594637989731211
"us-il",0.874598940056518
"us-in",0.540137119192611
"us-ks",0.595438379539803
"us-ky",0.622448478847915
"us-la",1.05008739426652
"us-ma",0.641939364660155
"us-md",0.885145672494951
"us-mi",0.971067529501385
"us-mn",0.557752148649181
"us-mo",0.797209691309618
"us-ms",0.720459499745196
"us-mt",1.4359541177923
"us-nc",0.510366256761489
"us-ne",0.708073428502597
"us-nh",0.971107685297084
"us-nj",0.937419440452041
"us-nm",1.70793309012235
"us-nv",1.03083497763828
"us-ny",1.30587868554555
"us-oh",0.929242891325732
"us-ok",0.834503109069749
"us-or",0.65338358239899
"us-pa",1.13708951705975
"us-ri",1.30233060960885
"us-sc",0.82391652729745
"us-sd",1.32690288526185
"us-tn",0.565613698756023
"us-tx",0.975792816090359
"us-ut",0.674151065535652
"us-va",0.695966015719716
"us-vt",1.41976822851032
"us-wa",1.00381852625971
"us-wi",0.804380670640761
"us-wv",0.762602900342722
