"JS_KEY","NAME_REGIONALITY"
"us-ak",1.69272218369414
"us-al",0.417655995715656
"us-ar",0.75304328067959
"us-az",1.45699073864949
"us-ca",1.36362970547176
"us-co",0.932377016642992
"us-ct",1.09679716876797
"us-de",2.14684091320395
"us-fl",0.873074848166276
"us-ga",0.833872627169731
"us-hi",1.45810913491788
"us-ia",1.30818291617535
"us-il",0.868407832989045
"us-in",0.678897834863256
"us-ks",0.651141143691455
"us-ky",0.66345397966008
"us-la",0.946712942941734
"us-ma",0.62107989167644
"us-md",0.971194137029115
"us-me",1.69575791214409
"us-mi",1.16662163397161
"us-mn",1.1886127027074
"us-mo",1.27244079656889
"us-nc",0.522011710390799
"us-ne",0.650169571904083
"us-nh",0.948590100131969
"us-nj",1.13682550262885
"us-nm",1.71420342968011
"us-nv",1.2746329819183
"us-ny",1.096187014521
"us-oh",1.09901740595171
"us-ok",1.04936282974397
"us-or",1.05882210667288
"us-pa",1.58224197869763
"us-ri",1.03588366762878
"us-sc",0.392615114834449
"us-tn",0.58781214211833
"us-tx",0.855155204926333
"us-ut",0.652041220311881
"us-va",0.772377844378771
"us-wa",0.931856323850937
"us-wi",1.39256938411126
"us-wv",0.880186122450862
