"JS_KEY","NAME_REGIONALITY"
"us-al",102.563180459682
"us-ar",172.109621177685
"us-az",286.500615597707
"us-ca",89.1000901683284
"us-co",91.6913448751416
"us-ct",57.3250145718088
"us-fl",221.213202588775
"us-ga",90.8964609899264
"us-ia",131.207739044796
"us-id",370.0306583787
"us-il",78.9247509236267
"us-in",100.059787851109
"us-ks",108.361129532192
"us-ky",45.1395272092517
"us-la",66.0912438452273
"us-ma",65.6303794320618
"us-md",111.806517675987
"us-mi",93.9080717442886
"us-mn",124.110148170077
"us-mo",67.980862133238
"us-ms",130.086766001121
"us-mt",352.463097073461
"us-nc",92.7351957444159
"us-nd",207.107795256558
"us-ne",161.772430512353
"us-nh",270.525181517638
"us-nj",51.4053409939564
"us-ny",63.0223579162923
"us-oh",93.6262476749029
"us-ok",123.775329600714
"us-or",159.954161871883
"us-pa",143.588353001385
"us-tn",129.998521664425
"us-tx",106.53567024567
"us-ut",489.585726619849
"us-va",118.96225290717
"us-wa",126.840979016512
"us-wi",157.849501847253
"us-wv",71.6796216970689
