"JS_KEY","NAME_REGIONALITY"
"us-al",0.548902612113229
"us-ar",0.804244376069779
"us-az",2.66081202019575
"us-ca",1.35743070137884
"us-fl",0.84293577680951
"us-ga",1.2253449432671
"us-ia",1.28826865745688
"us-id",5.12026529291723
"us-il",1.09024971448348
"us-in",0.992706777020763
"us-ks",1.52670181261341
"us-ky",0.543086239412567
"us-la",1.11386466930683
"us-ma",0.921928068691933
"us-mi",0.894614246665691
"us-mn",1.87525214947685
"us-mo",1.14268116701967
"us-ms",1.10180829889592
"us-mt",2.12328176898781
"us-nc",0.657967629400051
"us-ne",1.39912164939164
"us-nj",0.956391052485504
"us-ny",0.871458259626267
"us-oh",1.32070081998313
"us-ok",1.1310436766444
"us-or",1.90401824962751
"us-pa",1.23794963510509
"us-sc",0.556673226586167
"us-tn",0.469152925771088
"us-tx",0.755815248324897
"us-ut",5.15669155389375
"us-va",0.598138900993657
"us-wa",1.68795777011898
"us-wi",1.78342198476315
"us-wv",0.73338792250273
