"JS_KEY","NAME_REGIONALITY"
"us-al",0.560169573623097
"us-ar",1.03216344522326
"us-ca",1.16909894181386
"us-co",1.18982605848404
"us-ct",0.744171504507745
"us-fl",0.845004224960493
"us-ga",1.10080428759841
"us-ia",1.32260972184954
"us-id",2.94959846969677
"us-il",1.07850964453198
"us-in",1.12678177063329
"us-ks",1.1220140467399
"us-ky",0.602491565417139
"us-la",1.27643505833847
"us-ma",1.58551895622258
"us-md",0.62632194674944
"us-mi",0.889560512150019
"us-mn",1.8346003316119
"us-mo",0.63811607739096
"us-ms",0.907345082050362
"us-mt",1.99976130154469
"us-nc",0.493116206983347
"us-ne",1.17648796814749
"us-nj",1.19308321184297
"us-ny",1.20119717262158
"us-oh",0.912983487027728
"us-ok",0.746506355022556
"us-or",1.16668390174626
"us-pa",1.19844964967045
"us-sd",3.26120303244033
"us-tn",0.530260571778552
"us-tx",0.51475918015674
"us-ut",7.01798963489916
"us-va",0.720490348389953
"us-wa",1.51258321258936
"us-wi",1.35258495616793
"us-wv",0.692253633665834
