"JS_KEY","NAME_REGIONALITY"
"us-ak",1.00493212251249
"us-al",0.282007299808552
"us-ar",0.361501696516114
"us-az",1.0116883657433
"us-ca",1.30560763362403
"us-co",1.42476051274858
"us-ct",1.26018031575995
"us-dc",0.813881540993544
"us-de",0.624755897132136
"us-fl",0.626784129273817
"us-ga",0.364450136298452
"us-hi",0.96060749641016
"us-ia",1.71442865369363
"us-id",1.40970071664585
"us-il",1.15750245337544
"us-in",1.43897717889652
"us-ks",1.42369888021001
"us-ky",0.529595182574832
"us-la",0.550201291676997
"us-ma",1.06137980319759
"us-md",0.785003309253132
"us-me",1.23715800999946
"us-mi",1.43228920661408
"us-mn",1.99328720889773
"us-mo",1.14368251674916
"us-ms",0.263051520667143
"us-mt",1.3021431191651
"us-nc",0.299097399872357
"us-nd",1.67251760759832
"us-ne",1.19638628268653
"us-nh",0.966829265616836
"us-nj",0.754104355649452
"us-nm",0.957316054414649
"us-nv",1.73997808154574
"us-ny",0.985510877965428
"us-oh",1.20021551739793
"us-ok",1.00581037437498
"us-or",1.40180531052978
"us-pa",0.785183947011824
"us-ri",0.679249101621211
"us-sc",0.2281061553783
"us-sd",1.49613129116624
"us-tn",0.345447063981823
"us-tx",0.740755171384869
"us-ut",1.62541763838167
"us-va",0.493327767741647
"us-vt",1.10323988057905
"us-wa",1.42532360648037
"us-wi",1.60206816423811
"us-wv",0.712088803049736
"us-wy",1.31024956118458
