"JS_KEY","NAME_REGIONALITY"
"us-ak",63.1944324232487
"us-al",54.3212715816817
"us-ar",103.582032718137
"us-az",101.995073614743
"us-ca",107.18450476265
"us-co",77.1001143408505
"us-ct",121.016878160154
"us-dc",162.729683491928
"us-de",127.522962337642
"us-fl",97.8332862036635
"us-ga",73.3895301154849
"us-hi",104.007027558899
"us-ia",51.6488595218009
"us-id",77.1341316685807
"us-il",103.149621955367
"us-in",87.3975577368688
"us-ks",67.1259944404203
"us-ky",82.2778772798154
"us-la",117.842981091844
"us-ma",101.048962519478
"us-md",122.878063045206
"us-me",68.1617539166828
"us-mi",93.6004818843387
"us-mn",84.9442677300592
"us-mo",88.6300114045055
"us-ms",79.9790422736351
"us-mt",89.4444274298289
"us-nc",80.7780044528558
"us-nd",72.1633513679725
"us-ne",62.0384367081892
"us-nh",75.7563220813899
"us-nj",117.067386658987
"us-nm",86.3759665212421
"us-nv",73.1844628553692
"us-ny",102.937935072758
"us-oh",99.1617441077311
"us-ok",87.5236913675232
"us-or",66.341043166315
"us-pa",120.930976680358
"us-ri",101.068071111143
"us-sc",85.4491400427828
"us-sd",102.3370203053
"us-tn",70.0224378376155
"us-tx",149.391409253593
"us-ut",92.7161763087163
"us-va",89.6265077221745
"us-vt",57.408227659181
"us-wa",69.7827138587553
"us-wi",78.6178756927751
"us-wv",82.5125997062545
"us-wy",137.710520267717
