"JS_KEY","NAME_REGIONALITY"
"us-ak",1.24208413015922
"us-al",0.74636445489388
"us-ar",1.36367256104397
"us-az",1.19903231883196
"us-ca",0.896260368195744
"us-co",0.840722614571962
"us-ct",1.0769763113251
"us-dc",1.10582927303694
"us-de",0.99698981618954
"us-fl",0.842031865467175
"us-ga",0.86667126399828
"us-hi",1.8983088924417
"us-ia",0.847441343761109
"us-id",0.692276027297807
"us-il",0.929615446826952
"us-in",0.905836566560593
"us-ks",0.913849404947434
"us-ky",1.06321384165027
"us-la",0.841353961343751
"us-ma",0.894559977034204
"us-md",1.06481130269112
"us-me",0.909740953219168
"us-mi",1.05980131663676
"us-mn",0.740121702968352
"us-mo",1.0413898434517
"us-ms",1.00133638793433
"us-mt",1.36319217717162
"us-nc",0.735636366792412
"us-nd",1.61644907478041
"us-ne",0.621975298173291
"us-nh",0.7940083467215
"us-nj",1.10701797157983
"us-nm",1.27112288008501
"us-nv",1.01550870841866
"us-ny",1.24832252442401
"us-oh",1.09389346049783
"us-ok",0.981804702884281
"us-or",0.998753719905537
"us-pa",1.2425418025272
"us-ri",1.04074104998453
"us-sc",0.888817322570422
"us-sd",0.866183768405046
"us-tn",0.846206824521092
"us-tx",1.23096715392196
"us-ut",0.655261030456621
"us-va",0.903599140071068
"us-wa",1.15913816412705
"us-wi",0.847274393141771
"us-wv",1.15544619579109
