"JS_KEY","NAME_REGIONALITY"
"us-ga",3.65427815138074
"us-la",6.2428022697512
"us-ma",1.36207096544524
"us-nc",7.11154380059703
"us-ny",1.66613220038714
"us-sc",7.76928683241544
"us-tx",2.51392282246072
"us-va",6.96741324749018
