"JS_KEY","NAME_REGIONALITY"
"us-al",292.172836573029
"us-ga",672.826373145859
"us-la",758.010843106134
"us-nc",479.314156770679
"us-ny",140.914411328798
"us-pa",98.9535115091887
"us-sc",557.383638320571
"us-tn",294.427440943559
"us-tx",287.977815151943
