"JS_KEY","NAME_REGIONALITY"
"us-ga",8.82109115408762
"us-nc",8.85809312638581
"us-ny",1.87036298409906
"us-sc",10.9917658922287
"us-tx",3.88643636212518
