"JS_KEY","NAME_REGIONALITY"
"us-ga",397.305058566949
"us-la",877.577179203346
"us-ms",723.942978069603
"us-nc",473.998364504582
"us-ny",179.360242759413
"us-sc",637.643272779335
"us-tx",233.29820962509
"us-va",535.075064872058
