"JS_KEY","NAME_REGIONALITY"
"us-la",6.61065148737949
"us-md",6.39866277825785
"us-nc",7.9406563148867
"us-ny",2.27442805762197
"us-pa",1.18792012147737
"us-sc",6.60815636388053
"us-va",6.2060280066532
