"JS_KEY","NAME_REGIONALITY"
"us-ca",190.580016480874
"us-fl",313.775103078206
"us-la",301.030822722685
"us-md",284.783147484037
"us-nc",331.137166787377
"us-ny",388.116091017475
"us-oh",90.7858906279235
"us-pa",75.2780972062148
"us-sc",359.98879915353
"us-tx",133.454281313335
"us-va",290.303357117179
