"JS_KEY","NAME_REGIONALITY"
"us-ca",2.06852590687291
"us-ct",1.42291038773476
"us-dc",2.34867545734881
"us-fl",1.61805986521305
"us-ga",1.2217032777308
"us-il",0.437670652630456
"us-ma",2.12681549258245
"us-md",1.45194311997223
"us-mi",1.14098049482198
"us-nj",1.81954137090809
"us-ny",3.63261679992728
"us-oh",0.571432946222587
"us-pa",1.03820262840769
"us-tx",0.778765895385811
