"JS_KEY","NAME_REGIONALITY"
"us-ak",117.943936239935
"us-al",131.99310361396
"us-ar",139.004370367856
"us-az",97.0246055761789
"us-ca",78.3675569544662
"us-co",114.816419456622
"us-ct",61.6082988526655
"us-dc",52.2270427504266
"us-de",85.1277464741376
"us-fl",97.6319105342375
"us-ga",124.076604705167
"us-hi",124.321006026052
"us-ia",127.220730693842
"us-id",121.995919102958
"us-il",80.0381623309047
"us-in",141.364919850505
"us-ks",127.467142193847
"us-ky",149.157468431857
"us-la",138.002022395467
"us-ma",69.8721226960519
"us-md",73.6023321328672
"us-me",129.727380946738
"us-mi",91.5649812958903
"us-mn",101.297425018424
"us-mo",114.012800897766
"us-ms",113.993244162043
"us-mt",112.801063688868
"us-nc",136.897775764832
"us-nd",136.283184930398
"us-ne",111.607955364573
"us-nh",107.767461143565
"us-nj",38.4271171530593
"us-nm",119.982073276899
"us-nv",108.517910785753
"us-ny",59.5541673679521
"us-oh",114.169561374757
"us-ok",145.650751319681
"us-or",111.131993040895
"us-pa",90.4598241862588
"us-ri",81.9734191435109
"us-sc",115.827962157207
"us-sd",144.686679810474
"us-tn",152.414185794432
"us-tx",98.5911193462519
"us-ut",116.030867375117
"us-va",97.3360272028863
"us-vt",132.825405895964
"us-wa",110.683830641109
"us-wi",108.588964966588
"us-wv",166.645144587928
"us-wy",121.831159690088
