"JS_KEY","NAME_REGIONALITY"
"us-ak",107.281777309813
"us-al",145.07882091911
"us-ar",129.109069175966
"us-az",100.62188867433
"us-ca",77.4701355198026
"us-co",103.943364304417
"us-ct",66.4940202106365
"us-dc",56.4204873586057
"us-de",96.8863313783777
"us-fl",108.791404665204
"us-ga",131.290736481562
"us-hi",150.052102194451
"us-ia",110.859746064512
"us-id",117.701456368156
"us-il",74.4772189872871
"us-in",126.621296651025
"us-ks",129.494034267592
"us-ky",147.0783519329
"us-la",146.611918100598
"us-ma",70.8810113969939
"us-md",88.833511121641
"us-me",140.213595606257
"us-mi",106.60819215618
"us-mn",88.0907393446398
"us-mo",110.645879015351
"us-ms",129.187694424065
"us-mt",97.595999879027
"us-nc",143.585511820509
"us-nd",117.165944367246
"us-ne",118.035552071808
"us-nh",94.1564722043615
"us-nj",47.9083653867083
"us-nm",107.135014220181
"us-nv",116.274500091943
"us-ny",67.5946381276651
"us-oh",114.349473580729
"us-ok",140.948282558588
"us-or",99.5443510882618
"us-pa",86.4649654888914
"us-ri",86.1158574114024
"us-sc",133.040176154992
"us-sd",113.192802686937
"us-tn",143.893186210673
"us-tx",109.601640240852
"us-ut",121.88549312649
"us-va",109.655605166982
"us-vt",136.116521324008
"us-wa",98.5185585571877
"us-wi",99.3923440289176
"us-wv",158.169917823836
"us-wy",99.2337975571489
