"JS_KEY","NAME_REGIONALITY"
"us-ak",1.01648924956344
"us-al",1.37098678934193
"us-ar",1.31351746716712
"us-az",1.01251614658554
"us-ca",0.775348455432776
"us-co",1.15638884728258
"us-ct",0.653058960988779
"us-dc",0.626250457192278
"us-de",0.887562574033976
"us-fl",1.09536256704166
"us-ga",1.23977851486994
"us-hi",1.45847415268571
"us-ia",1.01824019587648
"us-id",1.15361025913155
"us-il",0.788265619329742
"us-in",1.16943544940548
"us-ks",1.14599766320111
"us-ky",1.29956306679802
"us-la",1.42543163463754
"us-ma",0.725499613147271
"us-md",0.923654934705353
"us-me",1.20430441283995
"us-mi",1.11044937509321
"us-mn",0.917902565153325
"us-mo",1.06834853697246
"us-ms",1.15567766102964
"us-mt",0.975944699580855
"us-nc",1.42368774609486
"us-nd",1.1048786429624
"us-ne",1.12955681148824
"us-nh",1.0497319988843
"us-nj",0.554179065854843
"us-nm",1.30401395234378
"us-nv",1.14566726629286
"us-ny",0.729778863321264
"us-oh",1.10156113582779
"us-ok",1.36756652223709
"us-or",1.0180354563451
"us-pa",0.941456282790325
"us-ri",0.870847687225837
"us-sc",1.28900308981892
"us-sd",1.02023153283392
"us-tn",1.3468040295427
"us-tx",1.11815970942371
"us-ut",1.42364028213062
"us-va",1.12453559180421
"us-vt",1.13822649720169
"us-wa",1.10071165993451
"us-wi",0.91383577271462
"us-wv",1.43337620197863
"us-wy",1.42525180245324
