"JS_KEY","NAME_REGIONALITY"
"us-ak",0.755317090504626
"us-al",1.05893452815235
"us-ar",1.22531409245053
"us-az",0.943399274838856
"us-ca",0.94057538786153
"us-co",0.9938917091452
"us-ct",0.974778407046254
"us-dc",0.803755903917423
"us-de",0.835947677846932
"us-fl",1.20297820336097
"us-ga",1.24936790532898
"us-hi",1.34348733939686
"us-ia",0.818349911176428
"us-id",1.0179727857985
"us-il",0.883315979824303
"us-in",1.05175403802801
"us-ks",0.718509065623151
"us-ky",0.963898853027585
"us-la",1.10320884718743
"us-ma",0.900994062506146
"us-md",1.16695310300011
"us-me",1.11875039213882
"us-mi",0.849233587191928
"us-mn",0.678372995108318
"us-mo",0.853042822553869
"us-ms",1.00439577454403
"us-mt",0.722877442261499
"us-nc",1.10569595247899
"us-nd",0.72212444492581
"us-ne",0.826658266404255
"us-nh",0.792667548792537
"us-nj",1.04180378376929
"us-nm",1.49227451558644
"us-nv",1.04101588500984
"us-ny",0.984764548467128
"us-oh",0.82697277946514
"us-ok",1.01788219867629
"us-or",0.806092403638113
"us-pa",0.952876805861988
"us-ri",0.925690683109643
"us-sc",1.23179403009385
"us-sd",0.771981589230264
"us-tn",1.09029164851052
"us-tx",1.1777643228909
"us-ut",0.874839140280566
"us-va",1.00995062429043
"us-wa",0.792244469549218
"us-wi",0.719374177955567
"us-wv",0.99686921576337
