"JS_KEY","NAME_REGIONALITY"
"us-ny",1.74222958453944
"us-sc",45.4951507782789
