"JS_KEY","NAME_REGIONALITY"
"us-il",3.3290617964671
"us-in",5.66646827257174
"us-ny",2.36681588643189
"us-sc",22.998773909299
