"JS_KEY","NAME_REGIONALITY"
"us-la",11.9200570824814
"us-ny",1.84559433713331
"us-sc",14.9364764139994
"us-tx",10.4135686091598
