"JS_KEY","NAME_REGIONALITY"
"us-ca",630.675982532751
"us-nc",532.957564715706
"us-ny",224.5214968846
"us-sc",1651.73951828724
"us-tx",325.031597368506
