"JS_KEY","NAME_REGIONALITY"
"us-ak",72.2418142724386
"us-al",62.6284690726414
"us-ar",114.271613720573
"us-az",96.090149387987
"us-ca",112.034329811891
"us-co",123.257315518645
"us-ct",108.191247057766
"us-dc",71.5099276666321
"us-de",70.8138299755862
"us-fl",70.9384208630573
"us-ga",68.489650288654
"us-hi",137.961230507905
"us-ia",119.625812071444
"us-id",139.307831024852
"us-il",100.043692019565
"us-in",108.688049888114
"us-ks",115.773139343065
"us-ky",124.836904395848
"us-la",71.9704118677784
"us-ma",63.9597640531197
"us-md",83.5174734325424
"us-me",100.586376319708
"us-mi",125.163118996252
"us-mn",121.95638377029
"us-mo",134.796624325544
"us-ms",43.310567934075
"us-mt",128.599428951453
"us-nc",73.5479701907147
"us-nd",129.504588556056
"us-ne",122.246641666293
"us-nh",110.493993323975
"us-nj",79.7610449102724
"us-nm",77.0235105641475
"us-nv",122.356657798159
"us-ny",86.5416557180734
"us-oh",115.251028212017
"us-ok",155.904795737728
"us-or",133.59739749853
"us-pa",85.5551037020271
"us-ri",74.2859450372377
"us-sc",27.2394327655636
"us-sd",132.337244206853
"us-tn",102.223587057103
"us-tx",106.844459099685
"us-ut",119.33966630153
"us-va",83.0385547825962
"us-vt",142.13318757487
"us-wa",123.635259856023
"us-wi",128.144623313192
"us-wv",131.864744182204
"us-wy",114.375368726857
