"JS_KEY","NAME_REGIONALITY"
"us-ak",0.924398666184491
"us-al",0.697943353781778
"us-ar",1.25060181971758
"us-az",0.825017334828713
"us-ca",1.10953909939775
"us-co",1.11639500701761
"us-ct",1.10123214105406
"us-dc",0.701997956830624
"us-de",0.774504053839828
"us-fl",0.814654186218353
"us-ga",0.680772661472752
"us-hi",1.07301227506029
"us-ia",1.1973452491176
"us-id",1.15594202148204
"us-il",0.982026768288235
"us-in",1.1071353225863
"us-ks",1.24056521680002
"us-ky",1.31876908848714
"us-la",0.731784046545186
"us-ma",0.648072043852156
"us-md",0.895132257168302
"us-me",1.14143500920237
"us-mi",1.21323379971628
"us-mn",1.21609154501855
"us-mo",1.28416627617942
"us-ms",0.403135013786127
"us-mt",1.21673352943843
"us-nc",0.855443603706108
"us-nd",1.25935990430502
"us-ne",1.10151049731164
"us-nh",1.05931383746441
"us-nj",0.841655100701948
"us-nm",0.801415050397083
"us-nv",1.32775178341079
"us-ny",0.87103152196401
"us-oh",1.07776046166876
"us-ok",1.48568691732649
"us-or",1.32932340669113
"us-pa",0.877940028111654
"us-ri",0.601352845943904
"us-sc",0.346583408398818
"us-sd",1.27314157626357
"us-tn",1.14649091146239
"us-tx",1.10146117752011
"us-ut",1.14110579653559
"us-va",0.901491989013193
"us-vt",1.43954139915013
"us-wa",1.101861583857
"us-wi",1.26588654462461
"us-wv",1.15526291582793
"us-wy",1.22824094658049
