"JS_KEY","NAME_REGIONALITY"
"us-ak",1.0514972196809
"us-al",1.05361443711251
"us-ar",1.35542714788284
"us-az",1.07184129309408
"us-ca",1.00081277575075
"us-co",1.20591262843594
"us-ct",0.957160672841927
"us-dc",0.718023915270398
"us-de",0.739155992799843
"us-fl",0.855612369023925
"us-ga",1.02887082211439
"us-hi",1.06015557996419
"us-ia",1.2201051600728
"us-id",1.52625996737912
"us-il",0.798152759552572
"us-in",1.05743954624569
"us-ks",1.25004603716488
"us-ky",1.42909897450392
"us-la",0.825868682031705
"us-ma",0.807175905471015
"us-md",0.949265631254342
"us-me",0.990984118894631
"us-mi",1.04868027188029
"us-mn",0.911433579545994
"us-mo",1.28276633765419
"us-ms",0.917183474924637
"us-mt",1.2118102597097
"us-nc",1.01135163000342
"us-nd",1.18001318029454
"us-ne",1.17995646525175
"us-nh",1.12690667825199
"us-nj",0.836058818524014
"us-nm",1.2672920563684
"us-nv",1.27669917917551
"us-ny",0.760904433097496
"us-oh",1.0867638803902
"us-ok",1.7313356765926
"us-or",1.46967287327527
"us-pa",0.88115069258868
"us-ri",0.895889582521259
"us-sc",0.723435556022447
"us-sd",1.04842618420248
"us-tn",1.23210911822333
"us-tx",1.18105287243488
"us-ut",1.60795753021438
"us-va",0.960854539626917
"us-vt",1.27312917282772
"us-wa",1.22970461189406
"us-wi",0.921818461006665
"us-wv",1.08373855563811
"us-wy",1.08469105520005
