"JS_KEY","NAME_REGIONALITY"
"us-ak",110.798517163887
"us-al",118.520599765373
"us-ar",144.018092964603
"us-az",99.1590613405511
"us-ca",85.821602832794
"us-co",82.1525150999436
"us-ct",81.138311939882
"us-dc",84.0581502027234
"us-de",138.866688622115
"us-fl",102.945239453189
"us-ga",138.59469929075
"us-hi",136.896056620259
"us-ia",82.3426459798332
"us-id",90.9104617212033
"us-il",73.4476726591748
"us-in",86.782867643653
"us-ks",115.206332974852
"us-ky",163.230453095472
"us-la",117.562096975375
"us-ma",65.0085903662426
"us-md",102.047210032588
"us-me",86.2962258589896
"us-mi",106.717809632663
"us-mn",69.4491846177443
"us-mo",119.979671051515
"us-ms",134.330761552013
"us-mt",77.980632766477
"us-nc",135.456168749522
"us-nd",52.4483433006942
"us-ne",70.0692054047778
"us-nh",65.5701202462116
"us-nj",87.6524905886051
"us-nm",84.641887356909
"us-nv",91.1547625924729
"us-ny",77.6308693809307
"us-oh",109.916967469803
"us-ok",140.53766738837
"us-or",86.1735234667578
"us-pa",97.695354981315
"us-ri",76.9139301167145
"us-sc",97.8392649101411
"us-sd",88.7015890949418
"us-tn",141.017484438804
"us-tx",109.710732874769
"us-ut",95.8171045480224
"us-va",121.675606242115
"us-vt",43.685609976302
"us-wa",86.2873828654615
"us-wi",63.1729263603641
"us-wv",206.119602029666
"us-wy",138.931385249094
