"JS_KEY","NAME_REGIONALITY"
"us-ak",1.18403764463504
"us-al",1.25884758093213
"us-ar",1.65156155283574
"us-az",0.931000084994342
"us-ca",0.871916621117177
"us-co",0.634209573461996
"us-ct",0.764591276878247
"us-dc",1.03246460234264
"us-de",1.50090161681096
"us-fl",1.15940677220181
"us-ga",1.02200987905441
"us-hi",1.27433359917781
"us-ia",0.656319403431455
"us-id",0.494647089288002
"us-il",0.725258862245481
"us-in",0.870182436256659
"us-ks",0.750922349353511
"us-ky",1.64562646602463
"us-la",1.52570093525044
"us-ma",0.566892698571927
"us-md",1.19864962003262
"us-me",0.64397957098633
"us-mi",1.10409709899478
"us-mn",0.483663179112726
"us-mo",1.01415142241854
"us-ms",1.49533851911454
"us-mt",1.08951273460067
"us-nc",1.11428603707491
"us-nd",0.279221260685697
"us-ne",0.528667439568298
"us-nh",0.763010699757716
"us-nj",1.19487569603992
"us-nm",1.17431889744839
"us-nv",0.829862852814616
"us-ny",1.02787820671689
"us-oh",1.07215025377467
"us-ok",1.16169148692142
"us-or",0.818878321073186
"us-pa",1.02559876384336
"us-ri",0.667817260260836
"us-sc",1.0703984760989
"us-sd",0.897931007005577
"us-tn",1.4789821495553
"us-tx",1.12287073226064
"us-ut",0.782174608979784
"us-va",1.26752562778719
"us-vt",0.707859582049318
"us-wa",0.652425831922949
"us-wi",0.691350261984507
"us-wv",1.54936590150679
"us-wy",0.678163418076358
