"JS_KEY","NAME_REGIONALITY"
"us-ak",4.27721718783881
"us-al",1.40712628111669
"us-ar",1.52224845604848
"us-az",1.17810062677117
"us-ca",0.640404978305613
"us-co",0.807756346123017
"us-fl",0.992749343199128
"us-ga",1.85009478698256
"us-il",0.585151175638047
"us-in",1.516825851948
"us-ks",2.22118393659135
"us-ky",2.32121609816067
"us-la",2.02631753582179
"us-ma",1.11282020832569
"us-md",1.0517315065413
"us-mi",1.41496885504645
"us-mo",1.40301319219266
"us-ms",1.92203809435685
"us-nc",0.725468487856159
"us-nj",0.800213725998915
"us-nv",1.20779168998421
"us-ny",1.09879364177338
"us-oh",1.45415260795542
"us-ok",2.78413694440873
"us-or",1.00329785887577
"us-pa",1.13493110408129
"us-sc",1.19048486530285
"us-tn",1.48529996340095
"us-tx",0.761435263509428
"us-ut",0.898688603447965
"us-va",1.09781194493097
"us-wa",0.504565780412246
"us-wi",0.985259183969798
"us-wv",2.66889433910151
