"JS_KEY","NAME_REGIONALITY"
"us-il",3.40392233694481
"us-ma",6.23653963505833
"us-ny",5.99449040700898
