"JS_KEY","NAME_REGIONALITY"
"us-il",268.650784392201
"us-ma",367.137951755515
"us-nj",347.142045454545
"us-ny",456.472312476687
"us-pa",155.981341133391
