"JS_KEY","NAME_REGIONALITY"
"us-ca",357.271675665101
"us-il",136.584685972696
"us-ma",387.488135813889
"us-ms",384.019130707385
"us-nj",254.762305907162
"us-ny",432.568187826495
"us-oh",165.226179008392
