"JS_KEY","NAME_REGIONALITY"
"us-ca",2.91539680424127
"us-ct",3.18736116777732
"us-il",1.92068402685297
"us-ma",7.21355205017896
"us-nj",1.82719143150167
"us-ny",3.88718134777689
"us-oh",1.07555440825673
"us-pa",0.425983735552011
