"JS_KEY","NAME_REGIONALITY"
"us-ak",74.4963036522123
"us-al",7.15488947296449
"us-ar",17.5788037767169
"us-az",62.7271547101512
"us-ca",90.7086256120089
"us-co",83.3448387534181
"us-ct",179.306721906607
"us-dc",138.290697915224
"us-de",135.143533162957
"us-fl",45.2624249197018
"us-ga",14.4775543368478
"us-hi",77.941192482635
"us-ia",161.74918250788
"us-id",188.578908553384
"us-il",119.567717322736
"us-in",109.377134157912
"us-ks",95.8501848648263
"us-ky",38.2352981032647
"us-la",48.0184912935703
"us-ma",227.487607186631
"us-md",92.2766536698466
"us-me",77.421436888019
"us-mi",87.1521268587314
"us-mn",200.442511345847
"us-mo",104.588406605323
"us-ms",5.48342929090942
"us-mt",69.6684053843495
"us-nc",14.9592187326502
"us-nd",166.824892141056
"us-ne",99.2381297678133
"us-nh",133.406718360146
"us-nj",185.616563320862
"us-nm",38.3156977468828
"us-nv",42.2012453605257
"us-ny",200.305233328834
"us-oh",90.9885415297951
"us-ok",40.6386008887399
"us-or",81.8537139614079
"us-pa",87.8692609256215
"us-ri",162.04832234343
"us-sc",14.0466651224198
"us-sd",138.161652291028
"us-tn",16.3307399447371
"us-tx",26.0973040547375
"us-ut",322.833549494515
"us-va",49.2787290353046
"us-vt",140.622725281114
"us-wa",117.555334382728
"us-wi",96.3621056424108
"us-wv",28.7363565815257
"us-wy",102.700268315566
