"JS_KEY","NAME_REGIONALITY"
"us-ak",0.649762142887106
"us-al",0.104653539497043
"us-ar",0.165961910242342
"us-az",0.651570426635669
"us-ca",0.918210958097715
"us-co",0.791680462606361
"us-ct",1.39536850986827
"us-dc",1.29647452882178
"us-de",1.04427913141955
"us-fl",0.412016912023606
"us-ga",0.165106889194368
"us-hi",0.877625430278681
"us-ia",1.92343303299777
"us-id",1.49993731014898
"us-il",1.28645690165293
"us-in",1.273301200781
"us-ks",1.06875659864463
"us-ky",0.468333105572754
"us-la",0.69133129672574
"us-ma",1.88968018381417
"us-md",0.822301919629638
"us-me",0.994262575401607
"us-mi",1.10650225333695
"us-mn",1.77916766766922
"us-mo",1.07907218904197
"us-ms",0.15711423323755
"us-mt",0.67894184696363
"us-nc",0.225693457444316
"us-nd",1.48363104360677
"us-ne",1.07157239821619
"us-nh",1.68748162246423
"us-nj",1.54131984895199
"us-nm",0.446932226432212
"us-nv",0.779525824291575
"us-ny",1.6678067531347
"us-oh",0.953159091658346
"us-ok",0.542674376254007
"us-or",0.760742069489368
"us-pa",1.08236434337433
"us-ri",1.41480979023935
"us-sc",0.174057344009392
"us-sd",1.42369275204943
"us-tn",0.257847341740549
"us-tx",0.357546200847733
"us-ut",3.20966343616485
"us-va",0.448105422946954
"us-vt",1.5893445487985
"us-wa",1.14111310423405
"us-wi",0.922427266161687
"us-wv",0.419155548112172
"us-wy",0.864725512751149
