"JS_KEY","NAME_REGIONALITY"
"us-ak",0.650314522796144
"us-al",0.600643605961718
"us-ar",0.73361128770155
"us-az",0.914583291395502
"us-ca",1.46685467125299
"us-co",0.697593676784873
"us-ct",1.22319476065629
"us-dc",1.90747550319581
"us-de",1.08264724841974
"us-fl",1.12805800509021
"us-ga",0.789504930720772
"us-hi",1.41815335969573
"us-ia",0.47835231570931
"us-id",0.436570030889172
"us-il",1.10869750876506
"us-in",0.559251745758179
"us-ks",0.734731304934682
"us-ky",0.534477103170213
"us-la",0.936321225270819
"us-ma",1.17668807734871
"us-md",1.25591992215005
"us-me",0.690471834455618
"us-mi",0.788084061125418
"us-mn",0.605170666677239
"us-mo",0.625232839732441
"us-ms",0.679007830915467
"us-mt",0.586783796338367
"us-nc",0.756267410458928
"us-nd",0.297044366781709
"us-ne",0.601937466832041
"us-nh",0.651510385467802
"us-nj",1.49879421800782
"us-nm",0.866646866076385
"us-nv",0.90777719985705
"us-ny",1.39132791566936
"us-oh",0.746869052289079
"us-ok",0.707442779770353
"us-or",0.743026544023494
"us-pa",0.995953785769808
"us-ri",1.26007332589931
"us-sc",0.70008267294353
"us-sd",0.255178807948
"us-tn",0.534293272331133
"us-tx",0.970632929077332
"us-ut",0.627513264184891
"us-va",0.89976584970094
"us-vt",0.487385632928636
"us-wa",0.822193369750748
"us-wi",0.643772770505484
"us-wv",0.496730436675262
"us-wy",0.382626916900987
