"JS_KEY","NAME_REGIONALITY"
"us-ak",119.632211337633
"us-al",57.9995644988309
"us-ar",109.656046072294
"us-az",105.427998391913
"us-ca",128.741540142937
"us-co",91.110913782513
"us-ct",64.1294522531002
"us-dc",122.678592493513
"us-de",148.543329077561
"us-fl",111.873082355295
"us-ga",85.4779218531609
"us-ia",56.3961113785996
"us-id",55.9880627854177
"us-il",111.637431859586
"us-in",73.9123683039698
"us-ks",95.7156519458884
"us-ky",70.0351625202563
"us-la",114.264099290432
"us-ma",132.90718917466
"us-md",132.813258744956
"us-me",82.2791931586888
"us-mi",66.5706506356967
"us-mn",68.3076796315559
"us-mo",59.5074945014814
"us-ms",76.7417909344844
"us-mt",97.6341130087258
"us-nc",91.499259489547
"us-nd",85.2880358340066
"us-ne",100.944971152283
"us-nh",50.3963796700802
"us-nj",116.808602545334
"us-nm",129.316071132814
"us-nv",110.715524778307
"us-ny",109.53786872571
"us-oh",80.9841936882373
"us-ok",136.871252797344
"us-or",74.2716645387807
"us-pa",90.4067598781439
"us-ri",82.7395392599124
"us-sc",90.8557511707492
"us-sd",106.920648179222
"us-tn",55.177385190101
"us-tx",121.743663873705
"us-ut",61.0404527612674
"us-va",70.0289812969019
"us-wa",88.6495063499061
"us-wi",51.9023097049896
"us-wv",62.3394954817307
