"JS_KEY","NAME_REGIONALITY"
"us-ar",1467.68122485839
"us-ga",611.388844557932
"us-ma",303.846599983939
"us-ny",116.148638969296
"us-oh",224.217776060963
"us-or",2327.03127491401
"us-sc",866.574300538645
