"JS_KEY","NAME_REGIONALITY"
"us-ca",298.254126142057
"us-ga",470.686627906977
"us-ma",685.481440086703
"us-mo",364.455482806805
"us-nc",315.552307452448
"us-ny",218.71298865778
"us-sc",553.065019456104
