"JS_KEY","NAME_REGIONALITY"
"us-ca",2.98254126142057
"us-ga",4.70686627906977
"us-ma",6.85481440086703
"us-mo",3.64455482806805
"us-nc",3.15552307452448
"us-ny",2.1871298865778
"us-sc",5.53065019456104
