"JS_KEY","NAME_REGIONALITY"
"us-ca",2.9671783235491
"us-ma",4.81821544924726
"us-ms",5.35590170190567
"us-nc",3.7185142897226
"us-ny",2.67835738503178
"us-pa",1.58860385842574
"us-va",4.28908120636641
