"JS_KEY","NAME_REGIONALITY"
"us-al",117.184166282063
"us-ar",143.489975535605
"us-az",90.8800282326369
"us-ca",135.012823642661
"us-co",84.8871366915317
"us-ct",124.488476471004
"us-dc",59.2213638633567
"us-fl",93.4573686875873
"us-ga",104.91115528274
"us-hi",1225.9468259106
"us-ia",131.502277105894
"us-id",239.249547807535
"us-il",75.2821527889451
"us-in",82.4894577048932
"us-ks",113.410330737562
"us-ky",67.5313655533267
"us-la",187.781121149856
"us-ma",75.3409393475654
"us-md",61.1322711603911
"us-me",90.9859027376407
"us-mi",77.0502150819311
"us-mn",130.394898175845
"us-mo",76.4690312560933
"us-ms",77.7622445128198
"us-mt",284.517392577131
"us-nc",94.3814068232205
"us-nd",319.634910308007
"us-ne",78.609759421169
"us-nh",105.233051066879
"us-nj",56.8318116659105
"us-nm",218.480704292116
"us-nv",318.242112980838
"us-ny",89.8435083969791
"us-oh",64.890924348167
"us-ok",146.038821079227
"us-or",240.146130142934
"us-pa",52.444312381642
"us-sd",179.908633077603
"us-tn",93.0621432138462
"us-tx",145.755595593418
"us-ut",175.530325635448
"us-va",72.4208101917596
"us-vt",172.907207444134
"us-wa",138.628227542673
"us-wi",70.2266582377247
"us-wv",57.6973234219934
"us-wy",249.900085632901
