"JS_KEY","NAME_REGIONALITY"
"us-ak",85.2071540493712
"us-al",99.3858374817784
"us-ar",102.592017276779
"us-az",90.5860758385187
"us-ca",92.4965739054318
"us-co",95.0361989821603
"us-ct",100.840500533853
"us-dc",76.5201346147916
"us-de",100.658839344593
"us-fl",111.977611743387
"us-ga",98.6087412778774
"us-hi",125.685249419848
"us-ia",95.808071076683
"us-id",91.1946837933811
"us-il",99.2992164429324
"us-in",97.9408584880224
"us-ks",94.5067126530201
"us-ky",104.177260305633
"us-la",91.9526304102131
"us-ma",86.3305479511857
"us-md",109.953649408501
"us-me",116.586056015468
"us-mi",111.845695609566
"us-mn",83.2043738806669
"us-mo",93.7825531587741
"us-ms",90.0068788159052
"us-mt",81.2062680340864
"us-nc",100.797241183258
"us-nd",93.1581803314793
"us-ne",97.9003965919709
"us-nh",110.029273670817
"us-nj",92.9280900086428
"us-nm",100.09324641528
"us-nv",125.401312509561
"us-ny",112.56597095685
"us-oh",100.469757562169
"us-ok",100.403014953997
"us-or",97.6238342988638
"us-pa",110.067157565531
"us-ri",112.628793405039
"us-sc",107.835078763257
"us-sd",114.704391136074
"us-tn",92.567027142515
"us-tx",93.6093439981038
"us-ut",96.2649295899962
"us-va",107.117953727205
"us-vt",99.6155087680503
"us-wa",101.359921289405
"us-wi",102.052797315908
"us-wv",116.008148985121
"us-wy",88.3789730804675
