"JS_KEY","NAME_REGIONALITY"
"us-ak",112.649179403106
"us-al",73.7529103382762
"us-ar",81.8960491347917
"us-az",80.4485572159213
"us-ca",104.948059368096
"us-co",82.0876186906988
"us-ct",115.615224427691
"us-dc",125.335883102873
"us-de",122.74224346372
"us-fl",110.749153061491
"us-ga",90.4649716865626
"us-hi",191.926700494776
"us-ia",64.7323918445136
"us-id",70.1532222562545
"us-il",78.6915428075817
"us-in",99.1451201253617
"us-ks",97.7502321628445
"us-ky",83.2655634071952
"us-la",100.635096396363
"us-ma",122.762841255877
"us-md",122.708277437958
"us-me",106.823301279238
"us-mi",92.113712056692
"us-mn",67.106411745788
"us-mo",92.2350983492078
"us-ms",88.5196803245907
"us-mt",68.7137509492799
"us-nc",95.873778032231
"us-nd",50.2458558338458
"us-ne",70.5628977779203
"us-nh",97.564792549334
"us-nj",115.255222757768
"us-nm",98.9483056263878
"us-nv",90.9323512541978
"us-ny",138.592509265908
"us-oh",93.7110564889607
"us-ok",89.5640415289874
"us-or",68.4827882797426
"us-pa",110.21971353419
"us-ri",128.453691140258
"us-sc",90.3019040043765
"us-sd",50.7004259581579
"us-tn",91.0996013340321
"us-tx",94.8487426326347
"us-ut",79.7812033037989
"us-va",111.386013509739
"us-vt",108.41391955733
"us-wa",85.3158189592534
"us-wi",64.5927277720387
"us-wv",134.765400586135
"us-wy",106.251818597498
