"JS_KEY","NAME_REGIONALITY"
"us-ca",1992.60941370768
"us-tx",915.131786865558
