"JS_KEY","NAME_REGIONALITY"
"us-ca",6.41181421766843
"us-il",3.16624138747952
"us-mi",6.24841480875435
"us-ny",1.98205083049088
"us-ut",37.0323323635356
