"JS_KEY","NAME_REGIONALITY"
"us-ca",3.8526690251185
"us-il",3.49622177509501
"us-in",3.77858048927816
"us-mi",1.55598670726126
"us-ny",1.48410167748526
"us-oh",1.33158308522384
"us-or",20.0746519853948
"us-tx",1.75978772629475
"us-wa",9.65345679012346
