"JS_KEY","NAME_REGIONALITY"
"us-ca",630.460140002796
"us-fl",454.14729749429
"us-il",173.642945614233
"us-in",405.761437633937
"us-mi",260.106641214057
"us-mn",407.294331694899
"us-ny",96.1378694112359
"us-oh",127.153897608187
"us-tx",147.353134388494
"us-wa",587.101547395532
"us-wi",201.509528340669
