"JS_KEY","NAME_REGIONALITY"
"us-ak",1.01288783207324
"us-al",0.654339698472131
"us-ar",1.14789465368981
"us-az",0.843609058584689
"us-ca",1.06452511133909
"us-co",1.23874158024756
"us-ct",0.912527754065395
"us-dc",1.09682403800174
"us-de",1.13446236160206
"us-fl",1.14524687318005
"us-ga",0.555455236792716
"us-hi",1.73146525918972
"us-ia",0.974675119720917
"us-id",1.19880958054674
"us-il",1.09481335382004
"us-in",1.22556209779631
"us-ks",1.29867210250395
"us-ky",1.24106316412933
"us-la",0.854764093652197
"us-ma",0.574007782235092
"us-md",1.50585862869261
"us-me",1.37984005257167
"us-mi",1.19391131066689
"us-mn",1.01649334524978
"us-mo",1.44701448669829
"us-ms",0.347886415148353
"us-mt",1.21044916726396
"us-nc",0.523765715529597
"us-nd",1.31365208768672
"us-ne",1.22366063055067
"us-nh",0.842625358807816
"us-nj",0.784484369793579
"us-nm",0.904012720590446
"us-nv",1.15426067477971
"us-ny",0.839804185969022
"us-oh",1.09245944401457
"us-ok",1.59300501092239
"us-or",1.32557357766983
"us-pa",0.845058918918587
"us-ri",0.735694222198975
"us-sc",0.321240435407679
"us-sd",1.02948257749511
"us-tn",0.840742301360096
"us-tx",1.13275034774136
"us-ut",0.973635551784619
"us-va",0.857216274111848
"us-vt",0.775824514881863
"us-wa",1.11998788971694
"us-wi",1.13819652926884
"us-wv",1.74325521145162
"us-wy",0.965786497064617
