"JS_KEY","NAME_REGIONALITY"
"us-ak",99.0897947803397
"us-al",143.341009349962
"us-ar",148.126144234623
"us-az",85.7172796919873
"us-ca",79.8827701564687
"us-co",110.290875943403
"us-ct",93.0854904977734
"us-dc",156.333373388311
"us-de",150.844023832706
"us-fl",115.976603751058
"us-ga",117.166987071348
"us-hi",115.072019744911
"us-ia",75.8200107918912
"us-id",51.333802633457
"us-il",100.700681894243
"us-in",86.5559873919641
"us-ks",90.5725396927059
"us-ky",137.524140770881
"us-la",122.086882236819
"us-ma",66.5305555527082
"us-md",155.247590402825
"us-me",76.4074781878574
"us-mi",93.1148709971976
"us-mn",81.0819166896908
"us-mo",105.403031384999
"us-ms",91.131271936975
"us-mt",81.500435297956
"us-nc",144.604564945541
"us-nd",73.2284910709643
"us-ne",91.0136417429218
"us-nh",70.1467613934337
"us-nj",98.58493709503
"us-nm",82.2337745559634
"us-nv",99.0897947803397
"us-ny",78.1102137998327
"us-oh",93.352161678249
"us-ok",117.429360197664
"us-or",88.9660696170233
"us-pa",94.7998083070558
"us-ri",71.2157855822196
"us-sc",129.984251600951
"us-sd",71.6738209007964
"us-tn",147.055115910872
"us-tx",123.14634115735
"us-ut",65.2359963237876
"us-va",146.93617731564
"us-vt",76.3498062041143
"us-wa",72.1039233227878
"us-wi",83.7709352765053
"us-wv",114.700578183828
"us-wy",72.9077953746777
