"JS_KEY","NAME_REGIONALITY"
"us-al",188.116900987108
"us-ar",67.1337035271784
"us-az",132.841693605612
"us-ca",94.6698886278807
"us-co",75.003637333
"us-ct",101.631761898524
"us-dc",135.028330095696
"us-de",165.373965396316
"us-fl",114.238834282661
"us-ga",125.193820076871
"us-hi",281.458233305946
"us-ia",50.6207060925383
"us-il",109.40336654806
"us-in",62.805393625826
"us-ks",63.5677210679884
"us-ky",72.0380235278825
"us-la",140.207916689655
"us-ma",89.9452576721205
"us-md",97.3671701132223
"us-me",83.8163658764745
"us-mi",58.6145409357252
"us-mn",39.4984055533592
"us-mo",61.1296270321909
"us-ms",217.357788880647
"us-nc",171.214228820676
"us-ne",29.1251038302861
"us-nh",83.0818011709992
"us-nj",166.928713297477
"us-nm",178.558303448583
"us-nv",64.0057925299954
"us-ny",129.79199199156
"us-oh",77.3579427347817
"us-ok",58.5840423344391
"us-or",65.7364768942306
"us-pa",110.865725780726
"us-ri",55.1866227868228
"us-sc",183.878874196928
"us-tn",117.924923326408
"us-tx",96.675293362515
"us-ut",83.870197839144
"us-va",163.402059298321
"us-wa",76.7179900828165
"us-wi",54.6725101792807
"us-wv",71.6998420463433
