"JS_KEY","NAME_REGIONALITY"
"us-al",63.0422504962991
"us-az",121.837037488481
"us-ca",158.077286193508
"us-co",84.3249444559593
"us-ct",109.59245601524
"us-fl",114.089277648423
"us-ga",102.212053886011
"us-il",114.327387211771
"us-in",105.179500611734
"us-ks",92.3762905919783
"us-ky",109.162284749422
"us-la",121.019246224337
"us-ma",50.6612298755531
"us-md",141.153697563148
"us-mi",78.3387199640567
"us-mo",56.2739837909916
"us-nc",84.4567512169251
"us-nj",126.040391636722
"us-nv",138.60054388429
"us-ny",187.10609700162
"us-oh",79.5079197072605
"us-ok",76.5019183252015
"us-or",73.20871093988
"us-pa",90.2875745263435
"us-sc",86.1617544063581
"us-tn",95.6750329739522
"us-tx",80.5942058398091
"us-ut",159.957772160735
"us-va",79.3360541919025
"us-wa",42.1775177158688
"us-wi",64.8916271911415
