"JS_KEY","NAME_REGIONALITY"
"us-al",219.652059955607
"us-ca",159.003363394118
"us-de",594.097207013855
"us-fl",95.6564893421818
"us-ga",149.902245845777
"us-il",67.43277452721
"us-in",110.504411821282
"us-ky",134.974633068174
"us-ma",103.204949365025
"us-md",108.901866371086
"us-mi",81.7488488064223
"us-nc",150.300820704231
"us-nj",163.838560031101
"us-ny",170.634410870218
"us-oh",63.006058051488
"us-ok",169.096522893055
"us-or",203.159814438566
"us-pa",73.2980839107382
"us-tn",83.2895818173817
"us-tx",107.005222086599
"us-va",114.257360513387
"us-wa",120.355013709493
