"JS_KEY","NAME_REGIONALITY"
"us-ca",167.381147015452
"us-fl",195.54010720221
"us-il",64.5641802293751
"us-in",235.45961363931
"us-md",268.622056561354
"us-mi",97.2664074466832
"us-mo",179.367901234568
"us-nc",97.9003261367618
"us-nj",96.781241673328
"us-ny",189.589531713624
"us-oh",139.431861804223
"us-pa",147.2423069836
"us-tx",121.389918240104
"us-va",108.751759034702
"us-wa",120.055264688773
