"JS_KEY","NAME_REGIONALITY"
"us-ct",5.49407001938648
"us-il",4.13234749995795
"us-ma",4.23063225680554
"us-nj",3.41284349511506
"us-ny",2.15373484295106
"us-pa",1.73784251379407
