"JS_KEY","NAME_REGIONALITY"
"us-il",5.05643161874782
"us-ma",1.59040925202328
"us-mi",4.61105707177463
"us-nj",2.79054958552552
"us-ny",1.59364098271546
"us-oh",1.47820937589014
"us-pa",1.51862712298034
