"JS_KEY","NAME_REGIONALITY"
"us-ct",3.99816814985694
"us-il",3.79793045465803
"us-ma",1.63774626976468
"us-mi",3.71528072479876
"us-nj",2.78174482202098
"us-ny",1.94616379669051
"us-oh",0.770693305988903
"us-pa",1.65729890431152
"us-wi",0.998591421794941
