"JS_KEY","NAME_REGIONALITY"
"us-ct",3.5086531063342
"us-il",3.51332377671105
"us-ma",2.34902582107556
"us-mi",2.68388287087435
"us-mn",1.81425248660666
"us-nj",3.69042281879195
"us-ny",2.55405207687415
"us-oh",0.57558531704909
"us-pa",1.18444124810782
