"JS_KEY","NAME_REGIONALITY"
"us-ca",164.808619407847
"us-ct",349.210815217568
"us-il",451.797640265461
"us-ma",201.196244717892
"us-mi",266.246614353593
"us-nj",424.661504311179
"us-ny",125.049308010332
"us-oh",142.405413280883
"us-pa",102.12767588059
