"JS_KEY","NAME_REGIONALITY"
"us-ca",2.61610575272877
"us-il",1.81621021703697
"us-ma",3.28704569513056
"us-mi",1.73593297021875
"us-nj",2.89006910673151
"us-ny",3.51381118413128
"us-pa",2.41013874066169
