"JS_KEY","NAME_REGIONALITY"
"us-ca",4.49113855032184
"us-ct",3.89831380438288
"us-il",1.57666919769506
"us-ma",1.84570668237193
"us-mi",1.20812961863793
"us-ny",3.85935411585064
"us-oh",1.36646539487007
"us-pa",1.25560647911628
"us-tx",0.963052202436099
