"JS_KEY","NAME_REGIONALITY"
"us-ca",276.723318524239
"us-co",289.449813903604
"us-il",155.705121579634
"us-in",90.3108794362931
"us-ma",209.640919498174
"us-mi",135.043415471806
"us-mo",115.314403766735
"us-nj",148.072773724813
"us-ny",335.616421970062
"us-oh",98.8117651936506
"us-or",454.442170192121
"us-pa",141.089047016882
"us-tx",63.6142431035949
