"JS_KEY","NAME_REGIONALITY"
"us-al",29.9563873029371
"us-az",63.6838825512952
"us-ca",216.047727370904
"us-co",81.2349395537725
"us-ct",76.61870417736
"us-dc",123.069469900288
"us-de",123.756781244447
"us-fl",104.595276794881
"us-ga",28.3003192753974
"us-hi",496.994270132651
"us-ia",92.365234038316
"us-id",107.220338473252
"us-il",89.1032570556994
"us-in",82.6123266135497
"us-ks",129.718246360042
"us-ky",39.2163980294983
"us-la",85.8289092984481
"us-ma",101.965855142587
"us-md",141.999716085206
"us-me",156.183483885705
"us-mi",77.120508168276
"us-mn",116.980451738546
"us-mo",93.60532681475
"us-ms",29.3293506966925
"us-mt",91.8446881602389
"us-nc",35.519899995035
"us-nd",57.4959570276626
"us-ne",136.803739635822
"us-nh",101.300390269736
"us-nj",97.1494657559747
"us-nm",53.643519264145
"us-ny",157.771952259758
"us-oh",117.741391042486
"us-ok",76.6541774419451
"us-or",99.7622064695452
"us-pa",110.623437469981
"us-ri",96.4418061144184
"us-sc",29.7911912496308
"us-sd",79.4154632851387
"us-tn",36.2576226703233
"us-tx",66.9078538844003
"us-ut",174.161993874503
"us-va",54.4020614411548
"us-wa",144.618600313516
"us-wi",55.7471630755541
"us-wv",70.6738863930808
