"JS_KEY","NAME_REGIONALITY"
"us-ak",0.773159285938862
"us-al",1.20504902309797
"us-ar",1.33986928279026
"us-az",1.27678245665957
"us-ca",1.24854312880221
"us-co",1.43544072071615
"us-ct",0.635230043851002
"us-dc",1.13218463719119
"us-de",0.954204885442239
"us-fl",1.29704220597601
"us-ga",1.48799783060642
"us-hi",0.936527109154291
"us-ia",0.939834329938591
"us-id",1.23177023617036
"us-il",0.802182769797304
"us-in",0.899651645903033
"us-ks",1.71083614551696
"us-ky",1.04994468404294
"us-la",1.74789931400231
"us-ma",0.576207645429961
"us-md",0.976298490424319
"us-me",1.07917338323592
"us-mi",0.705542152875517
"us-mn",0.755496024481536
"us-mo",1.15606352946908
"us-ms",1.13279852770748
"us-mt",0.643280702392864
"us-nc",1.16530065446674
"us-nd",1.20343903057918
"us-ne",1.07790453695502
"us-nh",1.04513481004727
"us-nj",0.711253487841387
"us-nm",0.851080427281037
"us-nv",2.00794296531029
"us-ny",0.813992811157297
"us-oh",0.798544804843871
"us-ok",1.39902512483794
"us-or",1.09099649489375
"us-pa",0.888892873543493
"us-ri",0.619370308305362
"us-sc",0.970816898102062
"us-sd",1.13658130665811
"us-tn",1.04383301655072
"us-tx",1.29318889549182
"us-ut",1.82138618950439
"us-va",1.16283140808651
"us-vt",0.978692607053246
"us-wa",1.02703452894305
"us-wi",0.542832333037041
"us-wv",1.00339988835352
"us-wy",1.67052489371766
