"JS_KEY","NAME_REGIONALITY"
"us-ak",0.785138226474074
"us-al",0.750057077222313
"us-ar",0.926007043364903
"us-az",1.16702970886869
"us-ca",1.16671373965772
"us-co",0.990784766294101
"us-ct",1.00647240071085
"us-dc",0.78446662336392
"us-de",0.964109791816952
"us-fl",1.13108419389299
"us-ga",0.838861685107101
"us-hi",0.855394889490857
"us-ia",0.923142229568523
"us-id",0.972394769675171
"us-il",1.00816534203495
"us-in",0.982126624503971
"us-ks",0.832882509638497
"us-ky",0.763504772727913
"us-la",0.647742497769554
"us-ma",0.987371674850599
"us-md",0.921475024359635
"us-me",0.798659872120131
"us-mi",1.00521751449948
"us-mn",0.824867212719201
"us-mo",0.938485681059807
"us-ms",0.68953004990507
"us-mt",0.890511392682753
"us-nc",0.838563061844857
"us-nd",0.780618854160513
"us-ne",0.978032424411873
"us-nh",0.862309985290202
"us-nj",1.10130140353303
"us-nm",1.03436867084975
"us-nv",0.995471758682416
"us-ny",1.18164369781443
"us-oh",0.947556847334612
"us-ok",0.995885663583521
"us-or",1.07362421856326
"us-pa",0.926026985044664
"us-ri",1.33687653012797
"us-sc",0.725355657475317
"us-sd",0.697135160749612
"us-tn",0.839728183946676
"us-tx",1.13414467115916
"us-ut",1.09127003026796
"us-va",0.927924507036193
"us-vt",0.579914990018065
"us-wa",0.958242019379207
"us-wi",0.931064967433353
"us-wv",0.857075686192937
"us-wy",1.02330549060057
