"JS_KEY","NAME_REGIONALITY"
"us-ak",0.935053662634457
"us-al",0.650450263515745
"us-ar",0.674236713720117
"us-az",1.17823601756282
"us-ca",1.43360146606947
"us-co",0.76150030106417
"us-ct",1.01772327132193
"us-dc",0.737898532170235
"us-de",0.711367508753091
"us-fl",1.15510245212533
"us-ga",0.700606898609913
"us-hi",0.427552143709422
"us-ia",0.843545656311492
"us-id",0.903722486278504
"us-il",1.05176634683596
"us-in",0.817177156845433
"us-ks",0.64779000636243
"us-ky",0.74029295271032
"us-la",0.527465158409473
"us-ma",1.06817015227924
"us-md",0.792317930290584
"us-me",0.699677113971474
"us-mi",0.844226283746356
"us-mn",0.782029520456243
"us-mo",0.709491299290542
"us-ms",0.57546239500681
"us-mt",1.047383541578
"us-nc",0.641451248131896
"us-nd",0.677574519233582
"us-ne",0.769348675852877
"us-nh",0.960298193821474
"us-nj",1.26663897214649
"us-nm",1.20811161844745
"us-nv",0.940083105792638
"us-ny",1.22128453063235
"us-oh",0.805820018928832
"us-ok",0.721051379695561
"us-or",0.855363901623753
"us-pa",0.849449476825426
"us-ri",1.18515961433338
"us-sc",0.59286758851604
"us-sd",0.738143027162243
"us-tn",0.647427993687118
"us-tx",1.23931206400001
"us-ut",0.765299609785267
"us-va",0.755469870653387
"us-vt",0.922390605381768
"us-wa",0.884445782260712
"us-wi",1.15032788507599
"us-wv",0.795182192678864
"us-wy",0.861559223953577
