"JS_KEY","NAME_REGIONALITY"
"us-al",34.9223002266195
"us-ar",58.1155854971189
"us-az",135.013787977711
"us-ca",169.843065481777
"us-co",116.073197833466
"us-ct",71.7819758579026
"us-dc",79.6876201321746
"us-de",78.0532785878817
"us-fl",113.424246797548
"us-ga",98.5216949800399
"us-ia",53.9055455247558
"us-id",88.0710321249531
"us-il",128.153640132634
"us-in",79.7816104325462
"us-ks",73.1703105986417
"us-ky",41.1113956664804
"us-la",42.3441720427243
"us-ma",60.4044584976788
"us-md",79.2307358117261
"us-mi",45.5042567437599
"us-mn",69.2604052773993
"us-mo",47.6240920096852
"us-ms",74.0819209039548
"us-nc",90.5171421448878
"us-ne",60.8672355960545
"us-nj",95.6435191460918
"us-nm",85.2984568441688
"us-nv",147.92163890439
"us-ny",97.8735709489112
"us-oh",48.622575406369
"us-ok",64.8543814783579
"us-or",124.364726477759
"us-pa",42.3369201241958
"us-ri",64.1643316833682
"us-sc",69.5845684336811
"us-sd",76.2891878347059
"us-tn",70.2299259105877
"us-tx",150.385573664625
"us-ut",74.2013420428005
"us-va",75.0368604470984
"us-wa",79.4042386442962
"us-wi",78.8879573759724
"us-wv",38.1622476137114
