"JS_KEY","NAME_REGIONALITY"
"us-ak",1.19780237658382
"us-al",0.442123422987909
"us-ar",0.7734141610267
"us-az",1.27411085728194
"us-ca",1.72674912912271
"us-co",0.742449114298636
"us-ct",0.981852428882409
"us-dc",0.874941251331958
"us-de",0.917626763210477
"us-fl",1.1588820608459
"us-ga",0.87136808842786
"us-ia",0.422250679121888
"us-id",0.560403829517831
"us-il",1.30431154954702
"us-in",0.67319568593067
"us-ks",1.13284958198901
"us-ky",0.466984112565842
"us-la",0.673379475276575
"us-ma",0.421412185201102
"us-md",0.999121751544179
"us-mi",0.571016381602705
"us-mn",0.62168472161439
"us-mo",0.50212292693539
"us-ms",0.416059664369979
"us-nc",0.631138851423129
"us-ne",0.469608990584186
"us-nj",1.11752601689385
"us-nm",1.4519586856498
"us-nv",1.682899113015
"us-ny",1.05200154822036
"us-oh",0.494427302225299
"us-ok",0.507846872769157
"us-or",0.93506214939329
"us-pa",0.405566581391851
"us-ri",0.62467549608225
"us-sc",0.559985213870952
"us-tn",0.680154323076173
"us-tx",1.4811674531929
"us-ut",0.779380744291935
"us-va",0.776590743183964
"us-wa",0.992781027742551
"us-wi",0.430240572211859
