"JS_KEY","NAME_REGIONALITY"
"us-al",52.7561579355267
"us-ar",83.395496389716
"us-az",118.518694586533
"us-ca",177.44413066833
"us-co",82.0240947190452
"us-ct",89.5593912975141
"us-dc",105.338118884901
"us-de",94.8578078847334
"us-fl",111.322691939976
"us-ga",89.5123001789668
"us-ia",49.1223661584317
"us-il",111.063630151893
"us-in",58.4778368149065
"us-ks",76.5042202850422
"us-ky",46.9303122302978
"us-la",55.1103137052524
"us-ma",56.0923539624333
"us-md",82.3740114397932
"us-mi",52.1054525998346
"us-mn",58.0265267589067
"us-mo",39.695644402593
"us-ms",60.5628674807779
"us-nc",89.2071247151001
"us-nd",126.260976155959
"us-ne",109.417059726919
"us-nj",115.681412353214
"us-nm",73.1613634656231
"us-nv",181.701640734579
"us-ny",85.6031361846058
"us-oh",57.9530039152853
"us-ok",61.2716062093185
"us-or",99.912886948898
"us-pa",35.5355193975884
"us-ri",59.5190630174129
"us-sc",75.7848834330134
"us-sd",141.577494571887
"us-tn",55.1115667819624
"us-tx",162.907530895639
"us-ut",78.9036938828122
"us-va",73.7145967475009
"us-wa",74.9620636267418
"us-wi",60.2657151008829
"us-wv",45.8304348012099
