"JS_KEY","NAME_REGIONALITY"
"us-al",62.5293810474582
"us-ar",89.006762665423
"us-az",98.7340725283402
"us-ca",180.386522676942
"us-co",85.0139796754884
"us-ct",106.438901960784
"us-dc",106.794884910486
"us-de",91.3493437044239
"us-fl",117.813176521282
"us-ga",96.6373432340896
"us-ia",59.6399492170969
"us-id",88.2496653751321
"us-il",117.468524831715
"us-in",70.9517598511206
"us-ks",75.0382714474076
"us-ky",43.4313186178204
"us-la",67.138654353562
"us-ma",56.05794034049
"us-md",100.852390159022
"us-mi",55.1560408594576
"us-mn",59.3177298764637
"us-mo",51.9555042112757
"us-ms",50.5722140944599
"us-nc",77.1246713293072
"us-ne",46.1084962286801
"us-nj",96.4572556091869
"us-nm",81.044849208719
"us-nv",141.240581158153
"us-ny",99.5830214047203
"us-oh",41.0954932126697
"us-ok",93.0229284955388
"us-or",112.633758688661
"us-pa",41.0226006347927
"us-sc",38.2845926977098
"us-tn",67.1611870509736
"us-tx",146.319530802051
"us-ut",37.8337329244494
"us-va",95.8566338864901
"us-wa",84.9665029942202
"us-wi",75.7142704669497
