"JS_KEY","NAME_REGIONALITY"
"us-al",94.8776423039434
"us-az",139.527229249413
"us-ca",175.037495321221
"us-co",112.898903518251
"us-ct",104.244777138374
"us-fl",138.468360853659
"us-ga",91.2726012589933
"us-il",111.844909273561
"us-in",84.6818590903208
"us-ky",78.8749768704126
"us-la",71.6666335862622
"us-ma",41.6998866850905
"us-md",160.738835529593
"us-mi",36.0709261368244
"us-mo",59.9043207888558
"us-nc",121.567213327538
"us-nj",61.6270594259209
"us-nm",167.655407044202
"us-nv",218.81506543001
"us-ny",104.978550187408
"us-oh",68.7775245003348
"us-ok",75.1669331327001
"us-or",91.9000008983031
"us-pa",54.5385726699399
"us-tn",85.1342000265014
"us-tx",144.971403631087
"us-ut",102.072423189888
"us-va",112.249286811499
"us-wa",129.399909773548
