"JS_KEY","NAME_REGIONALITY"
"us-al",0.482043297100084
"us-ar",1.37033412935456
"us-az",1.06056249592841
"us-ca",1.32297815400917
"us-co",0.889489019325745
"us-ct",1.04493852409903
"us-fl",1.27703679060382
"us-ga",1.40662093103825
"us-il",1.13483851791341
"us-in",0.79112482949838
"us-ks",1.21660422331255
"us-la",0.618223076328411
"us-ma",0.440201420585671
"us-md",1.526496653068
"us-mi",0.507590153691719
"us-mn",0.757248224082634
"us-mo",0.449530384478614
"us-ms",0.986237824969102
"us-nc",1.15642733058375
"us-nj",0.909231181256162
"us-nm",2.47925705462331
"us-nv",1.74823437334084
"us-ny",1.30061497148497
"us-oh",0.476544330989348
"us-ok",1.53350122636952
"us-or",1.14234341442532
"us-pa",0.863231040895465
"us-sc",1.12987562367042
"us-tn",0.992233615506875
"us-tx",1.37583626248089
"us-va",0.988344329888059
"us-wa",0.599354650652159
"us-wi",0.536919008681824
