"JS_KEY","NAME_REGIONALITY"
"us-ak",0.941103481134265
"us-al",1.3453503262768
"us-ar",1.19673355909382
"us-az",1.24135570971358
"us-ca",0.806209640899849
"us-co",0.957829229316096
"us-ct",1.01308521503368
"us-dc",0.896923346020861
"us-de",0.762981656230103
"us-fl",1.05888784138825
"us-ga",1.21947159464096
"us-hi",0.677307551340809
"us-ia",0.812087502639302
"us-id",0.785891027109075
"us-il",0.858000883103893
"us-in",1.33928742406483
"us-ks",0.889803361863383
"us-ky",1.29738100756016
"us-la",1.11832704133024
"us-ma",1.08165653357886
"us-md",0.965137198157019
"us-me",0.81264507554312
"us-mi",0.774168096897962
"us-mn",0.687229325474813
"us-mo",1.01578762782314
"us-ms",1.38917798796466
"us-mt",0.721490432388272
"us-nc",1.20050081470622
"us-nd",0.681129181398434
"us-ne",0.641536329011678
"us-nh",0.755751944715185
"us-nj",0.828214542422461
"us-nm",1.46116109565518
"us-nv",1.1767434428296
"us-ny",0.835930533833777
"us-oh",1.06463636242998
"us-ok",0.961939763691043
"us-or",0.587726794570078
"us-pa",1.08694864643221
"us-ri",1.13273750604917
"us-sc",1.09965334163585
"us-sd",0.608938228433623
"us-tn",1.30472519733053
"us-tx",1.18902418733887
"us-ut",0.677560183773238
"us-va",1.09908295494589
"us-vt",0.851048251546151
"us-wa",0.630007072005902
"us-wi",0.63892190807779
"us-wv",1.26671932826335
"us-wy",0.973153130885147
