"JS_KEY","NAME_REGIONALITY"
"us-ak",110.112704755433
"us-al",146.784266767681
"us-ar",128.028777274538
"us-az",127.123828559565
"us-ca",82.0107388847179
"us-co",96.1911119958082
"us-ct",82.0555586108532
"us-dc",110.631594601105
"us-de",99.0829624375264
"us-fl",105.179867553908
"us-ga",136.654947597531
"us-hi",61.5410875481222
"us-ia",79.8494474879429
"us-id",85.3892255302824
"us-il",85.1112356568087
"us-in",119.863028785386
"us-ks",95.626847705395
"us-ky",137.099285770701
"us-la",119.051516899417
"us-ma",104.104549076231
"us-md",106.969629220154
"us-me",75.5015504886916
"us-mi",69.0254183494596
"us-mn",61.3165263436084
"us-mo",108.693204595086
"us-ms",158.478164441474
"us-mt",82.8000868427663
"us-nc",128.466999473832
"us-nd",64.2412736245773
"us-ne",69.4759568689999
"us-nh",72.9589016607812
"us-nj",73.7865465261679
"us-nm",171.426100676816
"us-nv",101.632002943792
"us-ny",76.445514482826
"us-oh",104.612540407947
"us-ok",107.51336607711
"us-or",62.0346558396009
"us-pa",95.3382028627849
"us-ri",108.332890420682
"us-sc",116.493905977947
"us-sd",67.5645656021058
"us-tn",132.850676857297
"us-tx",129.885550193362
"us-ut",76.0702928676469
"us-va",112.336345915783
"us-vt",71.7619875259953
"us-wa",72.5112328026926
"us-wi",65.0312084138053
"us-wv",123.829704621244
"us-wy",87.1934710100664
