"JS_KEY","NAME_REGIONALITY"
"us-ak",153.969468944264
"us-al",170.441093310543
"us-ar",142.42921519982
"us-az",152.254886884751
"us-ca",77.7578953635309
"us-co",91.2964175791593
"us-ct",59.273828503437
"us-dc",100.492387183748
"us-de",85.1321469756624
"us-fl",114.56865821075
"us-ga",157.312356520321
"us-hi",39.7188035050079
"us-ia",97.5053071851238
"us-id",66.5986993301939
"us-il",81.8228089815889
"us-in",90.8550191593724
"us-ks",105.533100524967
"us-ky",125.767064472172
"us-la",143.050219273535
"us-ma",70.921915004634
"us-md",112.345425580344
"us-me",65.4294059434989
"us-mi",82.1653826816557
"us-mn",84.9254767608476
"us-mo",111.928269812726
"us-ms",170.527100295541
"us-mt",75.2475414076817
"us-nc",132.458603558342
"us-nd",79.5624707724339
"us-ne",95.9773015992665
"us-nh",58.6942175089247
"us-nj",63.6585999254298
"us-nm",201.410809006147
"us-nv",35.9262094203283
"us-ny",71.0058890935158
"us-oh",86.4812352064605
"us-ok",117.182682805148
"us-or",65.8393714980597
"us-pa",85.9087539391455
"us-ri",59.0666500745248
"us-sc",152.312647514436
"us-sd",92.752692135099
"us-tn",134.759559539601
"us-tx",148.803001625063
"us-ut",65.7893336591176
"us-va",112.903383398037
"us-vt",71.5839789197078
"us-wa",58.4310573522923
"us-wi",90.7431672989736
"us-wv",104.134975940646
"us-wy",97.0978632981847
