"JS_KEY","NAME_REGIONALITY"
"us-ak",1.29949238311622
"us-al",1.33811135827375
"us-ar",1.21769238572035
"us-az",1.11422991471503
"us-ca",0.724853904632468
"us-co",0.88682868572026
"us-ct",0.8095146297697
"us-dc",0.98736452532961
"us-de",1.03887028574014
"us-fl",1.00783266856212
"us-ga",1.18975601598118
"us-hi",0.714530710816987
"us-ia",1.15783232701388
"us-id",0.815762227096033
"us-il",1.03441644734306
"us-in",0.861023002670663
"us-ks",0.928946465107494
"us-ky",1.21216797189206
"us-la",1.21214406042381
"us-ma",0.821484728594626
"us-md",0.972692969738044
"us-me",0.846452843510107
"us-mi",0.990437424594377
"us-mn",1.20753286972746
"us-mo",1.07563085150823
"us-ms",1.72602237973927
"us-mt",0.939359882235836
"us-nc",1.05632518115964
"us-nd",1.10358919673066
"us-ne",0.981275438960321
"us-nh",0.568934154140052
"us-nj",0.831690370493801
"us-nm",1.12918475327008
"us-nv",0.655995565239352
"us-ny",0.939203747625258
"us-oh",0.982476122306383
"us-ok",0.945460293138634
"us-or",0.681175192996014
"us-pa",0.940412790363757
"us-ri",0.700912597270353
"us-sc",1.22066605909763
"us-sd",1.35013571940453
"us-tn",1.0036930295512
"us-tx",1.27892943752546
"us-ut",0.756605982240504
"us-va",1.16941101128234
"us-vt",0.953040719926898
"us-wa",0.849468569176668
"us-wi",1.27629774096847
"us-wv",1.07992589434203
"us-wy",1.22440289579032
