"JS_KEY","NAME_REGIONALITY"
"us-ak",1.34185879930818
"us-al",1.40805956492052
"us-ar",1.19406613745739
"us-az",1.09633657187185
"us-ca",0.713006949051627
"us-co",0.858703120885088
"us-ct",0.833292377447752
"us-dc",0.911122980787902
"us-de",0.83686721460035
"us-fl",1.03329952470848
"us-ga",1.19084973228549
"us-hi",0.715763722400972
"us-ia",1.01359159403243
"us-id",0.759281865271965
"us-il",1.00029589296067
"us-in",0.912484531824302
"us-ks",0.962311809655209
"us-ky",1.33959663733806
"us-la",1.19924396875155
"us-ma",0.873291137156155
"us-md",1.09774961632903
"us-me",0.76123999057254
"us-mi",0.917214585072637
"us-mn",1.10858820774484
"us-mo",1.09922912271461
"us-ms",1.75993431675974
"us-mt",0.849470208055247
"us-nc",1.08472102276574
"us-nd",0.939250327183072
"us-ne",1.038995734733
"us-nh",0.784856939259083
"us-nj",0.861869369821675
"us-nm",1.15715660255136
"us-nv",0.971376337341578
"us-ny",0.955388190354688
"us-oh",0.961974447830217
"us-ok",0.935481845126903
"us-or",0.778300731020254
"us-pa",0.915857635500906
"us-ri",0.703348232680973
"us-sc",1.41578056584446
"us-sd",1.39555142157731
"us-tn",1.11445104610809
"us-tx",1.28103540044475
"us-ut",0.671634860076657
"us-va",1.04754219949247
"us-vt",0.985218390948622
"us-wa",0.890317474926806
"us-wi",1.17577075436393
"us-wv",0.991316192819061
"us-wy",1.22911331820508
