"JS_KEY","NAME_REGIONALITY"
"us-ak",119.115318779756
"us-al",148.637581617531
"us-ar",113.171222563294
"us-az",112.012890727389
"us-ca",73.7119832964752
"us-co",68.54001649591
"us-ct",76.5832868053914
"us-dc",73.0234166554197
"us-de",83.3843004754128
"us-fl",110.857233158365
"us-ga",126.297478971711
"us-hi",70.4216030309283
"us-ia",75.9418292702861
"us-id",70.0761027094225
"us-il",97.6765839836116
"us-in",89.5673174936024
"us-ks",93.1161551728084
"us-ky",141.221366211025
"us-la",124.511011784818
"us-ma",66.6019740714285
"us-md",111.13000920172
"us-me",57.2770304424926
"us-mi",87.9571474355099
"us-mn",80.3658312188052
"us-mo",100.451822273124
"us-ms",189.01214298614
"us-mt",95.1032822485019
"us-nc",130.694376161483
"us-nd",63.2677075346861
"us-ne",91.605501659132
"us-nh",66.5652989755742
"us-nj",78.8312588820112
"us-nm",103.404264939754
"us-nv",77.1533857146127
"us-ny",87.2199314784718
"us-oh",97.1318367954402
"us-ok",87.4794199842729
"us-or",73.0898630092549
"us-pa",88.8023640120516
"us-ri",57.6972064295065
"us-sc",155.367865007413
"us-sd",65.9203627318768
"us-tn",151.515439797532
"us-tx",135.575776600162
"us-ut",81.0486122812893
"us-va",137.028063460413
"us-vt",67.008083669425
"us-wa",90.8307043647014
"us-wi",78.4326802434294
"us-wv",136.577108467595
"us-wy",67.32425575371
