"JS_KEY","NAME_REGIONALITY"
"us-ak",0.973848164765274
"us-al",1.70588120499087
"us-ar",1.17095248200928
"us-az",0.903625670580153
"us-ca",0.744810338582133
"us-co",0.913957583105936
"us-ct",0.795338345060366
"us-dc",0.931135868592852
"us-de",1.30310012018576
"us-fl",1.18335040842781
"us-ga",1.50967879786045
"us-hi",0.68958044986654
"us-ia",0.793277707033988
"us-id",0.733554583833005
"us-il",0.917619438537368
"us-in",0.950884691336022
"us-ks",0.758974908368942
"us-ky",1.51140633876074
"us-la",1.32606801856496
"us-ma",0.634046438589609
"us-md",1.15030642221791
"us-me",0.750305263172438
"us-mi",0.801339316174145
"us-mn",0.75914124648667
"us-mo",1.10138809515745
"us-ms",1.8078237428516
"us-mt",0.901348759715057
"us-nc",1.43850353239286
"us-nd",1.03227523151579
"us-ne",0.872514019244803
"us-nh",0.552787332729392
"us-nj",0.753662472868312
"us-nm",1.01126988525362
"us-nv",0.671341849408364
"us-ny",0.870024413649139
"us-oh",0.960598145162842
"us-ok",0.966117522426084
"us-or",0.794219253537838
"us-pa",0.851854281813646
"us-ri",0.651440748783409
"us-sc",1.7501072791468
"us-sd",0.769612299551235
"us-tn",1.56313103724532
"us-tx",1.2376606452716
"us-ut",0.796504945726475
"us-va",1.21279093188551
"us-vt",0.969861068901343
"us-wa",0.691085899006367
"us-wi",0.717405977655431
"us-wv",1.40797428939178
"us-wy",0.772462715475499
