"JS_KEY","NAME_REGIONALITY"
"us-ak",106.801118012018
"us-al",191.734079059179
"us-ar",144.959673755732
"us-az",64.2438750764895
"us-ca",76.1170039981283
"us-co",86.6865264053253
"us-ct",59.6778253735824
"us-dc",136.386517959676
"us-de",89.8197702204328
"us-fl",83.8882307448826
"us-ga",161.254682522116
"us-hi",46.7969475373638
"us-ia",80.6957719339686
"us-id",88.4950153083013
"us-il",94.8237489863669
"us-in",95.8208849341673
"us-ks",100.869603889828
"us-ky",170.118258594557
"us-la",136.036199628813
"us-ma",69.1909198389088
"us-md",98.5196618344049
"us-me",65.3105447009294
"us-mi",86.0875582434343
"us-mn",78.0184536940172
"us-mo",113.34114842811
"us-ms",210.450412671176
"us-mt",109.447625214166
"us-nc",149.289328423216
"us-nd",66.6108105627866
"us-ne",75.9444566439261
"us-nh",63.6389631409653
"us-nj",76.9572268314575
"us-nm",78.3307666394974
"us-nv",75.0137751947876
"us-ny",73.0432923786875
"us-oh",97.8025192107222
"us-ok",112.420094981607
"us-or",82.9994380819762
"us-pa",94.4299344465624
"us-ri",75.3755885452843
"us-sc",175.272349530717
"us-sd",78.2905626531982
"us-tn",173.146679344528
"us-tx",109.09917905851
"us-ut",95.1136223672372
"us-va",143.677719325933
"us-vt",85.2940196667537
"us-wa",85.8128911792583
"us-wi",68.3478639645988
"us-wv",129.943981552174
"us-wy",78.3852260369292
