"JS_KEY","NAME_REGIONALITY"
"us-ak",156.212427295864
"us-al",353.28344995708
"us-ar",181.704344547449
"us-az",53.5035829491317
"us-ca",45.5142808997238
"us-co",71.1916409182923
"us-ct",85.4560118265375
"us-dc",147.799812313502
"us-de",45.6132087576505
"us-fl",73.9593415558492
"us-ga",155.434985055204
"us-ia",80.9163842976988
"us-id",81.4134136852768
"us-il",100.252899143649
"us-in",132.800431365679
"us-ks",102.800259250874
"us-ky",173.963322933587
"us-la",147.9540291484
"us-ma",78.196071237454
"us-md",89.6440217524703
"us-me",97.2849658541035
"us-mi",108.404725374907
"us-mn",74.9699314051599
"us-mo",150.954462859195
"us-ms",261.043140014602
"us-mt",137.516380112086
"us-nc",159.158725305291
"us-nd",119.15560723027
"us-ne",84.427932999074
"us-nh",52.7481529568147
"us-nj",57.40089191974
"us-nm",80.7204243506291
"us-nv",48.1564099083856
"us-ny",57.5034889022103
"us-oh",124.722006991332
"us-ok",105.586550828868
"us-or",82.6601624298597
"us-pa",136.829754810243
"us-ri",53.909620387937
"us-sc",207.80718633307
"us-sd",157.337413912192
"us-tn",221.122318883396
"us-tx",79.0761552526223
"us-ut",120.616237749389
"us-va",116.135265008583
"us-wa",87.274990767934
"us-wi",104.899317925436
"us-wv",120.074450592626
"us-wy",166.78721886088
