"JS_KEY","NAME_REGIONALITY"
"us-ak",223.53909423801
"us-al",351.622348927272
"us-ar",202.057374921785
"us-az",70.8114035647339
"us-ca",43.2584120264116
"us-co",70.6612023771796
"us-ct",89.4970457414421
"us-dc",171.408181617442
"us-de",70.0431826904824
"us-fl",64.5733609878071
"us-ga",184.857673545456
"us-hi",110.233025628677
"us-ia",122.250232520984
"us-id",54.5577438194609
"us-il",80.0064842970692
"us-in",128.740799810053
"us-ks",107.097254075497
"us-ky",137.458606828387
"us-la",181.001557858738
"us-ma",84.5631772014582
"us-md",98.2559696281771
"us-me",71.3841498128273
"us-mi",95.2153241034221
"us-mn",123.779921334449
"us-mo",142.82093144378
"us-ms",321.733645988644
"us-mt",126.07378163618
"us-nc",157.039585685074
"us-ne",80.7937614710728
"us-nh",96.8475868023379
"us-nj",52.5068894420653
"us-nm",88.2367296931375
"us-nv",52.1767677013672
"us-ny",69.0172277265507
"us-oh",124.280654877537
"us-ok",102.048254685551
"us-or",75.7432188564914
"us-pa",142.259217260365
"us-ri",61.5285823744226
"us-sc",188.02459071024
"us-sd",191.658658928926
"us-tn",217.03724773166
"us-tx",70.3475267465384
"us-ut",92.6905558143025
"us-va",114.305091719498
"us-wa",71.7527584314444
"us-wi",106.306312127881
"us-wv",102.651878853389
"us-wy",235.989372904431
