"JS_KEY","NAME_REGIONALITY"
"us-ak",111.577341632899
"us-al",402.495780499374
"us-ar",195.368152052388
"us-az",62.8663653909271
"us-ca",38.7736440438854
"us-co",76.3027807438872
"us-ct",40.6464721592485
"us-dc",92.4898970265163
"us-de",142.949148259695
"us-fl",42.4072549326962
"us-ga",157.338376896035
"us-ia",135.311442826748
"us-id",103.895202247513
"us-il",90.4500969954421
"us-in",146.482611244315
"us-ks",152.583511695623
"us-ky",189.798818324491
"us-la",219.824607044781
"us-ma",83.6195619439884
"us-md",42.6185120461428
"us-me",128.999066905404
"us-mi",112.516401126366
"us-mn",96.7698370714708
"us-mo",157.496410238836
"us-ms",444.01852739179
"us-mt",237.191832697034
"us-nc",141.472942759096
"us-nd",108.932545386786
"us-ne",154.437622689551
"us-nh",109.112153870523
"us-nj",29.5744467113446
"us-nm",73.2156866219863
"us-nv",62.0501840810806
"us-ny",47.2998706402616
"us-oh",101.548185910557
"us-ok",121.923862980746
"us-or",109.88809403053
"us-pa",138.52849723208
"us-sc",190.820419038271
"us-tn",194.063049671556
"us-tx",80.9457244548488
"us-ut",103.478547850506
"us-va",96.705422945412
"us-vt",202.560518281213
"us-wa",80.7276868831625
"us-wi",116.63409856165
"us-wv",89.2038608236679
