"JS_KEY","NAME_REGIONALITY"
"us-ca",340.622738550605
"us-ct",365.960750375442
"us-il",168.207168919658
"us-la",306.041431336599
"us-ma",168.721131699949
"us-mi",199.691937598613
"us-mn",202.507301671722
"us-ms",224.090452273838
"us-nc",118.660386751567
"us-nj",121.793677148279
"us-ny",227.841339889729
"us-pa",59.1243199201084
"us-tn",159.231401019258
"us-tx",192.041862966727
"us-wi",187.281944027611
