"JS_KEY","NAME_REGIONALITY"
"us-ca",269.883518432283
"us-ct",214.737624817701
"us-il",94.087957065842
"us-in",123.864146214894
"us-la",157.85452930905
"us-ma",152.505425026494
"us-mi",104.577805971685
"us-ms",130.911440863622
"us-nc",90.5502680542994
"us-nj",269.432829969991
"us-ny",346.616641760719
"us-oh",97.8528185309501
"us-pa",103.747145520201
"us-tx",84.8791771638595
"us-wi",146.362874229401
