"JS_KEY","NAME_REGIONALITY"
"us-al",40.0460970764671
"us-ca",169.207629641569
"us-co",85.2143433970611
"us-ct",95.4652594134376
"us-dc",187.345045484018
"us-fl",114.104766972248
"us-ga",33.6370762971648
"us-hi",266.017404063369
"us-ia",41.2019926894219
"us-id",286.44050894287
"us-il",68.4040721532601
"us-in",83.2952999024922
"us-ks",121.552432303258
"us-ky",56.7056574931743
"us-la",129.378481300255
"us-ma",127.812061702089
"us-md",66.4101643464495
"us-me",163.663470960759
"us-mi",133.185500368219
"us-mn",47.5600083090676
"us-mo",76.3539939824303
"us-ms",60.3125196853311
"us-nc",93.2342111020447
"us-nj",149.82392153489
"us-ny",212.326511692553
"us-oh",93.5977617302341
"us-ok",42.820343987288
"us-or",211.74373829182
"us-pa",93.717042867216
"us-ri",99.5287499235645
"us-sc",90.6581856449949
"us-tn",19.3811409255642
"us-tx",55.6276890244134
"us-va",64.8187989888863
"us-wa",178.319763008668
"us-wi",65.5389277950349
"us-wv",46.8426414638218
