"JS_KEY","NAME_REGIONALITY"
"us-ak",1.38425369680769
"us-al",0.495259725873256
"us-ar",0.4212838981213
"us-az",0.983426972143993
"us-ca",1.59563759840868
"us-co",1.03543951675656
"us-ct",0.841954490638809
"us-dc",1.66388769820496
"us-de",1.39763316339534
"us-fl",0.86742478977229
"us-ga",0.865458762876307
"us-hi",3.66083874904294
"us-ia",0.880391573610234
"us-id",1.24080997235852
"us-il",0.999487104799246
"us-in",1.07458799761606
"us-ks",0.73037105431295
"us-ky",0.564860022713559
"us-la",1.13861688848614
"us-ma",0.887328815839185
"us-md",1.19300678094152
"us-me",1.03564170646969
"us-mi",1.12485594424041
"us-mn",0.603192667060626
"us-mo",0.828884397991482
"us-ms",0.377126439547464
"us-mt",0.57454971328894
"us-nc",0.800972944152411
"us-nd",0.597445571602246
"us-ne",0.481491781914607
"us-nh",0.583231455108603
"us-nj",1.05962439290727
"us-nm",0.994816059827769
"us-nv",1.14263704903413
"us-ny",1.28303410475344
"us-oh",1.05490115565464
"us-ok",0.508016084677454
"us-or",1.48422590900441
"us-pa",1.06821951869561
"us-ri",0.699199631621704
"us-sc",0.55696865971099
"us-sd",0.590175371161386
"us-tn",0.559079497890044
"us-tx",0.479745945335211
"us-ut",1.35381972290815
"us-va",1.02780430995015
"us-vt",1.35743814490942
"us-wa",1.26766440383503
"us-wi",0.867447330046385
"us-wv",0.660842096885589
"us-wy",0.635900833333295
