"JS_KEY","NAME_REGIONALITY"
"us-ak",1.04647548487365
"us-al",0.719722474080498
"us-ar",0.662140499764262
"us-az",0.990290256198704
"us-ca",1.48201314020275
"us-co",1.46243444907255
"us-ct",0.892593270386436
"us-dc",1.27061319356701
"us-de",0.856613072437602
"us-fl",0.868775500274552
"us-ga",0.839132288335207
"us-hi",1.33556564936121
"us-ia",1.01925429811503
"us-id",1.53601623445077
"us-il",0.996759855530771
"us-in",0.945187775072049
"us-ks",1.11670148111853
"us-ky",0.605305825922166
"us-la",0.872518358341657
"us-ma",1.01444692885003
"us-md",1.03304831346506
"us-me",0.980769513503977
"us-mi",1.02531126825782
"us-mn",1.08451356810327
"us-mo",0.893459803526772
"us-ms",0.585007522058393
"us-mt",0.808260724084856
"us-nc",0.713553102826235
"us-nd",0.44038255961459
"us-ne",0.860539215686274
"us-nh",1.04872754789119
"us-nj",0.963439220992054
"us-nm",0.941286863270778
"us-nv",1.47521008403361
"us-ny",1.09757969356366
"us-oh",1.02738495627223
"us-ok",0.800952582801873
"us-or",1.42368909741722
"us-pa",1.07876075143906
"us-ri",0.710101125195841
"us-sc",0.609189650368132
"us-sd",0.931274003260299
"us-tn",0.644657490017136
"us-tx",0.705945070984374
"us-ut",1.02518214032601
"us-va",0.72049768651511
"us-vt",1.31776306810427
"us-wa",1.48543684371496
"us-wi",0.988676049727844
"us-wv",0.693481941309255
"us-wy",1.37750047680026
