"JS_KEY","NAME_REGIONALITY"
"us-ak",0.810705977584089
"us-al",0.93547226764431
"us-ar",0.816930660446788
"us-az",0.854802094125135
"us-ca",1.19365018405357
"us-co",1.24740874262052
"us-ct",0.946305922382748
"us-dc",1.37469711137253
"us-de",1.06321889877396
"us-fl",0.932271621207354
"us-ga",0.941388127475414
"us-hi",0.938695719349267
"us-ia",1.10554195926464
"us-id",1.39671561006877
"us-il",1.12177300958577
"us-in",1.05438310072337
"us-ks",0.922079106621418
"us-ky",0.773596442518086
"us-la",1.02637778177549
"us-ma",1.09709364177009
"us-md",1.00611587606416
"us-me",1.26633669836656
"us-mi",1.10112832585911
"us-mn",1.28602662769711
"us-mo",0.995737593629589
"us-ms",0.819257247928486
"us-mt",0.886955244397097
"us-nc",0.84597883990567
"us-nd",0.843701100988496
"us-ne",0.917269363163406
"us-nh",1.02066822831461
"us-nj",0.891184272450366
"us-nm",0.943365021771834
"us-nv",0.8414127969863
"us-ny",0.923740224532556
"us-oh",1.08491262614743
"us-ok",0.692231336021495
"us-or",1.28265677095944
"us-pa",1.01918501277379
"us-ri",0.956991421664761
"us-sc",0.798458490523048
"us-sd",0.932199498695055
"us-tn",0.791190886517207
"us-tx",0.801337821938383
"us-ut",0.776601770152471
"us-va",0.775619647976386
"us-vt",1.20686121482988
"us-wa",1.10949268380212
"us-wi",1.16110137209398
"us-wv",0.930116658954542
"us-wy",1.26189164604432
