"JS_KEY","NAME_REGIONALITY"
"us-ak",0.791526216198058
"us-al",0.851463137098928
"us-ar",1.0102990094233
"us-az",0.909285519665827
"us-ca",1.07337970581185
"us-co",0.992388431616946
"us-ct",0.914363735985924
"us-dc",1.07179917179394
"us-de",0.926994847321386
"us-fl",0.90716794742627
"us-ga",0.806533440818141
"us-hi",0.785969250734486
"us-ia",1.20310518549919
"us-id",1.12533690666491
"us-il",1.17513547563507
"us-in",1.11135525984248
"us-ks",1.03016488325857
"us-ky",0.829733245428804
"us-la",0.882280789615045
"us-ma",1.0307587015738
"us-md",0.947693512629031
"us-me",1.040794860316
"us-mi",1.11947940960353
"us-mn",1.24521291177411
"us-mo",0.957225831444873
"us-ms",0.927000705989845
"us-mt",1.0815052960596
"us-nc",0.758854032713158
"us-nd",1.14670022487639
"us-ne",1.18820659621475
"us-nh",1.153595120265
"us-nj",0.795928224894704
"us-nm",1.38288410868788
"us-nv",0.985095703712275
"us-ny",0.997548948158262
"us-oh",0.939466691052686
"us-ok",0.923349076776337
"us-or",0.86013100488282
"us-pa",0.971707809635818
"us-ri",0.854531784451878
"us-sc",0.727929799615158
"us-sd",1.412579661447
"us-tn",0.833409832251612
"us-tx",1.08548568114801
"us-ut",0.802533749747506
"us-va",0.751274868172534
"us-vt",1.31807645988035
"us-wa",0.900722814550652
"us-wi",1.42239062399553
"us-wv",0.947283591629018
"us-wy",1.01767152131204
