"JS_KEY","NAME_REGIONALITY"
"us-ak",0.956724574303524
"us-al",0.888802432950112
"us-ar",0.962945964320876
"us-az",0.949520073822596
"us-ca",1.33352245021494
"us-co",0.878395778215554
"us-ct",0.916971628803973
"us-dc",1.75590959606307
"us-de",1.58165424632304
"us-fl",1.07442299853732
"us-ga",1.03614981528449
"us-hi",1.28282618358994
"us-ia",1.14716414674312
"us-il",0.921608772349874
"us-in",1.13514951282558
"us-ks",1.024796001321
"us-ky",0.572071135925243
"us-la",1.29981725886928
"us-ma",0.775932873925228
"us-md",1.02400770363469
"us-me",0.866070469124172
"us-mi",1.04533370213905
"us-mn",0.575495203293564
"us-mo",0.977887954817347
"us-ms",0.786916316526709
"us-mt",0.994844795437095
"us-nc",0.868656587173759
"us-nd",0.81790931168486
"us-ne",0.472129733427774
"us-nh",0.991472440198326
"us-nj",0.869020393167742
"us-nm",1.0348849884423
"us-nv",0.995115575185445
"us-ny",0.924383340719752
"us-oh",0.766682781329091
"us-ok",1.01271368053151
"us-or",0.848726966107272
"us-pa",0.956347381646783
"us-ri",1.77200081525111
"us-sc",1.04337380984866
"us-sd",1.22506542349113
"us-tn",0.833602473784729
"us-tx",1.06793569131725
"us-ut",0.678880548994598
"us-va",0.985395465913947
"us-wa",0.89007307423521
"us-wi",0.60162924179756
"us-wv",0.956873620038733
