"JS_KEY","NAME_REGIONALITY"
"us-al",94.0930742663994
"us-ar",95.7867295599367
"us-az",114.036005558665
"us-ca",147.344974206487
"us-co",89.8521702784455
"us-ct",93.7400045693397
"us-dc",101.728283219597
"us-de",88.1688931866658
"us-fl",93.0978980024613
"us-ga",94.3375332061
"us-hi",85.0200041442849
"us-ia",61.4430282051134
"us-id",72.472999127397
"us-il",86.2638078858954
"us-in",107.40877585573
"us-ks",80.9202252883154
"us-ky",62.078098264081
"us-la",93.9809814448393
"us-ma",78.1460463624065
"us-md",100.536154900617
"us-me",85.4458138478456
"us-mi",122.383020611222
"us-mn",66.2210775564792
"us-mo",75.9763121530005
"us-ms",95.7772240791825
"us-nc",89.707480793295
"us-nd",91.3965044551062
"us-ne",85.16146837747
"us-nh",54.5243874452535
"us-nj",82.410677994704
"us-nm",155.043708762397
"us-nv",109.797802904911
"us-ny",88.0267311531497
"us-oh",95.0545006895058
"us-ok",91.0915105581481
"us-or",68.0160033154279
"us-pa",80.1583893564156
"us-ri",65.0894987217374
"us-sc",77.4520181269993
"us-sd",130.275641094138
"us-tn",93.1950045427738
"us-tx",113.941300173121
"us-ut",62.5060563747521
"us-va",81.4332675536552
"us-wa",113.209560926475
"us-wi",77.4880117254751
"us-wv",70.0943832849227
"us-wy",173.058469974166
