"JS_KEY","NAME_REGIONALITY"
"us-ak",0.462328950845535
"us-al",0.905503809599921
"us-ar",0.817366605329552
"us-az",0.977309222035355
"us-ca",1.26921688571957
"us-co",1.25726528358308
"us-ct",0.756593522483382
"us-dc",0.895060170968261
"us-de",0.655941128609425
"us-fl",0.813749730058383
"us-ga",0.876619621755904
"us-hi",0.606551759795288
"us-ia",1.5220706200676
"us-id",1.30308722762503
"us-il",1.24400342318151
"us-in",1.53914198285347
"us-ks",1.04348292326458
"us-ky",0.757311657242959
"us-la",0.673837016328772
"us-ma",0.877614326891561
"us-md",0.633195246473135
"us-me",1.03134197403731
"us-mi",1.28230412724046
"us-mn",1.42144439688534
"us-mo",0.980806697980588
"us-ms",1.01878016713192
"us-mt",1.16369792117702
"us-nc",0.750742599422875
"us-nd",1.02622349978158
"us-ne",1.3964216667597
"us-nh",1.44285517473525
"us-nj",0.734930632065266
"us-nm",0.67520525872527
"us-nv",1.56546265779374
"us-ny",0.843096393525545
"us-oh",1.35670373659877
"us-ok",0.885971026458532
"us-or",1.55070200254239
"us-pa",0.771985303929456
"us-ri",0.586381867188908
"us-sc",0.73007550633765
"us-sd",1.41933542784222
"us-tn",0.84986891549548
"us-tx",0.864175924040798
"us-ut",1.14948920228884
"us-va",0.784366963410092
"us-vt",1.0961542817483
"us-wa",1.57560082715248
"us-wi",1.47909450844217
"us-wv",0.848683684598121
"us-wy",1.26772099570393
