"JS_KEY","NAME_REGIONALITY"
"us-ak",77.2037892353949
"us-al",75.7771111513293
"us-ar",75.7544152645126
"us-az",96.6181095669523
"us-ca",111.350079979921
"us-co",111.554244411363
"us-ct",118.727781479207
"us-dc",101.548227753974
"us-de",99.7544697867821
"us-fl",80.9110540246095
"us-ga",78.941836427761
"us-hi",75.4426560163846
"us-ia",118.242324457453
"us-id",113.753431227848
"us-il",117.4236427279
"us-in",120.896740002052
"us-ks",111.523476146981
"us-ky",80.6028848960995
"us-la",65.3334648992972
"us-ma",116.046980515719
"us-md",84.5235070406576
"us-me",137.525016644997
"us-mi",113.581292577179
"us-mn",111.534415180378
"us-mo",109.622236307895
"us-ms",97.2205127472533
"us-mt",101.688642289871
"us-nc",77.4245221522651
"us-nd",104.187018732518
"us-ne",126.966829610932
"us-nh",156.662287311343
"us-nj",102.330601576761
"us-nm",64.1811009849368
"us-nv",77.9464845741994
"us-ny",101.575120987215
"us-oh",109.831959930257
"us-ok",77.5336957896448
"us-or",119.713377492339
"us-pa",97.1502867553045
"us-ri",121.157361104082
"us-sc",67.8070314285837
"us-sd",106.462634660251
"us-tn",82.2157657272656
"us-tx",73.8405769202311
"us-ut",86.9971375943317
"us-va",81.6032780390151
"us-vt",131.196210446976
"us-wa",110.522051698413
"us-wi",119.387035736897
"us-wv",95.9164811420504
"us-wy",117.761633085323
