"JS_KEY","NAME_REGIONALITY"
"us-ak",81.4224237197848
"us-al",80.8890518004382
"us-ar",78.473616810365
"us-az",93.3737461729425
"us-ca",105.759801883527
"us-co",93.9592524402859
"us-ct",118.261927492226
"us-dc",106.454662186183
"us-de",102.328852760348
"us-fl",97.4576685524
"us-ga",89.912720470767
"us-hi",92.5733905164784
"us-ia",90.0812389812867
"us-id",102.208710524884
"us-il",104.877558431096
"us-in",91.8553900280481
"us-ks",95.0599241825545
"us-ky",76.6237743699549
"us-la",86.37639021399
"us-ma",124.278700661154
"us-md",96.4615133384797
"us-me",122.463383713122
"us-mi",101.778762524832
"us-mn",89.5572950451439
"us-mo",91.8181203348885
"us-ms",105.764322422689
"us-mt",99.0156746948108
"us-nc",83.4567024736151
"us-nd",92.1772359867092
"us-ne",98.1888084756638
"us-nh",135.890507859355
"us-nj",122.97849837312
"us-nm",95.1399226002694
"us-nv",102.794948150888
"us-ny",114.500004363791
"us-oh",101.531803841018
"us-ok",74.6919726524577
"us-or",96.2651127305616
"us-pa",108.18069001274
"us-ri",141.554827877065
"us-sc",84.6412119134529
"us-sd",95.5421446235272
"us-tn",85.1577610441317
"us-tx",88.7177323880401
"us-ut",89.7095987492289
"us-va",96.234087496053
"us-vt",126.435146446631
"us-wa",90.7439485510527
"us-wi",97.0691024954022
"us-wv",90.6306942486585
"us-wy",98.706134295074
