"JS_KEY","NAME_REGIONALITY"
"us-ak",1.07157903507466
"us-al",0.850135557595682
"us-ar",0.946265955488818
"us-az",1.08954235780474
"us-ca",1.10771004503512
"us-co",1.00418543077324
"us-ct",1.03925917633039
"us-dc",0.931291593359883
"us-de",1.06938687201384
"us-fl",1.12097781809359
"us-ga",0.910777434128583
"us-hi",0.933546049013268
"us-ia",0.813711520060768
"us-id",1.01292819666375
"us-il",0.991386335969507
"us-in",0.882614346783262
"us-ks",0.893261069684288
"us-ky",0.889921139264145
"us-la",0.863142187227352
"us-ma",1.06984881389647
"us-md",1.04231030925014
"us-me",0.882195353290227
"us-mi",1.01358514415229
"us-mn",0.728554182146363
"us-mo",0.906893017333077
"us-ms",1.04830023725537
"us-mt",1.12193910389581
"us-nc",0.890318310945916
"us-nd",0.789473320393299
"us-ne",0.825802349428307
"us-nh",1.07872739329942
"us-nj",1.17957374351189
"us-nm",0.950056259362211
"us-nv",1.05621077683166
"us-ny",1.05032976650005
"us-oh",0.996106535591228
"us-ok",1.01240269473245
"us-or",0.960917944461168
"us-pa",1.08315714201734
"us-ri",1.15793854749688
"us-sc",0.957037140755037
"us-sd",0.723991430910478
"us-tn",0.843478132977797
"us-tx",1.03312817332618
"us-ut",1.03066467243699
"us-va",1.02959235355915
"us-vt",0.814306623724458
"us-wa",1.01151886069571
"us-wi",0.842209861457039
"us-wv",0.977930929738904
"us-wy",0.967649893794845
