"JS_KEY","NAME_REGIONALITY"
"us-ak",147.380956954342
"us-al",117.275971784558
"us-ar",117.299578059072
"us-az",90.1113355569126
"us-ca",88.6566840466766
"us-co",87.2197620930156
"us-ct",101.626286889843
"us-dc",112.195668809678
"us-de",160.159430830179
"us-fl",98.9156463854204
"us-ga",124.412886193138
"us-hi",128.47096644565
"us-ia",72.5369321211324
"us-id",75.7458877309613
"us-il",88.3865800254318
"us-in",88.3605014155908
"us-ks",74.4625995141156
"us-ky",129.330714787064
"us-la",119.51998702519
"us-ma",89.4134550395047
"us-md",85.1508894546006
"us-me",167.350337869991
"us-mi",115.889265064592
"us-mn",94.2465845969362
"us-mo",103.261833258548
"us-ms",139.642354832228
"us-mt",111.894067549437
"us-nc",118.341598368263
"us-nd",133.609805103476
"us-ne",68.807670476725
"us-nh",114.384702193983
"us-nj",108.124885786837
"us-nm",143.090706581713
"us-nv",108.305903357978
"us-ny",83.4180821267663
"us-oh",109.978744082339
"us-ok",92.9120382330147
"us-or",74.3779279422184
"us-pa",112.35636331687
"us-ri",97.3937564199204
"us-sc",136.528185362008
"us-sd",90.4882459312839
"us-tn",116.603596993454
"us-tx",90.0244890333171
"us-ut",65.7131601034583
"us-va",119.556654488197
"us-vt",133.779684067371
"us-wa",90.9757804473313
"us-wi",94.3226674108103
"us-wv",144.279352264785
"us-wy",154.656131581069
