"JS_KEY","NAME_REGIONALITY"
"us-al",119.729715093411
"us-ar",80.7988817540476
"us-az",85.9503792431934
"us-ca",99.6576995650466
"us-co",61.6744176035761
"us-ct",76.8133998046071
"us-dc",75.3496051480486
"us-de",139.655322090574
"us-fl",66.1320466724168
"us-ga",94.4618226342082
"us-hi",77.658800601768
"us-ia",123.140066158702
"us-id",74.5543066289528
"us-il",67.4458511693082
"us-in",83.878262486075
"us-ks",74.4797639482466
"us-ky",141.729890945731
"us-la",60.4635855290668
"us-ma",115.049583319606
"us-md",60.6968765834664
"us-me",233.655245774132
"us-mi",123.830049838895
"us-mn",157.422712327418
"us-mo",86.2971216348945
"us-ms",85.8881914939219
"us-mt",86.3565366032931
"us-nc",142.079551188307
"us-nd",123.499999966151
"us-ne",71.1276838381269
"us-nh",92.5426833130312
"us-nj",71.9236093641478
"us-nm",92.7036499625055
"us-ny",109.12158483067
"us-oh",101.714217370425
"us-ok",88.3502037642924
"us-or",107.325996257213
"us-pa",83.0155558609304
"us-ri",94.5872699418233
"us-sc",103.583790381316
"us-sd",114.637396211481
"us-tn",97.4911028281875
"us-tx",59.2747290208082
"us-ut",85.3771125366997
"us-va",125.253857338818
"us-vt",103.926382684134
"us-wa",129.43347912118
"us-wi",135.943652985747
"us-wv",190.443053750135
"us-wy",134.43604051754
