"JS_KEY","NAME_REGIONALITY"
"us-al",1.02751528017608
"us-ar",0.536075987876755
"us-az",0.929147733287755
"us-ca",0.865283202908867
"us-co",0.702559829071852
"us-ct",0.787413026391716
"us-dc",0.419514588606491
"us-de",1.15681541595401
"us-fl",0.763383523687539
"us-ga",0.840627597802349
"us-hi",0.909459951882174
"us-ia",1.68410454389252
"us-id",1.1927035010664
"us-il",0.666410248925752
"us-in",0.893308866055937
"us-ks",0.661237141452754
"us-ky",1.17516877927576
"us-la",0.478558321101395
"us-ma",1.20921599335362
"us-md",0.840315232800872
"us-me",2.05372157821243
"us-mi",1.16242765001784
"us-mn",1.25103889223411
"us-mo",0.933278321188693
"us-ms",0.794676093551504
"us-mt",1.02664402986281
"us-nc",1.21913632200662
"us-nd",1.07146428877622
"us-ne",1.10985052709315
"us-nh",2.03298255217695
"us-nj",0.882440608283101
"us-ny",1.14827639768586
"us-oh",0.944414162378589
"us-ok",0.746197308561888
"us-or",0.843720234913055
"us-pa",0.871250812408062
"us-ri",1.12833633857243
"us-sc",1.29601100151451
"us-sd",1.27851527797207
"us-tn",0.932649959235616
"us-tx",0.565812007054303
"us-ut",1.40845031214819
"us-va",1.37831123970661
"us-vt",1.99780186120311
"us-wa",1.63015082424559
"us-wi",1.23874656964065
"us-wv",1.76022760873596
"us-wy",2.24385466396158
