"JS_KEY","NAME_REGIONALITY"
"us-al",0.892497311073932
"us-ar",0.816147339023781
"us-az",0.454475858692345
"us-ca",0.999538487631154
"us-co",0.98794845412596
"us-ct",0.848063975055079
"us-dc",0.655527321894815
"us-de",0.961541822569811
"us-fl",0.562303346094875
"us-ga",0.659768692058046
"us-ia",1.23755880457892
"us-id",1.03116657376713
"us-il",0.761430508867597
"us-in",0.625309541578668
"us-ks",1.06554181622097
"us-ky",1.56354728366662
"us-la",0.773437003921164
"us-ma",1.17794279333411
"us-md",0.916769307482232
"us-me",2.16315432279564
"us-mi",1.32945221989232
"us-mn",1.54971791078626
"us-mo",0.687030312840756
"us-ms",0.647962779461775
"us-mt",1.16760591686099
"us-nc",1.19761281239659
"us-nd",1.56284659524592
"us-ne",0.748834474693987
"us-nh",1.01258357924172
"us-nj",0.902992751047619
"us-ny",1.40992359949605
"us-oh",0.874962315240961
"us-ok",0.850687531985805
"us-or",1.14075606047575
"us-pa",0.884600822997594
"us-ri",0.785769303522655
"us-sc",1.06278931021334
"us-sd",1.12080102450407
"us-tn",0.66225282433829
"us-tx",0.411855912950156
"us-ut",1.1277064519431
"us-va",1.1038516099307
"us-vt",1.65243729341906
"us-wa",1.27634696321108
"us-wi",1.51468735739916
"us-wv",1.28628761517447
"us-wy",1.55451272067905
