"JS_KEY","NAME_REGIONALITY"
"us-al",0.134201220236508
"us-ar",0.142656717017388
"us-az",0.482356540880132
"us-ca",1.28415696874749
"us-co",1.08891882940898
"us-ct",1.25437445137455
"us-dc",1.07792089959965
"us-de",0.85495216768494
"us-fl",0.306897717101575
"us-ga",0.200287606099875
"us-hi",0.773291080147572
"us-ia",0.997537272552357
"us-id",1.44717907499821
"us-il",1.15583563067499
"us-in",0.661942603105402
"us-ks",0.754592722462107
"us-ky",0.307961100708336
"us-la",0.641836784654522
"us-ma",1.2802599491613
"us-md",0.801292780842138
"us-me",0.673127425956524
"us-mi",1.42748253072742
"us-mn",2.6435451548667
"us-mo",0.788019743455456
"us-ms",0.158377207959368
"us-mt",1.11568533186966
"us-nc",0.179007517255064
"us-nd",1.6522883227362
"us-ne",1.4447886861869
"us-nh",1.14066674892777
"us-nj",1.48535782696216
"us-nm",0.307359912458655
"us-nv",1.11260832819643
"us-ny",1.47803089547879
"us-oh",1.0744390646635
"us-ok",0.372964028254821
"us-or",1.49807982834774
"us-pa",1.23804101938367
"us-ri",1.23792830104176
"us-sc",0.138997317863451
"us-sd",1.23205919454308
"us-tn",0.128313899170269
"us-tx",0.334249005637433
"us-ut",2.06887673038543
"us-va",0.229372290761437
"us-vt",0.75169284753466
"us-wa",1.45691990485904
"us-wi",2.46409498392863
"us-wv",0.245469208604642
"us-wy",1.04765180034431
