"JS_KEY","NAME_REGIONALITY"
"us-ak",164.94977342222
"us-al",18.6803337298371
"us-ar",17.6395320239639
"us-az",59.3347833237515
"us-ca",121.506105841519
"us-co",112.979259197549
"us-ct",142.602362667009
"us-dc",74.6897435664191
"us-de",104.568719839747
"us-fl",46.5853988597964
"us-ga",18.7930802855518
"us-hi",123.51192779545
"us-ia",94.1632233255018
"us-id",132.61566724792
"us-il",129.2149373303
"us-in",69.8925235635886
"us-ks",65.6494448735499
"us-ky",28.7408608002271
"us-la",64.7242592910613
"us-ma",159.081930601458
"us-md",74.2447449430232
"us-me",80.4418130519243
"us-mi",142.208576100115
"us-mn",239.838768847794
"us-mo",75.4440126162593
"us-ms",17.3926017525017
"us-mt",104.758241421198
"us-nc",19.7010397211799
"us-nd",148.881440902763
"us-ne",135.057903440733
"us-nh",126.054043211351
"us-nj",154.575540750622
"us-nm",61.7862404767184
"us-nv",102.571507092771
"us-ny",147.534407609407
"us-oh",113.81016041004
"us-ok",30.4654069439199
"us-or",148.565873368498
"us-pa",125.40461879085
"us-ri",140.615216630783
"us-sc",24.1001139467789
"us-sd",105.605453727641
"us-tn",15.318061409091
"us-tx",30.9595326717575
"us-ut",201.774063900411
"us-va",30.2235481994171
"us-vt",89.0174150840837
"us-wa",142.339649859326
"us-wi",225.787379285877
"us-wv",20.6633796829334
"us-wy",146.780418029361
