"JS_KEY","NAME_REGIONALITY"
"us-ak",109.608133210938
"us-al",10.9906021092061
"us-ar",17.0544866508046
"us-az",92.55608553595
"us-ca",130.19335579399
"us-co",110.022353997654
"us-ct",158.185504140238
"us-dc",99.1288160558325
"us-de",89.082461629544
"us-fl",46.1448333231699
"us-ga",13.3294734980717
"us-hi",113.324799609143
"us-ia",96.7135511611995
"us-id",141.11009375697
"us-il",137.048316927207
"us-in",75.2513263385664
"us-ks",77.7371513743971
"us-ky",36.3769823465488
"us-la",44.7155469458551
"us-ma",169.499354352992
"us-md",75.2598450900639
"us-me",84.1877961577628
"us-mi",124.922112787362
"us-mn",165.206763185542
"us-mo",88.2961188935068
"us-ms",16.8244520598177
"us-mt",118.666919865344
"us-nc",11.5994606148857
"us-nd",178.177424372387
"us-ne",137.716879078233
"us-nh",147.944733273431
"us-nj",163.16301035608
"us-nm",54.7876532881266
"us-nv",120.630382017181
"us-ny",136.255014847109
"us-oh",109.225560828585
"us-ok",29.8042912472573
"us-or",128.566342703092
"us-pa",134.572408622903
"us-ri",150.113361503024
"us-sc",13.5678392213057
"us-sd",129.672850844625
"us-tn",16.8806013126077
"us-tx",32.8841671340842
"us-ut",170.899195551135
"us-va",25.0089639870242
"us-vt",94.5766118660255
"us-wa",138.28869323184
"us-wi",193.241480437723
"us-wv",19.0238764917318
"us-wy",103.59948710446
