"JS_KEY","NAME_REGIONALITY"
"us-ak",152.112576482043
"us-al",40.4855930977101
"us-ar",25.137037624419
"us-az",88.2728893231266
"us-ca",100.86779883538
"us-co",65.007652806899
"us-ct",138.278206970976
"us-dc",239.733421364084
"us-de",207.817009046113
"us-fl",72.1722430997539
"us-ga",64.714083846314
"us-hi",77.4458895353997
"us-ia",102.929473977229
"us-id",83.8071606495431
"us-il",140.735869001786
"us-in",75.6528493082396
"us-ks",75.7625133992236
"us-ky",46.8762928991192
"us-la",39.6085467063551
"us-ma",188.747032677371
"us-md",127.021341594209
"us-me",99.4382988364809
"us-mi",95.5046114448803
"us-mn",98.4337439400453
"us-mo",108.289544213512
"us-ms",26.5371952458974
"us-mt",158.343653004377
"us-nc",44.2604547002363
"us-nd",47.9264132823046
"us-ne",123.591757204233
"us-nh",167.667002919077
"us-nj",194.118504994158
"us-nm",68.8722430024302
"us-nv",80.683032507892
"us-ny",148.936919769399
"us-oh",127.677494731177
"us-ok",59.8267155760968
"us-or",115.882329854262
"us-pa",141.990806986597
"us-ri",86.2566035887948
"us-sc",34.8112182563088
"us-sd",59.6590543641014
"us-tn",36.7548820412564
"us-tx",53.1019141908372
"us-ut",53.4257183980065
"us-va",118.11431916291
"us-vt",97.6677145378417
"us-wa",111.974494702088
"us-wi",90.7718585541159
"us-wv",39.9013237147442
"us-wy",124.739765427175
