"JS_KEY","NAME_REGIONALITY"
"us-ak",149.843372882592
"us-al",41.4390848693709
"us-ar",31.0449145353566
"us-az",75.9382050585668
"us-ca",95.0093669921927
"us-co",97.3003268107462
"us-ct",169.411082773012
"us-dc",175.877623481719
"us-de",179.159753386307
"us-fl",83.5717344975644
"us-ga",62.1564775325635
"us-hi",89.1098239732369
"us-ia",102.692345586366
"us-id",118.514975733511
"us-il",141.052052592486
"us-in",82.2421894231463
"us-ks",85.3312573160393
"us-ky",56.7542604019874
"us-la",65.6488977873906
"us-ma",178.98347203714
"us-md",133.81325362798
"us-me",90.2582192286333
"us-mi",103.011367667162
"us-mn",117.694657083771
"us-mo",113.515358726294
"us-ms",56.8117544920005
"us-mt",77.8892150671819
"us-nc",59.0541207035497
"us-nd",91.2861600587372
"us-ne",88.0111304914125
"us-nh",146.078004784295
"us-nj",141.558323663255
"us-nm",80.1634775488361
"us-nv",113.516468466823
"us-ny",135.976521473367
"us-oh",106.559719912923
"us-ok",53.9659288900903
"us-or",101.282003217158
"us-pa",127.338581324698
"us-ri",114.735157968562
"us-sc",62.6018134879098
"us-sd",112.278167434423
"us-tn",36.2271452850274
"us-tx",62.705425325197
"us-ut",52.2893289453122
"us-va",117.188392744529
"us-vt",64.3994074488445
"us-wa",124.641239617154
"us-wi",81.3894312950167
"us-wv",85.8789659089165
"us-wy",104.161704028987
