"JS_KEY","NAME_REGIONALITY"
"us-ak",181.306359934357
"us-al",65.3742518177626
"us-ar",27.094677662323
"us-az",70.2424668513087
"us-ca",88.9466625834194
"us-co",122.173409717903
"us-ct",159.195630040964
"us-dc",236.172336473279
"us-de",63.8660259183328
"us-fl",92.3486741500385
"us-ga",71.4893014489581
"us-hi",79.1093108500603
"us-ia",92.5764412394182
"us-id",106.911831488391
"us-il",143.844272881341
"us-in",76.8772054202739
"us-ks",112.19072713996
"us-ky",72.0075688523126
"us-la",64.5090752443445
"us-ma",133.887688864581
"us-md",141.279244989685
"us-me",137.602255842226
"us-mi",101.276421791709
"us-mn",82.7490433810044
"us-mo",127.165004205714
"us-ms",24.760608067891
"us-mt",102.836505427736
"us-nc",72.7647813324015
"us-ne",137.915700616354
"us-nh",130.88787770045
"us-nj",139.29165418295
"us-nm",86.6165845072668
"us-nv",76.7251453348475
"us-ny",130.786597454855
"us-oh",95.948256134688
"us-ok",55.5525707517088
"us-or",84.9456226875896
"us-pa",126.840719527994
"us-ri",98.2076116311103
"us-sc",73.104883138115
"us-sd",74.8392986039301
"us-tn",48.1681171725748
"us-tx",72.375388413063
"us-ut",66.7746771571202
"us-va",127.976573591797
"us-vt",101.890839762966
"us-wa",100.283538587543
"us-wi",81.2395811752517
"us-wv",98.0939585682344
