"JS_KEY","NAME_REGIONALITY"
"us-al",0.468913832264628
"us-az",0.915097891971575
"us-ca",0.83579858126142
"us-co",0.768140493588073
"us-ct",2.2030208356777
"us-dc",1.46247835881982
"us-fl",0.851765420884824
"us-ga",1.18554583704017
"us-ia",1.10485725308994
"us-id",1.4347799050543
"us-il",1.27594890037916
"us-in",1.10187612514889
"us-ks",0.910396622945673
"us-la",0.878751628024396
"us-ma",2.03158568301146
"us-md",1.06221804014436
"us-me",2.50388325700257
"us-mi",1.15448989765397
"us-mn",1.20057652911041
"us-mo",1.26691735466853
"us-nc",0.855359943397066
"us-ne",1.73197025575827
"us-nh",2.0812192029359
"us-nj",1.2381937030125
"us-nv",0.872195152809322
"us-ny",1.08698383083789
"us-oh",1.03134929554441
"us-ok",0.684162885960608
"us-or",0.854716573751788
"us-pa",1.435091804043
"us-ri",2.07047497990222
"us-sc",0.909804391355486
"us-tn",0.741755133584156
"us-tx",0.786323854122178
"us-ut",0.470302824601855
"us-va",1.19023067347486
"us-wa",1.13335040159878
"us-wi",1.09281521218433
