"JS_KEY","NAME_REGIONALITY"
"us-al",55.2763854739347
"us-az",36.0548671677133
"us-ca",92.9496908854902
"us-co",138.618962154485
"us-ct",143.760378519617
"us-dc",204.331261336832
"us-fl",68.998200539486
"us-ga",125.216239374698
"us-ia",120.358330984228
"us-il",124.961617326229
"us-in",134.142693139277
"us-ks",118.962311799007
"us-ky",77.6234625064006
"us-la",72.248166448654
"us-ma",217.50065401237
"us-md",113.378366551299
"us-me",182.988799769883
"us-mi",85.3210805930221
"us-mn",81.7938871747347
"us-mo",81.5192950992464
"us-ms",80.984547536642
"us-nc",108.161835162733
"us-ne",135.500974658869
"us-nh",157.648693558843
"us-nj",119.584914536655
"us-nm",163.39823414746
"us-nv",104.394737757851
"us-ny",113.601113833325
"us-oh",107.20668896384
"us-ok",59.7284256129621
"us-or",165.249772211454
"us-pa",149.967749057772
"us-ri",168.213765472759
"us-tn",112.848668718538
"us-tx",65.5761158798864
"us-ut",77.068528987506
"us-va",123.020339728251
"us-wa",141.964394233739
"us-wi",62.9344657152495
"us-wv",121.229414336929
