"JS_KEY","NAME_REGIONALITY"
"us-az",155.828598808953
"us-ca",98.1260573928598
"us-co",221.492508270091
"us-fl",68.5780559258339
"us-il",121.803103263777
"us-in",153.862617433032
"us-ky",233.072827793325
"us-la",238.07780798996
"us-ma",104.302208375332
"us-mi",155.679409149969
"us-nc",203.787993554696
"us-nj",191.340038663043
"us-ny",153.816528266701
"us-oh",136.836305349629
"us-pa",268.223234624146
"us-tx",101.26479048664
"us-va",106.861211078079
"us-wa",213.800480016696
