"JS_KEY","NAME_REGIONALITY"
"us-ak",101.510236243073
"us-al",65.639604724368
"us-ar",93.8455649376587
"us-az",77.9515246375404
"us-ca",100.288123736711
"us-co",75.6339648748817
"us-ct",71.8343673352024
"us-dc",60.0596808794999
"us-de",104.369237397242
"us-fl",93.3087701118638
"us-ga",81.1471698849016
"us-hi",60.4614123705947
"us-ia",153.969978857043
"us-id",62.3245501210812
"us-il",112.259588457152
"us-in",154.979867260628
"us-ks",140.200824443137
"us-ky",178.365987361645
"us-la",45.246125377714
"us-ma",47.7537963750899
"us-md",129.622635745687
"us-me",96.7817572119232
"us-mi",155.955978277427
"us-mn",94.2808899436453
"us-mo",119.175203426731
"us-ms",51.5614447980666
"us-mt",79.4325782060041
"us-nc",130.433505465209
"us-nd",111.681106324282
"us-ne",146.389788300571
"us-nh",76.5275725990352
"us-nj",48.4438731519509
"us-nm",61.6459951471156
"us-nv",62.2397822744139
"us-ny",37.8015569436214
"us-oh",171.922690040972
"us-ok",117.352254588424
"us-or",111.351797784034
"us-pa",120.193741385426
"us-ri",50.388509890691
"us-sc",73.414229392657
"us-sd",153.090422198347
"us-tn",135.977884695244
"us-tx",83.7528260079869
"us-ut",31.302624940834
"us-va",103.569681038584
"us-vt",100.039613599634
"us-wa",113.172125106024
"us-wi",41.7773174220814
"us-wv",210.914818211779
"us-wy",72.8100899261674
