"JS_KEY","NAME_REGIONALITY"
"us-ak",0.919709443221541
"us-al",1.19870380188237
"us-ar",0.94069203632417
"us-az",0.821520077223213
"us-ca",0.99159488729448
"us-co",0.894008241379119
"us-ct",0.842981717252013
"us-dc",0.982458847975355
"us-de",1.2470007041806
"us-fl",1.17426673232562
"us-ga",0.939712013037565
"us-hi",0.792058206636428
"us-ia",1.06183520321022
"us-id",0.847959061126244
"us-il",1.05466033009827
"us-in",1.42386278241708
"us-ks",1.06982181621283
"us-ky",1.45128480368621
"us-la",0.679478284940153
"us-ma",0.628547843181288
"us-md",1.21597922718459
"us-me",0.782772881713108
"us-mi",1.36399785424464
"us-mn",0.909705438669319
"us-mo",1.22357050439005
"us-ms",0.615804820726096
"us-mt",1.04724565730254
"us-nc",1.23079345751919
"us-nd",1.08959595062427
"us-ne",1.03596056617718
"us-nh",0.791331354445207
"us-nj",0.632910408250682
"us-nm",0.616010174044985
"us-nv",1.03901469520483
"us-ny",0.480651030533062
"us-oh",1.38490976949299
"us-ok",1.36580412209446
"us-or",1.21738361975834
"us-pa",1.03740263753374
"us-ri",0.677960684776632
"us-sc",0.863252696343296
"us-sd",0.832014814546347
"us-tn",1.33828507068765
"us-tx",1.15291541297702
"us-ut",0.795006140108406
"us-va",1.16452566724117
"us-vt",1.06506930081851
"us-wa",1.1001843369912
"us-wi",0.491083797997373
"us-wv",1.54328179612077
"us-wy",0.78648763341174
