"JS_KEY","NAME_REGIONALITY"
"us-ak",0.729011645324729
"us-al",1.35620923756558
"us-ar",1.37940364515885
"us-az",0.789883538971833
"us-ca",0.832945182729405
"us-co",0.874668380234709
"us-ct",0.909692193269898
"us-dc",1.12033120253041
"us-de",0.903380287739339
"us-fl",1.20253403535363
"us-ga",1.41697495066902
"us-hi",1.22571451481277
"us-ia",0.8277753958192
"us-id",0.756939057647957
"us-il",1.08501185451312
"us-in",0.987654905905864
"us-ks",0.953221958787027
"us-ky",1.1083554331264
"us-la",1.17416729899929
"us-ma",0.858151087270208
"us-md",1.12635690107404
"us-me",0.765398962957835
"us-mi",0.973949305611763
"us-mn",0.829499934637679
"us-mo",1.06551976550726
"us-ms",1.40109922919619
"us-mt",0.959213759807193
"us-nc",1.34549197456723
"us-nd",0.886704649769729
"us-ne",0.92775772436001
"us-nh",0.778985346044387
"us-nj",0.9579283048188
"us-nm",0.752986826240271
"us-nv",1.07580529766794
"us-ny",0.747084348275688
"us-oh",0.978926145579448
"us-ok",1.18691405449937
"us-or",0.844645451818862
"us-pa",0.91609604832808
"us-ri",0.993042595882178
"us-sc",1.31409514647267
"us-sd",0.911017892056633
"us-tn",1.39227819516727
"us-tx",1.024460936656
"us-ut",0.900052765120236
"us-va",1.22271252084176
"us-vt",0.703246160978533
"us-wa",0.790262857314245
"us-wi",0.694310855396073
"us-wv",1.08536609702867
"us-wy",0.972696385902031
