"JS_KEY","NAME_REGIONALITY"
"us-ak",65.2263598012406
"us-al",131.291331342127
"us-ar",96.7460011253115
"us-az",107.693615609112
"us-ca",135.948058811232
"us-co",67.0389194928867
"us-ct",59.7083857641679
"us-dc",62.2568708934918
"us-de",108.752110152071
"us-fl",84.9702029778399
"us-ga",116.254099197338
"us-hi",115.578967747531
"us-ia",70.5758598137164
"us-id",110.592177150803
"us-il",77.2143568960317
"us-in",70.3135023971389
"us-ks",90.9736610499966
"us-ky",115.407025882974
"us-la",122.982508498822
"us-ma",77.7934084708006
"us-md",82.736032889377
"us-me",111.017478826103
"us-mi",63.2202907071988
"us-mn",63.5182995046023
"us-mo",94.4651127198952
"us-ms",160.349940500814
"us-mt",74.1900514247473
"us-nc",105.338002725527
"us-nd",76.4319790736781
"us-ne",42.5326531200568
"us-nh",72.7019012916703
"us-nj",109.708395209624
"us-nm",133.048105059578
"us-nv",100.845407952655
"us-ny",106.235596939753
"us-oh",60.0728769080836
"us-ok",106.983932383636
"us-or",90.0311033446671
"us-pa",79.0985498974383
"us-ri",78.7819785449963
"us-sc",133.578898655284
"us-sd",32.7738896320273
"us-tn",103.530999755574
"us-tx",134.762722434716
"us-ut",105.983566058249
"us-va",98.2773443609155
"us-vt",100.573935363922
"us-wa",94.881403086002
"us-wi",71.2851261558905
"us-wv",113.47651259811
"us-wy",106.969161038038
