"JS_KEY","NAME_REGIONALITY"
"us-al",0.62000469505217
"us-ar",1.00011222764347
"us-az",2.2058389261745
"us-ca",1.20464504463413
"us-co",1.04429251488328
"us-ct",0.867502970657768
"us-dc",1.19306191920496
"us-de",1.26980859237019
"us-fl",1.01495656112323
"us-ga",0.87312348500482
"us-ia",1.24202642239555
"us-id",2.00250740504668
"us-il",0.967332959071884
"us-in",1.65000568558474
"us-ks",1.12161301330907
"us-ky",0.937325322737038
"us-la",1.06049948373774
"us-ma",0.915285861483194
"us-md",0.827189597315436
"us-me",1.48799436965982
"us-mi",0.720284250641306
"us-mn",0.950110090240271
"us-mo",1.2853808410056
"us-ms",0.557318723249581
"us-mt",1.2279467706437
"us-nc",0.864269548930857
"us-nd",1.02544164956459
"us-ne",1.33258467347952
"us-nh",1.60515445792129
"us-nj",0.493262414152874
"us-nm",1.23256728076803
"us-ny",0.744749918803444
"us-oh",1.51045219784748
"us-ok",1.22094405507813
"us-or",1.803840243367
"us-pa",1.27628096017811
"us-ri",0.584586287855432
"us-sc",1.0502845149802
"us-sd",1.49312201681487
"us-tn",0.951221408412339
"us-tx",0.894764336779694
"us-ut",0.827189597315436
"us-va",0.592057993988554
"us-vt",1.91342789414603
"us-wa",1.18877546919584
"us-wi",0.772079122051743
"us-wv",1.14642481504272
