"JS_KEY","NAME_REGIONALITY"
"us-ak",2.74513295729251
"us-al",0.580894077490851
"us-ar",1.0723981201954
"us-az",0.833899484631442
"us-ca",0.884450376527615
"us-co",0.810520895306885
"us-ct",0.882438947805698
"us-dc",0.725074737795168
"us-de",0.802190676236105
"us-fl",0.552995144850961
"us-ga",0.706611639504862
"us-hi",0.879465924864353
"us-ia",1.41299648607592
"us-id",0.850638809253986
"us-il",0.919256965383489
"us-in",1.67309084880423
"us-ks",1.68855030918922
"us-ky",1.0247298228253
"us-la",1.04898329329123
"us-ma",0.910006781556741
"us-md",0.735520691786776
"us-me",1.25066753441975
"us-mi",0.812321179634068
"us-mn",0.913577786335227
"us-mo",1.40325640285252
"us-ms",0.57676918947211
"us-mt",0.658749566054445
"us-nc",0.981107724070259
"us-nd",1.00171439025429
"us-ne",1.52244895317427
"us-nh",1.60007749787541
"us-nj",0.688812472621032
"us-nm",1.20636521669722
"us-nv",0.794309304772137
"us-ny",0.745339215310106
"us-oh",1.55444745725019
"us-ok",1.30226865863735
"us-or",0.813824853005005
"us-pa",1.19993753424415
"us-ri",0.804402422286624
"us-sc",0.647099839177577
"us-sd",1.28463820173051
"us-tn",1.05942126336006
"us-tx",0.661821916816716
"us-ut",0.948455831337811
"us-va",0.657390734923585
"us-vt",1.47645875966146
"us-wa",0.8608130941651
"us-wi",0.872387153152894
"us-wv",1.41466463961288
"us-wy",1.17098907379936
