"JS_KEY","NAME_REGIONALITY"
"us-ak",1.79865290000425
"us-al",0.629548582579257
"us-ar",0.884262742151949
"us-az",1.02434777821254
"us-ca",0.870186882200024
"us-co",0.948872727498823
"us-ct",1.08312860890653
"us-dc",1.07416416711511
"us-de",1.29822000000307
"us-fl",0.607160328185638
"us-ga",0.634049049894252
"us-hi",1.14655722688627
"us-ia",0.938150122888084
"us-id",0.794764890803065
"us-il",0.869209116576874
"us-in",1.26040640627322
"us-ks",0.837207705438136
"us-ky",1.39196529525616
"us-la",1.02298173716121
"us-ma",2.02775319205073
"us-md",1.00968425187166
"us-me",1.7368838996428
"us-mi",0.828560610136395
"us-mn",0.889209555570277
"us-mo",1.0904192372704
"us-ms",0.571713563021652
"us-mt",0.571070541310363
"us-nc",0.76810296136127
"us-nd",0.776804261774689
"us-ne",0.885982523614356
"us-nh",2.52021423853807
"us-nj",0.756916512839429
"us-nm",1.16615347020961
"us-nv",0.925966355058368
"us-ny",1.03305881601172
"us-oh",1.23703879671949
"us-ok",1.00859041121734
"us-or",0.915677840002164
"us-pa",1.16298681211177
"us-ri",1.1954862413578
"us-sc",0.658892709176053
"us-sd",0.721006173230051
"us-tn",1.08766323163992
"us-tx",0.668610383868062
"us-ut",1.47769420118692
"us-va",0.818172872326657
"us-vt",1.78378800000422
"us-wa",0.767625015274059
"us-wi",0.825468184788997
"us-wv",1.26689363154936
"us-wy",0.766201363478029
