"JS_KEY","NAME_REGIONALITY"
"us-ak",99.667209960941
"us-al",58.2826233575685
"us-ar",69.7446672889372
"us-az",94.0329563727108
"us-ca",94.1655462218452
"us-co",83.6789723882919
"us-ct",147.884931737033
"us-dc",100.36127402699
"us-de",128.988765930323
"us-fl",82.7723056570963
"us-ga",51.6193184616299
"us-hi",121.507433076256
"us-ia",94.7047313072065
"us-id",80.7106608812014
"us-il",95.5515096751854
"us-in",85.6100184409893
"us-ks",74.7063538830385
"us-ky",104.910765187906
"us-la",77.637239532491
"us-ma",245.791969853686
"us-md",98.3640974726966
"us-me",177.728093493122
"us-mi",102.561686494984
"us-mn",96.7363937315743
"us-mo",87.445013292605
"us-ms",63.8558471262107
"us-mt",69.727471858146
"us-nc",61.8739821213367
"us-nd",106.536313040329
"us-ne",63.3721342524895
"us-nh",213.772989208887
"us-nj",115.632525990675
"us-nm",118.035117239901
"us-nv",68.7446786396397
"us-ny",131.625031438119
"us-oh",105.142733064018
"us-ok",75.456234078051
"us-or",75.0965136818004
"us-pa",103.01196323421
"us-ri",176.123057702612
"us-sc",57.0830204894402
"us-sd",78.6853104127419
"us-tn",71.8018787971838
"us-tx",77.4849706264517
"us-ut",140.177582396134
"us-va",74.7336466340013
"us-vt",137.712098680438
"us-wa",88.3604582996977
"us-wi",89.3079223985363
"us-wv",93.3654724806399
"us-wy",83.2199346329567
