"JS_KEY","NAME_REGIONALITY"
"us-ak",116.25833373565
"us-al",64.1621772258227
"us-ar",71.9682690921642
"us-az",105.674641480503
"us-ca",103.655392954445
"us-co",103.697997825758
"us-ct",124.848646271583
"us-dc",100.781630275278
"us-de",88.4298109853417
"us-fl",80.5788709010358
"us-ga",53.163823290931
"us-hi",144.05837478341
"us-ia",93.2212923454955
"us-id",92.4109399253286
"us-il",89.0539594514029
"us-in",81.7859724276648
"us-ks",81.1805974252647
"us-ky",98.6474937875958
"us-la",92.6732805066562
"us-ma",184.192815892665
"us-md",87.6426178370552
"us-me",131.201763439245
"us-mi",109.160278458139
"us-mn",159.575271932414
"us-mo",99.0414693055164
"us-ms",69.2333406328211
"us-mt",93.6368915093122
"us-nc",55.0781848761662
"us-nd",135.779365549235
"us-ne",81.0010908440784
"us-nh",119.954308907456
"us-nj",106.690903031293
"us-nm",111.655163202848
"us-nv",104.228048719925
"us-ny",114.723828985966
"us-oh",86.8750679816181
"us-ok",81.9184826329051
"us-or",98.469716044475
"us-pa",98.8141548292596
"us-ri",163.802102236074
"us-sc",50.3613787939887
"us-sd",109.287762692708
"us-tn",71.7813174895967
"us-tx",92.8803994688831
"us-ut",148.523430322988
"us-va",66.8165208674014
"us-vt",106.060435760932
"us-wa",104.6310660238
"us-wi",132.096152387607
"us-wv",91.7886626286249
"us-wy",96.3545667461992
