"JS_KEY","NAME_REGIONALITY"
"us-ak",147.609190079331
"us-al",69.1204193997644
"us-ar",86.0048351404048
"us-az",115.412209682191
"us-ca",112.515972854515
"us-co",130.776908634506
"us-ct",108.301316277246
"us-dc",89.7237871180778
"us-de",89.5862643438657
"us-fl",88.9813939897938
"us-ga",67.9319821171469
"us-hi",141.826285793967
"us-ia",84.8091349450038
"us-id",110.213722986698
"us-il",97.7043355073868
"us-in",80.4503078389197
"us-ks",84.6506045191578
"us-ky",89.4914657454101
"us-la",111.664975234289
"us-ma",153.606979286024
"us-md",105.231602175523
"us-me",98.7470321622424
"us-mi",107.099494595472
"us-mn",126.729908567109
"us-mo",86.569622057366
"us-ms",76.8080365213128
"us-mt",120.429886948126
"us-nc",63.7036429801255
"us-nd",164.911902430313
"us-ne",81.7511515913656
"us-nh",116.898886554204
"us-nj",102.637115571748
"us-nm",109.825776451137
"us-nv",101.698576686279
"us-ny",114.738311882406
"us-oh",86.4962540145379
"us-ok",90.8224241770382
"us-or",99.2144306849107
"us-pa",93.5845975430319
"us-ri",130.80515068676
"us-sc",75.5484108610346
"us-sd",135.65128384954
"us-tn",73.9077789076496
"us-tx",98.7126966642552
"us-ut",126.65196132478
"us-va",80.2847213333313
"us-vt",110.826116708981
"us-wa",98.6981870911407
"us-wi",137.266292485252
"us-wv",95.0219825063083
"us-wy",122.69919605891
