"JS_KEY","NAME_REGIONALITY"
"us-ak",0.924971407199486
"us-al",0.642518570657108
"us-ar",0.79298661929014
"us-az",1.07741377380754
"us-ca",1.17421395159312
"us-co",1.09976622213449
"us-ct",1.31575246741218
"us-dc",1.01291195445592
"us-de",1.02189460736994
"us-fl",0.854091973799871
"us-ga",0.701390896776032
"us-hi",1.34420179555096
"us-ia",0.723065293092351
"us-id",0.814241913814046
"us-il",1.01863914893869
"us-in",0.855346077425224
"us-ks",0.998813087309596
"us-ky",0.907452777139343
"us-la",1.06055314079815
"us-ma",1.34741404481667
"us-md",1.02192027173444
"us-me",1.06540871115492
"us-mi",1.08755224114248
"us-mn",1.31395761102942
"us-mo",0.785224665424087
"us-ms",0.771320203027033
"us-mt",0.978560468881567
"us-nc",0.672905728268979
"us-nd",1.41399105355925
"us-ne",0.825960740990267
"us-nh",0.684306464993814
"us-nj",1.12938934603646
"us-nm",1.32551064167668
"us-nv",1.05594454485769
"us-ny",1.19419270911825
"us-oh",0.856275467391885
"us-ok",0.723615822476462
"us-or",0.92288472026774
"us-pa",0.964869119752478
"us-ri",1.29552483811421
"us-sc",0.720040223613261
"us-sd",1.24538355056056
"us-tn",0.782253796832174
"us-tx",1.00633770579228
"us-ut",1.10728323768917
"us-va",0.799474150375003
"us-vt",0.921184420885466
"us-wa",1.12150762111264
"us-wi",1.18088182800669
"us-wv",0.831080005542846
"us-wy",1.39218313658289
