"JS_KEY","NAME_REGIONALITY"
"us-ak",99.312211393855
"us-al",69.2914434131785
"us-ar",72.0710610954514
"us-az",115.83121691578
"us-ca",118.028648189547
"us-co",113.482437342973
"us-ct",130.990516974669
"us-dc",143.076422911218
"us-de",92.9184102961771
"us-fl",93.7565761785761
"us-ga",57.6282274484977
"us-hi",111.744313363582
"us-ia",70.9525267130002
"us-id",88.1640504451332
"us-il",100.489989290029
"us-in",81.0226284095004
"us-ks",86.0273099132827
"us-ky",85.3351161936799
"us-la",118.439878614009
"us-ma",137.891026136359
"us-md",100.003028284593
"us-me",72.5817959052768
"us-mi",100.825508368446
"us-mn",118.918982568722
"us-mo",86.4924810705308
"us-ms",68.3393730376952
"us-mt",79.3596595796494
"us-nc",65.7152811714328
"us-nd",107.731686205762
"us-ne",88.684904155455
"us-nh",69.6451017657793
"us-nj",121.337063214006
"us-nm",109.753847716616
"us-nv",102.088045352352
"us-ny",127.541065095172
"us-oh",100.725310137619
"us-ok",67.4570129016383
"us-or",87.6073317474673
"us-pa",91.5032395540123
"us-ri",162.039826398379
"us-sc",71.4164062332933
"us-sd",102.930175402916
"us-tn",64.9591093377258
"us-tx",94.9118735064761
"us-ut",111.209478388002
"us-va",91.1270059680752
"us-vt",63.083124566342
"us-wa",101.371739441845
"us-wi",125.15049334453
"us-wv",89.1116188316128
"us-wy",63.2017337180917
