"JS_KEY","NAME_REGIONALITY"
"us-ak",1.27496579737187
"us-al",0.565160825363381
"us-ar",0.819812147963791
"us-az",1.03780439398319
"us-ca",1.12947710513496
"us-co",1.15441168293889
"us-ct",1.21699895916236
"us-dc",1.29121117422071
"us-de",1.2203297778797
"us-fl",0.900405831441484
"us-ga",0.734862170286751
"us-hi",1.13742699636356
"us-ia",0.867709283661713
"us-id",0.92112869844512
"us-il",0.985395432051602
"us-in",0.829189247757641
"us-ks",0.978408758102318
"us-ky",0.767153490724737
"us-la",0.99325426947439
"us-ma",1.35333328368718
"us-md",1.15223036862074
"us-me",0.9424913962931
"us-mi",1.09562187430288
"us-mn",1.31971803117561
"us-mo",0.795334735780613
"us-ms",0.569927450980632
"us-mt",1.19507966196632
"us-nc",0.702394612616897
"us-nd",1.26856185957685
"us-ne",0.750176320358514
"us-nh",0.984723251208966
"us-nj",1.09190250992448
"us-nm",1.07781753188286
"us-nv",0.971810497403944
"us-ny",1.20861113842853
"us-oh",0.867497340146252
"us-ok",0.75864407305814
"us-or",0.962131716614507
"us-pa",0.968380836691526
"us-ri",1.14508940159648
"us-sc",0.774328458918295
"us-sd",0.844839920165217
"us-tn",0.694021773088903
"us-tx",1.00057554285433
"us-ut",1.06908136551519
"us-va",0.921944799898341
"us-vt",1.0453743352347
"us-wa",1.00958677040562
"us-wi",1.17183788660981
"us-wv",0.704165318434621
"us-wy",1.34403707092721
