"JS_KEY","NAME_REGIONALITY"
"us-ak",0.640774392407769
"us-al",0.726347727091134
"us-ar",0.732389353126529
"us-az",1.16250623799677
"us-ca",0.948039927115783
"us-co",0.984030569196037
"us-ct",1.11045772920311
"us-dc",1.14802164717766
"us-de",0.703468639815121
"us-fl",0.960069686986701
"us-ga",0.790994989791154
"us-hi",0.979110137572062
"us-ia",0.714797330645005
"us-id",0.711628014407019
"us-il",0.933277062270226
"us-in",1.1719203070962
"us-ks",0.932576828824834
"us-ky",1.02336591191305
"us-la",1.25809289681965
"us-ma",1.37466998472194
"us-md",1.16549878594335
"us-me",1.0013827692653
"us-mi",1.10626167575489
"us-mn",1.15245668872938
"us-mo",0.774753565350717
"us-ms",0.933645743738266
"us-mt",1.21715460774916
"us-nc",0.7500736514396
"us-nd",0.802638944140706
"us-ne",0.88408849659686
"us-nh",0.801081933579812
"us-nj",1.14163449239172
"us-nm",1.04076381760086
"us-nv",0.777504907933232
"us-ny",1.11889923934266
"us-oh",0.991555400496209
"us-ok",0.804097624638917
"us-or",0.833459953015483
"us-pa",1.10128863039058
"us-ri",1.29673824761289
"us-sc",0.760028198765191
"us-sd",0.990854665538042
"us-tn",0.897849024801981
"us-tx",1.01530552495343
"us-ut",0.864950698546176
"us-va",1.09103217492502
"us-vt",0.892225686544796
"us-wa",0.842743529544834
"us-wi",1.16842864714482
"us-wv",0.722658667728099
"us-wy",0.814271392606513
