"JS_KEY","NAME_REGIONALITY"
"us-ak",1.86280376988131
"us-al",0.778220469296467
"us-ar",0.97502023111691
"us-az",1.03221519778434
"us-ca",0.92001912650186
"us-co",0.989506245979218
"us-ct",1.06878094169393
"us-dc",1.95246407333061
"us-de",0.998657085204592
"us-fl",0.854285718116817
"us-ga",0.778506985516831
"us-hi",1.94371992726058
"us-ia",0.846777986829727
"us-id",0.944325499349318
"us-il",1.01327074732395
"us-in",1.12196107176159
"us-ks",0.816275623899616
"us-ky",0.996625982598303
"us-la",1.47395201223988
"us-ma",1.43543034198645
"us-md",1.14274447807309
"us-me",0.752401265582604
"us-mi",1.07502269506504
"us-mn",1.03538731434672
"us-mo",1.02090072118396
"us-ms",0.953519159395376
"us-mt",1.10135769125725
"us-nc",0.739454397231539
"us-ne",1.00164895470363
"us-nh",1.19389063417246
"us-nj",1.10715917046677
"us-nm",1.07933127042447
"us-nv",0.719150898382259
"us-ny",0.82197295651037
"us-oh",1.15964712802459
"us-ok",1.06115216071067
"us-or",1.19071868931876
"us-pa",1.0909706979424
"us-ri",0.646446813007187
"us-sc",1.05096197523545
"us-sd",2.68544594859696
"us-tn",0.928564767890448
"us-tx",1.05535526040014
"us-ut",0.925744882476128
"us-va",1.29775659729891
"us-vt",1.24002742478116
"us-wa",0.623577009588227
"us-wi",1.06823628536932
"us-wv",1.15839228598307
