"JS_KEY","NAME_REGIONALITY"
"us-ny",593.666946532196
"us-sc",2526.65507126579
