"JS_KEY","NAME_REGIONALITY"
"us-fl",1226.66447557044
"us-ga",863.29382004777
"us-nc",1045.84513876698
"us-ny",171.317082222418
"us-tn",706.918924844021
