"JS_KEY","NAME_REGIONALITY"
"us-al",531.842199284533
"us-ca",106.980707118886
"us-fl",554.839137857931
"us-ga",364.898203196432
"us-il",101.394180107452
"us-ks",449.266617935833
"us-la",249.064087123132
"us-nc",736.363346427807
"us-ny",68.3217069055713
"us-ok",439.03087954563
"us-tx",108.514466389101
"us-va",475.09914232863
