"JS_KEY","NAME_REGIONALITY"
"us-al",422.70204827334
"us-ar",264.568322800123
"us-ca",75.3309420232224
"us-fl",342.920180665431
"us-ga",459.1499550236
"us-il",41.5017484340526
"us-ky",163.63687636506
"us-la",426.468443288808
"us-mo",228.9956961979
"us-nc",515.214315874212
"us-ny",75.0910031631044
"us-sc",361.41136228312
"us-tn",418.147623365881
"us-tx",194.006946850558
"us-va",203.309477037926
