"JS_KEY","NAME_REGIONALITY"
"us-al",6.90227065788272
"us-ar",2.42020512684546
"us-ca",0.699320055491499
"us-fl",3.45678249668404
"us-ga",5.62413191176011
"us-il",0.363976565426863
"us-la",4.95868370757444
"us-mi",0.441979970848318
"us-ms",4.40776973804665
"us-nc",5.8358024036129
"us-ny",0.217293624419092
"us-oh",0.368159119703843
"us-pa",0.394011819051646
"us-sc",3.83322935425591
"us-tx",1.43517683209676
"us-va",3.20959647343601
