"JS_KEY","NAME_REGIONALITY"
"us-al",7.13876579194581
"us-ca",0.740076617754939
"us-co",1.55171044882926
"us-ct",0.981453865494327
"us-fl",2.57234362089746
"us-ga",3.50747944702991
"us-il",0.313955582650797
"us-la",4.51991223500956
"us-ma",0.455332903682911
"us-md",0.702574515969982
"us-mo",0.49556931495806
"us-ms",1.35765946798128
"us-nc",4.34923288029911
"us-nj",0.502971583212665
"us-ny",0.536224325343116
"us-oh",0.501064452209555
"us-ok",1.86385967106159
"us-pa",0.68940005926359
"us-sc",3.86750200875009
"us-tn",3.15024781229484
"us-tx",1.15176086117615
"us-va",1.43743438449613
"us-wa",0.771988836253093
