"JS_KEY","NAME_REGIONALITY"
"us-ak",0.934562123639882
"us-al",0.85905878916957
"us-ar",1.00601769474561
"us-az",1.17194063669427
"us-ca",1.17037757207325
"us-co",1.05850740085136
"us-ct",0.831907278501356
"us-dc",0.534116866761619
"us-de",0.69380661359932
"us-fl",1.14658147828951
"us-ga",0.999733492834367
"us-hi",1.26720588806555
"us-ia",1.06441022716996
"us-id",1.26059379910099
"us-il",0.862927674605194
"us-in",0.890549396168636
"us-ks",1.021181189221
"us-ky",1.05424074867798
"us-la",0.900952721981992
"us-ma",0.825359983261682
"us-md",0.757971953696031
"us-me",0.972337179347495
"us-mi",0.940992939981139
"us-mn",0.926142645048531
"us-mo",0.929722895283155
"us-ms",0.771283431524414
"us-mt",1.13220090241208
"us-nc",0.972128646009332
"us-nd",1.54642074475796
"us-ne",0.928995826333339
"us-nh",0.864271104092189
"us-nj",0.885573754601163
"us-nm",1.13450731838902
"us-nv",1.07754597494735
"us-ny",0.966426923190676
"us-oh",0.847165359165503
"us-ok",1.06409049463789
"us-or",1.08888482476748
"us-pa",0.815085766978995
"us-ri",0.926873430143257
"us-sc",0.784876066192002
"us-sd",1.44716038501645
"us-tn",0.925268770607813
"us-tx",1.23580871005736
"us-ut",0.997605442802447
"us-va",0.910435991860851
"us-vt",0.576905780876956
"us-wa",0.975717850859188
"us-wi",1.03699740443873
"us-wv",0.996317330047803
"us-wy",0.995740156296182
