"JS_KEY","NAME_REGIONALITY"
"us-ak",0.52798142205456
"us-al",0.540788146315565
"us-ar",0.843150356451278
"us-az",1.3137924435023
"us-ca",1.50475922985078
"us-co",1.08177429286777
"us-ct",0.683884797082408
"us-dc",1.46069043463356
"us-de",0.993141525174821
"us-fl",1.02976191245063
"us-ga",1.18698669715501
"us-hi",0.677141948982832
"us-ia",0.713178353853988
"us-id",0.856060018883085
"us-il",0.967122275625392
"us-in",0.728095130415112
"us-ks",0.975956532059987
"us-ky",0.505059151691469
"us-la",0.445889124920305
"us-ma",0.737467908401723
"us-md",1.00457613219633
"us-me",0.562487235497244
"us-mi",0.540596624012686
"us-mn",0.886624599287887
"us-mo",0.495296103497527
"us-ms",0.445766493147774
"us-mt",0.579461669914794
"us-nc",0.999977887874732
"us-nd",0.49972026002454
"us-ne",0.811856279991059
"us-nh",0.460247321980153
"us-nj",1.17010477377257
"us-nm",0.879490250612005
"us-nv",1.21954156890768
"us-ny",0.994298825266903
"us-oh",0.568890503001676
"us-ok",0.704604420750033
"us-or",0.851756250504655
"us-pa",0.54955535362991
"us-ri",0.804354736921008
"us-sc",0.84722335352843
"us-sd",0.642667315259837
"us-tn",0.578543409331578
"us-tx",1.35814955064641
"us-ut",1.04179850891071
"us-va",1.02160418780614
"us-vt",0.791409652873685
"us-wa",0.910079996117414
"us-wi",0.643605013211697
"us-wv",0.602779451312718
"us-wy",0.678729886551636
