"JS_KEY","NAME_REGIONALITY"
"us-ny",4.28624850522702
"us-pa",6.12688354561775
