"JS_KEY","NAME_REGIONALITY"
"us-ny",6.37740689869645
"us-pa",4.79231702496013
