"JS_KEY","NAME_REGIONALITY"
"us-ny",637.740689869645
"us-pa",479.231702496013
