"JS_KEY","NAME_REGIONALITY"
"us-ca",405.708254986543
"us-nj",590.614013901189
"us-ny",544.194700987847
"us-pa",196.297138677798
