"JS_KEY","NAME_REGIONALITY"
"us-ca",933.640413803519
"us-ny",662.131381649411
