"JS_KEY","NAME_REGIONALITY"
"us-ca",578.758666013336
"us-ny",799.532774454461
