"JS_KEY","NAME_REGIONALITY"
"us-ca",2.38105093484496
"us-il",2.05836387714564
"us-ky",3.07205452775073
"us-mi",1.43084423540427
"us-nj",2.56581257132785
"us-ny",3.79677283259356
"us-pa",1.22767942949716
"us-tx",2.21572791889672
