"JS_KEY","NAME_REGIONALITY"
"us-ak",109.23461682194
"us-al",107.08598691707
"us-ar",94.1062627289897
"us-az",95.5508311814513
"us-ca",94.2751670643274
"us-co",105.934844856305
"us-ct",102.373290288176
"us-dc",65.3324124518239
"us-de",82.636015714295
"us-fl",118.056256742861
"us-ga",116.412086753906
"us-hi",93.2904368033872
"us-ia",100.643383873338
"us-id",101.815177900396
"us-il",82.785544662211
"us-in",97.0408492915974
"us-ks",103.285677144105
"us-ky",114.946680994404
"us-la",105.739023476852
"us-ma",94.5876531574358
"us-md",98.1019941741288
"us-me",123.292538596254
"us-mi",95.3715555662557
"us-mn",88.6927759300314
"us-mo",97.0909316227288
"us-ms",97.3236190227815
"us-mt",103.016267757077
"us-nc",107.602742829682
"us-nd",117.709788458326
"us-ne",98.0247959964916
"us-nh",116.777807539969
"us-nj",98.0926344514021
"us-nm",101.231761911211
"us-nv",96.3958336585161
"us-ny",99.2756605809304
"us-oh",103.275666660147
"us-ok",91.8447057875103
"us-or",89.0101402882878
"us-pa",91.8608945780359
"us-ri",104.70145824741
"us-sc",110.452895620962
"us-sd",107.811193043279
"us-tn",110.897648035856
"us-tx",103.373805924274
"us-ut",97.1849603796948
"us-va",106.093548871385
"us-vt",132.464144367957
"us-wa",91.425421262118
"us-wi",97.3234273446379
"us-wv",130.047763814478
"us-wy",121.17851670793
