"JS_KEY","NAME_REGIONALITY"
"us-ak",100.308740796857
"us-al",118.572867305588
"us-ar",112.393406639832
"us-az",93.9456369480934
"us-ca",99.0309290996171
"us-co",102.651231814
"us-ct",95.9391452678522
"us-dc",66.4305736802915
"us-de",101.496515531159
"us-fl",111.619179294542
"us-ga",119.918012471894
"us-hi",74.4489513792535
"us-ia",97.831720864329
"us-id",106.674307220907
"us-il",87.2006952044132
"us-in",97.4015296107497
"us-ks",108.916455623892
"us-ky",115.874980632599
"us-la",103.511508690351
"us-ma",84.8033227712458
"us-md",90.1706149395224
"us-me",97.6270762277368
"us-mi",97.8197249096747
"us-mn",82.7852145879596
"us-mo",101.465440777242
"us-ms",100.268205408075
"us-mt",87.4436933971508
"us-nc",116.083374337856
"us-nd",99.1732303127773
"us-ne",96.1961015798823
"us-nh",89.578994342767
"us-nj",100.089558345033
"us-nm",93.0832215791845
"us-nv",99.8892452351139
"us-ny",94.7502153427054
"us-oh",101.17116319013
"us-ok",97.3852431044676
"us-or",93.2871749577288
"us-pa",90.6363028665004
"us-ri",88.6942400068716
"us-sc",120.656126169896
"us-sd",97.2835310386296
"us-tn",130.227471879766
"us-tx",106.431065834173
"us-ut",103.51761853784
"us-va",104.825320441992
"us-vt",90.4383508643377
"us-wa",94.5886222678892
"us-wi",78.9243987706492
"us-wv",116.243190751843
"us-wy",93.335929441785
