"JS_KEY","NAME_REGIONALITY"
"us-ak",97.3315833886996
"us-al",127.709926293523
"us-ar",132.248872105812
"us-az",99.9694556858313
"us-ca",102.718573360809
"us-co",91.8127106566581
"us-ct",90.6239868103889
"us-dc",70.262962898225
"us-de",97.6227006328805
"us-fl",108.403646795427
"us-ga",122.92587839133
"us-hi",89.6790386041061
"us-ia",96.9212271583684
"us-id",126.585497213972
"us-il",91.810728623061
"us-in",108.837005739334
"us-ks",114.521608433327
"us-ky",109.621998429741
"us-la",110.147106146517
"us-ma",77.7972120795
"us-md",87.3217238085077
"us-me",86.6536192138265
"us-mi",95.7897905585816
"us-mn",76.7357774058405
"us-mo",106.449187507104
"us-ms",123.115105535196
"us-mt",110.993502739775
"us-nc",120.524094614079
"us-nd",107.538309046008
"us-ne",105.964381667872
"us-nh",80.5317019301309
"us-nj",89.2028541128881
"us-nm",97.0558336107842
"us-nv",120.441994548512
"us-ny",85.7332345108773
"us-oh",98.2792812120112
"us-ok",115.15735972683
"us-or",100.088503452407
"us-pa",82.8946136492523
"us-ri",80.7252885434941
"us-sc",122.308987599933
"us-sd",95.1148664440234
"us-tn",125.676054035764
"us-tx",103.624345301928
"us-ut",131.313732645787
"us-va",104.233222547151
"us-vt",81.6464441599993
"us-wa",99.8088838979718
"us-wi",80.8004641914413
"us-wv",101.946983691918
"us-wy",119.736348335654
