"JS_KEY","NAME_REGIONALITY"
"us-al",1.04015517624684
"us-az",0.616130976325742
"us-ca",1.38454315798561
"us-co",0.959671686373745
"us-ct",0.704616564813777
"us-fl",1.02659446974784
"us-ga",0.994293886960316
"us-il",1.22437980749149
"us-in",1.10961024542166
"us-ky",1.40538101173336
"us-la",0.667002255592746
"us-ma",0.678477563215847
"us-md",1.92143074998811
"us-mi",1.64292044599704
"us-mo",0.484999334197339
"us-ms",1.06405418851726
"us-nc",0.883767684815039
"us-ne",1.80066815826132
"us-nj",0.722821141296539
"us-nv",1.17885872730638
"us-ny",0.890515403190178
"us-oh",1.13111843091434
"us-ok",1.32359831408087
"us-or",0.88034061219496
"us-pa",0.975691508936653
"us-sc",1.32984581435589
"us-tn",0.428209224119262
"us-tx",1.26564018664148
"us-ut",0.861656854109684
"us-va",0.829365367733395
"us-wa",1.6166126726424
"us-wi",0.926852985141318
