"JS_KEY","NAME_REGIONALITY"
"us-al",2.18197447596376
"us-ar",2.03168804515136
"us-ct",1.58200559328805
"us-fl",6.46702596766291
"us-ga",2.5986769570011
"us-il",0.887918198941609
"us-la",1.65337208137088
"us-ma",3.94936001861764
"us-mo",0.987372830640335
"us-ms",2.52326515006691
"us-nc",1.09182265078465
"us-nj",0.864792212654437
"us-ny",1.46435731439908
"us-pa",0.838673752310536
"us-sc",5.45108094519859
"us-tx",1.5274280424171
"us-wa",2.27603807421713
