"JS_KEY","NAME_REGIONALITY"
"us-al",2.4950334950335
"us-ca",1.45831983949015
"us-ct",3.9887318342254
"us-ga",1.36663348192312
"us-il",0.836343345529329
"us-la",4.71824812612753
"us-ma",3.14611933532921
"us-mi",0.973950995594659
"us-mt",5.51590980515399
"us-nc",0.864255510349794
"us-nj",1.36469575156284
"us-ny",2.5014256860116
"us-pa",0.40159102522709
"us-sc",1.56245630108253
"us-tn",1.19044678599235
"us-tx",2.0907437884785
"us-va",1.03067516185387
