"JS_KEY","NAME_REGIONALITY"
"us-ak",0.696693568963433
"us-al",1.38276815845975
"us-ar",0.827850655828147
"us-az",0.854165205810443
"us-ca",0.812544624445099
"us-co",0.881199611516319
"us-ct",0.737767186770711
"us-dc",0.815786850888941
"us-de",0.847095419959504
"us-fl",0.903888529916937
"us-ga",1.18412459295309
"us-hi",0.69032015036928
"us-ia",1.22989374274412
"us-id",0.863292686558632
"us-il",1.11236339720758
"us-in",1.2321626072499
"us-ks",1.14382922182401
"us-ky",1.47171857284595
"us-la",0.690291572783986
"us-ma",0.768691974879675
"us-md",0.925529990716972
"us-me",1.0840936039996
"us-mi",1.18976027813563
"us-mn",1.42098735121175
"us-mo",1.26825688228519
"us-ms",0.858052782094624
"us-mt",1.21016741353692
"us-nc",1.28438232550763
"us-nd",1.33544130112536
"us-ne",1.13815274520624
"us-nh",1.18113732051908
"us-nj",0.624539642570787
"us-nm",0.543463400447123
"us-nv",0.769093490132029
"us-ny",0.795607862876369
"us-oh",1.19689412396043
"us-ok",0.950801609817246
"us-or",1.08747472389354
"us-pa",0.91959242068847
"us-ri",0.705394555585082
"us-sc",1.11149665673582
"us-sd",1.17143973782926
"us-tn",1.52885156055823
"us-tx",0.646540987208665
"us-ut",0.480413818668644
"us-va",1.09014390135197
"us-vt",1.60568079103012
"us-wa",0.902361209145357
"us-wi",1.40997691580668
"us-wv",1.38757198970736
"us-wy",0.814466928335071
