"JS_KEY","NAME_REGIONALITY"
"us-ak",0.774403747619829
"us-al",1.13390838934609
"us-ar",1.04362658193222
"us-az",0.845008119404315
"us-ca",0.759561195004618
"us-co",1.02325708951795
"us-ct",1.02889660489696
"us-dc",0.985363246910662
"us-de",1.19164558338247
"us-fl",0.951220541109625
"us-ga",1.19384426825123
"us-hi",0.840311486283285
"us-ia",0.917747428523789
"us-id",0.83062431866869
"us-il",1.2285558136852
"us-in",0.917308684723743
"us-ks",1.02551496232318
"us-ky",1.20993180355182
"us-la",0.87704194843323
"us-ma",1.34413999381553
"us-md",1.18718015616089
"us-me",0.917621476773494
"us-mi",1.00056668859432
"us-mn",0.904286528877786
"us-mo",1.15431787817092
"us-ms",1.28281815545234
"us-mt",1.05996336247782
"us-nc",1.2285433397583
"us-nd",0.770039029196137
"us-ne",1.07169071751641
"us-nh",1.35260992470459
"us-nj",0.922500689322874
"us-nm",0.905917669030888
"us-nv",0.818390317075895
"us-ny",0.941584886902723
"us-oh",1.09251286828129
"us-ok",1.12835713755241
"us-or",0.989155105769455
"us-pa",1.13036817914349
"us-ri",1.20534728538732
"us-sc",1.2355917062687
"us-sd",0.657817196154191
"us-tn",1.155086318972
"us-tx",0.755770235694862
"us-ut",0.65115815981003
"us-va",1.12942395872678
"us-vt",1.23005598975818
"us-wa",0.870057323064242
"us-wi",1.0321833761539
"us-wv",1.30350435076256
"us-wy",0.904315291629385
