"JS_KEY","NAME_REGIONALITY"
"us-ak",1.46394321403352
"us-al",1.28925347462401
"us-ar",1.10375323959687
"us-az",0.930690978016586
"us-ca",0.659597527316127
"us-co",0.940432177835158
"us-ct",1.14869410078907
"us-dc",0.867335723867735
"us-de",1.01346144149148
"us-fl",0.972676389162352
"us-ga",1.26843060076034
"us-hi",0.655325469163291
"us-ia",0.943587522885684
"us-id",0.86684253051223
"us-il",1.04904809317439
"us-in",0.995284815788769
"us-ks",1.15274899675756
"us-ky",1.54552532591512
"us-la",1.09345774725589
"us-ma",1.24452929796816
"us-md",1.20988337153511
"us-me",0.981984751435028
"us-mi",1.06402146411173
"us-mn",1.03001517807866
"us-mo",1.13257007009783
"us-ms",1.50139462658975
"us-mt",1.44699309838586
"us-nc",1.32862144261492
"us-nd",0.541691739599875
"us-ne",1.26276554134889
"us-nh",1.33976765119872
"us-nj",0.928451857163916
"us-nm",0.888180783062048
"us-nv",0.995953469896118
"us-ny",0.871756851449673
"us-oh",1.11730772602861
"us-ok",1.00867081727451
"us-or",1.11867493136957
"us-pa",1.10319249537797
"us-ri",0.864421728762696
"us-sc",1.62046906905734
"us-sd",0.613552685719413
"us-tn",1.33174657086697
"us-tx",0.739674457772628
"us-ut",0.611726948343567
"us-va",1.16379048994927
"us-vt",1.0669267032518
"us-wa",0.983359251878222
"us-wi",0.87420571295646
"us-wv",1.44614432251867
"us-wy",0.899465852901725
