"JS_KEY","NAME_REGIONALITY"
"us-ak",160.14617947443
"us-al",176.761508785006
"us-ar",118.338326052591
"us-az",74.4417903694783
"us-ca",63.1491276637657
"us-co",93.8253870845542
"us-ct",83.5960928375484
"us-dc",101.558916893049
"us-de",127.267490654741
"us-fl",97.9642246124113
"us-ga",130.784512389267
"us-hi",149.409367729332
"us-ia",105.220538262879
"us-id",128.939515493933
"us-il",94.3414324987817
"us-in",105.583067276081
"us-ks",127.377608707587
"us-ky",171.595296412157
"us-la",128.478230047783
"us-ma",120.730265740895
"us-md",119.782078835614
"us-me",108.441353670113
"us-mi",113.206803100231
"us-mn",98.9030772679964
"us-mo",100.407272412622
"us-ms",157.391084112812
"us-mt",114.57593075719
"us-nc",103.209822404837
"us-nd",59.5309374744047
"us-ne",92.9654910508728
"us-nh",106.261946225527
"us-nj",77.0204163036695
"us-nm",99.972592738871
"us-nv",58.1889556597786
"us-ny",94.2786082315498
"us-oh",113.962663562162
"us-ok",126.840772501174
"us-or",107.411785179142
"us-pa",116.346648545007
"us-ri",98.0741620685024
"us-sc",151.286619335135
"us-sd",61.1124200528714
"us-tn",144.63169327612
"us-tx",71.3513669460296
"us-ut",93.6314757442554
"us-va",108.824316217543
"us-vt",213.211566062991
"us-wa",123.256179164204
"us-wi",109.314406152004
"us-wv",159.093453853473
"us-wy",237.814689406404
