"JS_KEY","NAME_REGIONALITY"
"us-ak",212.054861994605
"us-al",145.631252978856
"us-ar",125.133169509445
"us-az",70.2036277050358
"us-ca",66.4190294819783
"us-co",78.615559776598
"us-ct",123.460244599507
"us-dc",83.4119889634561
"us-de",117.380581784384
"us-fl",99.8458736372972
"us-ga",129.110616683138
"us-hi",69.1463570481769
"us-ia",85.0148231050613
"us-id",110.449300025764
"us-il",100.663401018648
"us-in",111.055141907161
"us-ks",92.3787828270354
"us-ky",173.341765215328
"us-la",113.017657153409
"us-ma",120.283795462561
"us-md",138.572962775133
"us-me",115.777950754643
"us-mi",97.0589148078097
"us-mn",88.6261850698855
"us-mo",127.18238193842
"us-ms",156.370792846839
"us-mt",176.385317979182
"us-nc",124.036400306945
"us-nd",135.120862855612
"us-ne",85.6968603881928
"us-nh",96.1303012620996
"us-nj",85.930688919962
"us-nm",82.8639929498577
"us-nv",74.2154414156554
"us-ny",81.6870441001757
"us-oh",125.165452139108
"us-ok",114.953569892088
"us-or",129.318581325387
"us-pa",116.034273058564
"us-ri",125.613424744236
"us-sc",153.004093613772
"us-sd",119.300378913018
"us-tn",137.726934436111
"us-tx",72.4581939597615
"us-ut",77.7462515902831
"us-va",105.979265609718
"us-vt",128.443378354026
"us-wa",111.185697047042
"us-wi",103.878974228991
"us-wv",127.241244503341
"us-wy",181.829309274835
