"JS_KEY","NAME_REGIONALITY"
"us-al",68.744412065177
"us-ar",55.5367673040408
"us-az",113.362017330192
"us-ca",117.735640887585
"us-co",73.8931600586911
"us-ct",110.762626749277
"us-de",110.46770914287
"us-fl",93.0741828336405
"us-ga",111.160007746928
"us-hi",282.587885926639
"us-ia",66.3684669371375
"us-id",73.6304690820804
"us-il",172.103630112639
"us-in",41.9875675654357
"us-ks",32.9187555477222
"us-ky",83.5823324571748
"us-la",213.286182799794
"us-ma",117.059936549898
"us-md",99.9882011510041
"us-me",99.7099958975029
"us-mi",102.209012134552
"us-mn",99.5416774813706
"us-mo",59.470034466578
"us-ms",61.4811967385302
"us-mt",41.5776102128283
"us-nc",87.9966298044755
"us-nd",73.303378310337
"us-ne",61.8515653935816
"us-nh",115.417628350365
"us-nj",165.44675372628
"us-nm",181.091862761112
"us-nv",401.068744349005
"us-ny",104.986403875275
"us-oh",72.049855153644
"us-ok",52.9780810018273
"us-or",42.8044463118449
"us-pa",88.9864507075582
"us-ri",221.544566526039
"us-sc",121.577158060042
"us-sd",96.420852369391
"us-tn",53.907785993275
"us-tx",66.5571179962264
"us-ut",141.493651716624
"us-va",126.53866932926
"us-vt",145.464366309344
"us-wa",48.2942608435303
"us-wi",200.812716413483
"us-wv",66.0280376548845
