"JS_KEY","NAME_REGIONALITY"
"us-al",114.258629795648
"us-ar",103.867427320087
"us-az",215.38950508433
"us-ca",146.040285184627
"us-co",65.3224326693714
"us-ct",95.7982391799493
"us-dc",85.4258474241635
"us-fl",151.313990159533
"us-ga",255.140884302632
"us-hi",359.849017977097
"us-ia",38.2443984412502
"us-il",83.3840560822997
"us-in",58.5857841561497
"us-ks",91.1387583599284
"us-ky",127.227170010548
"us-la",163.470126770142
"us-ma",90.3366907953766
"us-md",123.583151898143
"us-me",126.441294685006
"us-mi",80.55884865735
"us-mn",56.2836901132752
"us-mo",79.7051756201657
"us-ms",83.6306753918135
"us-nc",148.35293327744
"us-ne",46.7266635283693
"us-nh",164.657422321217
"us-nj",114.411337315735
"us-nm",376.646590038588
"us-ny",97.3598296753023
"us-oh",70.7142102831127
"us-ok",55.3338116530756
"us-pa",91.7564224445056
"us-ri",145.444202387955
"us-sc",239.166268632601
"us-tn",118.456078083407
"us-tx",81.4575834275995
"us-va",118.499931131384
"us-wa",64.010997764941
"us-wi",58.3810994200605
"us-wv",63.1265106297457
