"JS_KEY","NAME_REGIONALITY"
"us-al",209.859134554529
"us-ar",50.5193810957702
"us-az",121.100498123645
"us-ca",102.746145875242
"us-co",93.00958673341
"us-ct",111.924718844126
"us-dc",113.771674737524
"us-fl",89.6051493751158
"us-ga",131.512181687755
"us-hi",223.262551651443
"us-ia",53.9681027736221
"us-il",79.2476825301819
"us-in",74.0080723494927
"us-ks",76.8298649154108
"us-ky",46.8697478457389
"us-la",157.778851105888
"us-ma",100.72371485357
"us-md",129.244636329627
"us-mi",58.8149027498724
"us-mn",64.0237723047606
"us-mo",55.6522654519618
"us-ms",148.005000107394
"us-nc",160.323435849713
"us-ne",86.0200831562674
"us-nj",76.8546506929033
"us-nm",303.122766880053
"us-ny",145.298259634816
"us-oh",60.8879805161096
"us-ok",83.9614343626131
"us-or",107.91207413665
"us-pa",80.3590629731456
"us-ri",78.5733855406732
"us-sc",172.528953488095
"us-tn",159.690766570499
"us-tx",142.33336519834
"us-ut",138.66182145899
"us-va",120.348170977835
"us-wa",56.2189804653581
"us-wi",68.4013190574064
"us-wv",75.9181437306426
