"JS_KEY","NAME_REGIONALITY"
"us-al",1.64893658658776
"us-ar",1.20261739292733
"us-az",1.75828105590316
"us-ca",1.06031191495853
"us-co",1.24402300049804
"us-ct",1.25552132671545
"us-dc",1.44570103583001
"us-fl",0.510505294820651
"us-ga",1.45628055590381
"us-hi",1.49168825497613
"us-ia",0.536700559107316
"us-il",0.723450327982465
"us-in",0.59158234352076
"us-ks",1.05434095001077
"us-ky",0.78299133058565
"us-la",1.21846436634519
"us-ma",1.14589036809912
"us-md",0.946581266159126
"us-me",1.2417309632036
"us-mi",0.675763190956033
"us-mn",1.2166103554824
"us-mo",1.12145427926554
"us-ms",1.75501008932931
"us-nc",1.56145894605788
"us-ne",0.895756425691604
"us-nj",0.823744064807059
"us-nm",1.61734220243039
"us-ny",1.37875475630613
"us-oh",0.858415102104076
"us-ok",1.1841516176633
"us-or",0.604215020042499
"us-pa",0.640073918578348
"us-ri",0.817604909467674
"us-sc",1.34309952658372
"us-tn",1.76991902644146
"us-tx",1.08001040056132
"us-ut",1.54667729048996
"us-va",1.19274589185975
"us-wa",0.620914791861639
"us-wi",0.371703490610429
"us-wv",0.60081205685077
