"JS_KEY","NAME_REGIONALITY"
"us-ak",120.075009238805
"us-al",111.764142565616
"us-ar",86.8171625188748
"us-az",74.981903403989
"us-ca",67.8179195580083
"us-co",123.539904389202
"us-ct",112.637902741645
"us-dc",114.586871140708
"us-de",87.4797857219004
"us-fl",55.0008463682402
"us-ga",84.9177001796863
"us-hi",51.1170855695321
"us-ia",201.220897860417
"us-id",139.935994313238
"us-il",103.011882645229
"us-in",138.724391823499
"us-ks",140.147204166795
"us-ky",121.53728607675
"us-la",99.4431032130403
"us-ma",113.224766421866
"us-md",92.5877983097237
"us-me",123.08750155339
"us-mi",114.504605024942
"us-mn",167.771286218265
"us-mo",126.778715074896
"us-ms",99.49696086393
"us-mt",108.908669006865
"us-nc",113.517722595949
"us-nd",104.003745247148
"us-ne",140.942398979761
"us-nh",122.082676671805
"us-nj",69.3816482343543
"us-nm",51.0626111781229
"us-nv",64.6655410863098
"us-ny",83.9531975815981
"us-oh",118.567107624219
"us-ok",111.596757810063
"us-or",125.882362021386
"us-pa",101.185055925213
"us-ri",89.1269687185446
"us-sc",74.7678094560996
"us-sd",119.613755690269
"us-tn",107.519811277803
"us-tx",79.2760974908011
"us-ut",163.329805209022
"us-va",95.8238488601452
"us-vt",193.433292426955
"us-wa",125.44772963511
"us-wi",139.443615187749
"us-wv",74.1236701951484
"us-wy",61.1346031707773
