"JS_KEY","NAME_REGIONALITY"
"us-ak",0.899936836606062
"us-al",0.977899354788142
"us-ar",1.25750081594925
"us-az",0.819743153648486
"us-ca",0.956289771945878
"us-co",0.926287065797382
"us-ct",0.845116983745718
"us-dc",0.606521136983322
"us-de",1.0752746482805
"us-fl",0.978564876184115
"us-ga",0.902996280640073
"us-hi",0.745023390564882
"us-ia",1.216796788216
"us-id",1.22973692142401
"us-il",0.941398706093203
"us-in",1.15236331116973
"us-ks",1.0430122685831
"us-ky",1.36273424903101
"us-la",1.16951192641515
"us-ma",0.985473405646352
"us-md",0.899928824882872
"us-me",1.3384003701452
"us-mi",1.01710889196625
"us-mn",1.01714844240214
"us-mo",1.18000079777031
"us-ms",0.797698677377208
"us-mt",0.992140891444297
"us-nc",0.869760390623396
"us-nd",1.61053365001802
"us-ne",1.09179351260903
"us-nh",1.29468935009901
"us-nj",0.893718049266661
"us-nm",0.77565852649833
"us-nv",0.961136488586663
"us-ny",0.867648758430524
"us-oh",1.05261505677373
"us-ok",1.26060304639065
"us-or",1.12248609067128
"us-pa",1.10934544878892
"us-ri",1.08764914002852
"us-sc",0.974731426909346
"us-sd",1.40676693562997
"us-tn",1.00746126463287
"us-tx",1.03772981007813
"us-ut",0.9986286929859
"us-va",1.00368217363545
"us-vt",1.32715299315863
"us-wa",1.07434220630856
"us-wi",1.1657668726339
"us-wv",1.65964465457494
"us-wy",0.989825510134042
