"JS_KEY","NAME_REGIONALITY"
"us-ak",98.780641113341
"us-al",66.2642215800958
"us-ar",91.3463040615987
"us-az",116.625070042366
"us-ca",135.85595548173
"us-co",92.9442558498856
"us-ct",96.5550983138154
"us-dc",47.5391091415029
"us-de",134.43698656785
"us-fl",113.939307299877
"us-ga",90.4240926600589
"us-hi",133.509834936347
"us-ia",80.8720572940679
"us-id",76.0853888359507
"us-il",102.66631097795
"us-in",76.8033261100953
"us-ks",94.295394958927
"us-ky",84.1076546349667
"us-la",86.6431167667568
"us-ma",86.1924239597127
"us-md",80.7098977293553
"us-me",97.3370001120849
"us-mi",68.2816505624186
"us-mn",76.3918498412376
"us-mo",64.1293448454166
"us-ms",58.2837208011272
"us-mt",100.285165235167
"us-nc",83.5721086352589
"us-nd",86.0310467370842
"us-ne",105.695285991275
"us-nh",71.9627479089531
"us-nj",100.177828937713
"us-nm",150.226802424147
"us-nv",135.999528827934
"us-ny",101.117547626737
"us-oh",77.0838864945527
"us-ok",97.0237851899253
"us-or",94.788528971767
"us-pa",88.380822388181
"us-ri",73.3853480363721
"us-sc",91.4259951581763
"us-sd",121.124202227382
"us-tn",84.9373579633683
"us-tx",113.58847936255
"us-ut",89.9969537226143
"us-va",86.1664091663301
"us-vt",148.344261040386
"us-wa",114.860958431792
"us-wi",77.8965055695972
"us-wv",73.9127874064859
"us-wy",152.670968654064
