"JS_KEY","NAME_REGIONALITY"
"us-ak",0.919717980932304
"us-al",0.875320172270418
"us-ar",0.76273208652794
"us-az",0.977533511610616
"us-ca",0.935430154536917
"us-co",1.12522117134389
"us-ct",0.950992221782882
"us-dc",1.3986531794811
"us-de",1.1522712962311
"us-fl",0.87008240735818
"us-ga",0.812637353088155
"us-hi",1.42671024792981
"us-ia",1.03319266804299
"us-id",0.999637825035878
"us-il",0.880720612197734
"us-in",0.906029510286035
"us-ks",1.05680762012514
"us-ky",0.885924002742496
"us-la",0.623231168168757
"us-ma",0.861271872484096
"us-md",1.49879425581736
"us-me",1.09839077574522
"us-mi",1.04988267361861
"us-mn",1.19735601599811
"us-mo",0.837197465455201
"us-ms",0.480484863679875
"us-mt",1.11819184383141
"us-nc",1.21512873080453
"us-nd",1.32938404656921
"us-ne",0.947250909490895
"us-nh",0.757877210029184
"us-nj",1.07949068318227
"us-nm",1.22055648326799
"us-nv",1.54999710292849
"us-ny",0.983213035730985
"us-oh",0.987896902523717
"us-ok",0.720198354257435
"us-or",1.13974986600126
"us-pa",1.20548216954818
"us-ri",0.828520838574715
"us-sc",1.0030594287726
"us-sd",1.02239899185973
"us-tn",1.04358152290848
"us-tx",0.820143902741595
"us-ut",0.982351105081816
"us-va",1.26786988557441
"us-vt",1.1977535597851
"us-wa",1.22752393700424
"us-wi",1.06199649473086
"us-wv",1.01862854096297
"us-wy",0.848420604685362
