"JS_KEY","NAME_REGIONALITY"
"us-ak",133.906499086505
"us-al",109.607821370006
"us-ar",95.7760617290851
"us-az",123.805634067964
"us-ca",90.250279576655
"us-co",87.3779552937599
"us-ct",106.687220719777
"us-dc",131.82099231705
"us-de",111.348030077425
"us-fl",105.311105983896
"us-ga",106.397812280411
"us-hi",69.2036467640683
"us-ia",79.9188549835074
"us-id",79.9319963935298
"us-il",91.1709555736699
"us-in",70.3013357527152
"us-ks",66.6924317291531
"us-ky",87.9586643119786
"us-la",104.355515211414
"us-ma",95.3016751408472
"us-md",128.437784490296
"us-me",99.5010386352524
"us-mi",87.0343644367625
"us-mn",93.9742361105018
"us-mo",90.6365238876793
"us-ms",109.324107137445
"us-mt",108.869222041587
"us-nc",119.844065913714
"us-nd",102.230301569819
"us-ne",104.916848864949
"us-nh",94.0367169413307
"us-nj",117.932179724614
"us-nm",149.391145187511
"us-nv",103.547536518698
"us-ny",119.464493261362
"us-oh",83.4539556440175
"us-ok",77.1787833262096
"us-or",74.2651559231555
"us-pa",117.667742284362
"us-ri",105.842588918261
"us-sc",134.020553296147
"us-sd",89.5994096710546
"us-tn",107.420148246476
"us-tx",91.7320958316429
"us-ut",62.6797004165057
"us-va",122.24773202373
"us-vt",114.632688987926
"us-wa",85.8907602891283
"us-wi",95.9362639169338
"us-wv",81.4190570922386
"us-wy",105.946882009819
