"JS_KEY","NAME_REGIONALITY"
"us-ak",176.198826173723
"us-al",101.019100822779
"us-ar",84.2770866962139
"us-az",104.199865042233
"us-ca",88.2110587267892
"us-co",94.940419728104
"us-ct",108.778509146401
"us-dc",139.610299163341
"us-de",93.1135500238258
"us-fl",81.9293650388691
"us-ga",83.7302314265172
"us-hi",95.0158406264994
"us-ia",59.3872164953215
"us-id",74.1991191374127
"us-il",107.693113361782
"us-in",68.1328016603627
"us-ks",63.6442311782673
"us-ky",90.4480469932806
"us-la",84.3265410373149
"us-ma",109.748638313481
"us-md",117.470187137946
"us-me",96.7864326561532
"us-mi",99.3303330259009
"us-mn",97.5677307036127
"us-mo",80.6868310944264
"us-ms",124.317600688125
"us-mt",121.674263969753
"us-nc",107.542125340721
"us-nd",85.2432630884542
"us-ne",92.3986395466521
"us-nh",58.9585287307039
"us-nj",133.506052137599
"us-nm",95.5604950383747
"us-nv",98.81284075861
"us-ny",135.287940471599
"us-oh",89.7471026381673
"us-ok",69.197037808303
"us-or",61.3885032887658
"us-pa",116.622968828387
"us-ri",109.54718448127
"us-sc",116.587857414263
"us-sd",69.4869415701891
"us-tn",91.4357621575413
"us-tx",88.7557742446746
"us-ut",73.9741440617698
"us-va",93.685686869814
"us-vt",60.2180327624715
"us-wa",82.2788808258158
"us-wi",98.4696664332726
"us-wv",70.8131832651621
"us-wy",59.6731475567143
