"JS_KEY","NAME_REGIONALITY"
"us-ak",2.88774745284582
"us-al",1.28811336368236
"us-ar",0.540613907033644
"us-az",0.985115290199365
"us-ca",0.765098119031723
"us-co",0.772234508666737
"us-ct",1.18202178625426
"us-dc",1.08383414931537
"us-de",0.977063139231548
"us-fl",0.902878288655483
"us-ga",1.07561815396694
"us-hi",1.3309218559636
"us-ia",0.637361926223392
"us-id",0.547415412797599
"us-il",1.28168673237034
"us-in",0.732472757356729
"us-ks",0.826588661716264
"us-ky",0.832282895439204
"us-la",1.34158080614181
"us-ma",0.997944085153793
"us-md",1.28465794665631
"us-me",0.353236222942449
"us-mi",0.64373017467368
"us-mn",0.943409240186251
"us-mo",0.917702636172311
"us-ms",1.29974589742316
"us-nc",1.30559126042061
"us-nd",0.617787606933389
"us-ne",0.665671822176971
"us-nh",1.41815446640427
"us-nj",1.35027734938266
"us-nm",1.2340868397058
"us-ny",1.35277828236751
"us-oh",0.838108357001797
"us-ok",0.662175759202321
"us-or",0.539238193050601
"us-pa",1.02181649012526
"us-ri",0.331407977454465
"us-sc",1.42264194668764
"us-tn",1.14588465558384
"us-tx",1.08846969282761
"us-ut",0.533964779103453
"us-va",1.37857878511192
"us-vt",1.16321974299465
"us-wa",0.876244965255663
"us-wi",0.939272563938429
"us-wv",0.832554475535608
