"JS_KEY","NAME_REGIONALITY"
"us-ak",146.494119060792
"us-al",131.882691800969
"us-ar",76.3159417616494
"us-az",117.47226339725
"us-ca",86.9138320037627
"us-co",88.6993789151341
"us-ct",129.158857638159
"us-dc",283.20873605757
"us-de",86.5643829237414
"us-fl",89.948287204504
"us-ga",128.229156393923
"us-hi",98.4186496476527
"us-ia",73.4056258304328
"us-id",41.0293827409843
"us-il",140.865790780909
"us-in",97.5493495284343
"us-ks",66.5950446347057
"us-ky",73.5250018256035
"us-la",112.422834830724
"us-ma",107.886397389923
"us-md",107.165895570073
"us-me",110.137248640751
"us-mi",70.9529146701299
"us-mn",87.6412437999608
"us-mo",118.791404284042
"us-ms",101.935758778294
"us-mt",57.6675262334545
"us-nc",149.007577180268
"us-nd",59.0511897885916
"us-ne",86.1861529067303
"us-nh",116.890052408243
"us-nj",97.5710439315696
"us-nm",104.500587430924
"us-nv",58.9599205617159
"us-ny",121.432594649395
"us-oh",85.3291851584449
"us-ok",55.0803383300353
"us-or",70.8868855751852
"us-pa",90.4226811340567
"us-ri",100.172837297699
"us-sc",152.461223394226
"us-tn",122.638846184967
"us-tx",80.3773042634433
"us-ut",70.884370900415
"us-va",137.199585968885
"us-vt",167.914267562118
"us-wa",86.2366619123408
"us-wi",105.992070317613
"us-wv",53.8230244845576
"us-wy",105.661403558363
