"JS_KEY","NAME_REGIONALITY"
"us-ak",79.6606180614166
"us-al",97.7420718528356
"us-ar",42.7214919721487
"us-az",55.473739732084
"us-ca",57.3852175541203
"us-co",110.590871368312
"us-ct",126.356258630213
"us-dc",325.908220925993
"us-de",170.838986775722
"us-fl",75.5257419954312
"us-ga",118.375453090982
"us-hi",51.8052603061493
"us-ia",90.9186024042471
"us-id",50.5384517539314
"us-il",173.110095733896
"us-in",103.700971021096
"us-ks",96.7228637725737
"us-ky",94.695649440622
"us-la",123.050031441028
"us-ma",127.71003724692
"us-md",113.623870200545
"us-me",141.570095967245
"us-mi",82.7905592972724
"us-mn",116.050031987459
"us-mo",145.820725114006
"us-ms",136.287914887396
"us-mt",73.9407831071189
"us-nc",130.880037326486
"us-nd",63.1605079313941
"us-ne",131.577853168879
"us-nh",121.56434528323
"us-nj",108.230124668353
"us-nm",79.5495094261719
"us-ny",98.9744270668289
"us-oh",103.38362797984
"us-ok",63.8860529025594
"us-or",67.9974354212317
"us-pa",95.1147640301232
"us-ri",90.765564205862
"us-sc",112.254534838249
"us-sd",111.986084723469
"us-tn",131.347503145095
"us-tx",85.4342822319263
"us-ut",47.0407868842108
"us-va",155.976691596321
"us-vt",113.170133476806
"us-wa",80.602824595501
"us-wi",130.965316144332
"us-wv",61.8234250044819
