"JS_KEY","NAME_REGIONALITY"
"us-ak",131.527416764077
"us-al",144.640176704601
"us-ar",85.7700755726406
"us-az",50.8245452933001
"us-ca",55.1401670620911
"us-co",82.7009105937583
"us-ct",148.347379449542
"us-dc",256.994327215382
"us-de",77.0180270448201
"us-fl",66.7434048795473
"us-ga",138.503194536976
"us-hi",64.9252575545511
"us-ia",97.685708614187
"us-id",69.422932283269
"us-il",174.220483805565
"us-in",85.5447657109658
"us-ks",103.107339891169
"us-ky",115.057921130365
"us-la",88.4901065087441
"us-ma",125.196613256941
"us-md",109.002103462304
"us-me",159.024721750498
"us-mi",84.6706259760651
"us-mn",113.510721313955
"us-mo",118.935113080025
"us-ms",130.63569480786
"us-nc",128.793346458528
"us-nd",81.9057095303567
"us-ne",167.086818226949
"us-nh",151.265022542166
"us-nj",99.8704282560173
"us-nm",102.149508982571
"us-nv",68.5042635639188
"us-ny",95.4463453155973
"us-oh",101.937062415547
"us-ok",58.6185012792412
"us-or",113.536079994377
"us-pa",101.03685042733
"us-ri",131.261704811018
"us-sc",141.837183365259
"us-sd",78.9696581380448
"us-tn",124.6069076737
"us-tx",80.4128706763734
"us-ut",49.7364370834397
"us-va",154.148936457587
"us-vt",153.591665906187
"us-wa",87.3419720669183
"us-wi",134.46771839705
"us-wv",49.2893981666306
