"JS_KEY","NAME_REGIONALITY"
"us-al",0.813755423974924
"us-ar",0.738606537930571
"us-ca",0.558850231969282
"us-co",1.32193635748138
"us-ct",0.82557970226877
"us-fl",0.989285842617943
"us-ga",0.735417891181263
"us-ia",0.920255542975484
"us-il",0.75058539831448
"us-in",0.897757713129648
"us-ks",1.11271378528745
"us-ky",0.512863325350292
"us-la",1.44656550167315
"us-ma",0.82166036122229
"us-md",0.798491124107779
"us-mi",1.11549872250979
"us-mn",0.678735373185981
"us-mo",0.396853875518581
"us-ms",0.751074729137717
"us-mt",1.47844333133766
"us-nc",1.00956931894034
"us-nd",3.85465628537898
"us-ne",1.05464741056978
"us-nj",1.25603337191779
"us-ny",2.04649662149539
"us-oh",0.620458971743365
"us-ok",0.418365645983494
"us-pa",1.39731410111346
"us-sc",1.48382030190493
"us-sd",3.39661198470708
"us-tn",0.328424197742091
"us-tx",0.57764250724905
"us-va",0.91531635090189
"us-wa",0.751265826091955
"us-wi",0.820845221975046
"us-wv",0.861361034737304
