"JS_KEY","NAME_REGIONALITY"
"us-al",0.946282817682518
"us-ar",0.608584922552657
"us-co",1.6501936972767
"us-fl",1.08134871039567
"us-ga",0.895397156458469
"us-hi",2.77434833226997
"us-ia",0.461411557219496
"us-il",1.00761608141339
"us-in",0.725325926707189
"us-ky",0.715907360822877
"us-la",1.73021001217896
"us-ma",0.70945158932821
"us-md",1.05043546861387
"us-mi",1.34187747476402
"us-mn",0.827300238265485
"us-mo",0.618299030295505
"us-ms",0.872828688804035
"us-nc",1.35162232411554
"us-nd",2.37932522535736
"us-ne",1.14004839673741
"us-nj",1.37695029993411
"us-ny",1.25606252264107
"us-oh",0.81973492933596
"us-ok",0.832572380112172
"us-pa",1.75901154971339
"us-sc",3.28741139150096
"us-tn",0.846563704942817
"us-tx",0.745845384478243
"us-va",1.32366643625559
"us-wi",1.27065644218907
"us-wv",0.778448066147115
