"JS_KEY","NAME_REGIONALITY"
"us-al",186.954929913151
"us-ar",105.229012229448
"us-ca",62.1392062950086
"us-co",193.385975654518
"us-fl",147.971478630678
"us-ga",164.789248465461
"us-hi",459.963121789935
"us-il",63.0802849039907
"us-in",91.3995493134477
"us-ks",157.629638238014
"us-ky",67.8794804133256
"us-la",111.852324777085
"us-md",129.181415578025
"us-mi",63.2479088506609
"us-mo",68.8807918713844
"us-nc",241.812931077449
"us-nj",112.091658893332
"us-nm",327.483474021695
"us-ny",88.9008848022878
"us-oh",127.549677930962
"us-ok",79.3279692915186
"us-pa",207.494688963164
"us-sc",470.263465263535
"us-tn",60.320482442304
"us-tx",85.4971144687754
"us-va",126.085882964683
"us-wi",94.4345788624551
"us-wv",121.491417129912
