"JS_KEY","NAME_REGIONALITY"
"us-al",1.87076672947864
"us-ar",1.95054825203764
"us-ca",0.239927326342795
"us-co",2.92805780971965
"us-fl",1.15543873120884
"us-ga",1.87029502066313
"us-ia",0.892491658983109
"us-il",0.414823332383943
"us-in",1.47797768342289
"us-la",3.38246228681194
"us-md",1.12684251078323
"us-mi",0.634389612533832
"us-mn",1.11190305135594
"us-mo",0.488816336526345
"us-ms",1.57356256857281
"us-nc",1.28990494361351
"us-nj",1.37890607574762
"us-ny",1.07690023086223
"us-oh",1.24571604926176
"us-ok",1.04549301169617
"us-pa",2.19138988545084
"us-sc",3.84367496276385
"us-tx",1.0605253846505
"us-va",1.26768039779422
"us-wi",0.628544115934112
"us-wv",0.856844991699191
