"JS_KEY","NAME_REGIONALITY"
"us-al",0.72617939878521
"us-az",1.68359101797748
"us-ca",0.705687489117141
"us-co",1.17815367502487
"us-ct",0.713602107376768
"us-fl",0.732631496906815
"us-ga",0.8655817106761
"us-hi",3.50734387388648
"us-il",0.936060071386117
"us-in",0.609842999870248
"us-ks",0.802482541959057
"us-ky",0.81608890046447
"us-la",1.10323734410736
"us-md",1.64432986760252
"us-mi",0.512365040756504
"us-mn",0.804497712417135
"us-mo",0.917303017180915
"us-ms",1.49650971425387
"us-nc",1.67448627056898
"us-nd",2.92246852168506
"us-nj",1.11803315897327
"us-nm",6.36988255928091
"us-ny",1.40886488614636
"us-oh",0.974898751834394
"us-pa",1.7498959921756
"us-sc",4.85799404281768
"us-tn",0.657270613736081
"us-tx",0.943391996637954
"us-va",1.7617820010027
"us-wa",0.595008323680396
"us-wi",0.832244808848726
"us-wv",0.878305545984898
