"JS_KEY","NAME_REGIONALITY"
"us-al",1.77601596622005
"us-ar",1.0268291303437
"us-az",2.62379761480879
"us-ca",0.739073592198588
"us-ct",0.692976850640671
"us-fl",1.4339279347219
"us-ga",1.22584679723904
"us-ia",0.991281782976129
"us-il",0.882972260421157
"us-in",1.19046684155546
"us-la",1.54536937895404
"us-md",0.91721823623058
"us-mi",0.624440678599286
"us-mn",0.560122076318113
"us-mo",0.706909534242393
"us-mt",3.02450864166719
"us-nc",2.13267816240551
"us-nd",2.59183878069614
"us-nj",1.13986344815048
"us-nm",2.5808823249775
"us-ny",1.41333470693657
"us-oh",0.779990789927169
"us-ok",1.3571776236187
"us-pa",1.76367157690986
"us-sc",5.16920011589981
"us-tn",0.872386768008214
"us-tx",0.673561550945997
"us-ut",2.43373829699371
"us-va",1.13818001922857
"us-wa",0.744814785317221
"us-wi",0.546328741382873
