"JS_KEY","NAME_REGIONALITY"
"us-ak",2.21062162306431
"us-al",0.648295494041708
"us-ar",1.22672515688282
"us-az",1.48249555432827
"us-ca",0.948374499628699
"us-co",1.48262331643005
"us-ct",0.326953767925458
"us-dc",0.358143389026062
"us-de",0.708664883833253
"us-fl",0.550183325174183
"us-ga",0.668285913658339
"us-hi",1.29766086805442
"us-ia",1.98084060787562
"us-id",3.14275291974752
"us-il",0.993021882288253
"us-in",1.24684257087646
"us-ks",1.65265446386572
"us-ky",0.80215717898473
"us-la",1.14941878548275
"us-ma",0.437021622877971
"us-md",0.54613204309536
"us-me",1.07236848638478
"us-mi",0.952021001215734
"us-mn",2.23134208327463
"us-mo",1.38015400478874
"us-ms",0.643322751085249
"us-mt",2.39913434529721
"us-nc",0.533408857195132
"us-nd",1.23507230506225
"us-ne",1.59431299717608
"us-nh",0.876685858361386
"us-nj",0.202998735841623
"us-nm",1.65229012863637
"us-nv",1.21287616577198
"us-ny",0.515350104710574
"us-oh",0.862522910609315
"us-ok",1.30042859308104
"us-or",2.11488571506883
"us-pa",0.658777606478118
"us-ri",0.362420904637698
"us-sc",0.513934695789852
"us-sd",1.28675752856117
"us-tn",0.775352688156141
"us-tx",1.17409996134069
"us-ut",2.5617552390337
"us-va",0.690416935481297
"us-vt",1.10646970346004
"us-wa",2.01124818521756
"us-wi",1.61053047882633
"us-wv",0.581192865809
"us-wy",1.99432118895512
