"JS_KEY","NAME_REGIONALITY"
"us-ak",1.67629809512825
"us-al",1.02943538470808
"us-ar",1.15289626752902
"us-az",1.23858959056267
"us-ca",0.797573399284276
"us-co",1.34273616498133
"us-ct",0.26014450904144
"us-dc",0.452217614615666
"us-de",0.283340397942603
"us-fl",0.568599244150756
"us-ga",0.779848319265749
"us-hi",0.842308718193931
"us-ia",1.86536629774484
"us-id",2.77491501704645
"us-il",1.09077924213389
"us-in",1.3656896122205
"us-ks",1.70847997979573
"us-ky",0.932255968429173
"us-la",1.33542920645418
"us-ma",0.51822048550359
"us-md",0.586441511235316
"us-me",1.33226795187514
"us-mi",1.11798391270288
"us-mn",2.28080829138034
"us-mo",1.57557769925534
"us-ms",0.883364788041141
"us-mt",2.04358053226009
"us-nc",0.678134284289482
"us-nd",1.64219372307567
"us-ne",1.78751096326968
"us-nh",0.819728904076739
"us-nj",0.251858131504536
"us-nm",1.59740536095852
"us-nv",1.08912329820563
"us-ny",0.502035357366741
"us-oh",0.933621573609875
"us-ok",1.45236862832877
"us-or",1.7812417477418
"us-pa",0.618484112838268
"us-ri",0.457261990206822
"us-sc",0.558756676532084
"us-sd",1.43829634905545
"us-tn",0.883696340678738
"us-tx",1.14043621981696
"us-ut",2.22102311935654
"us-va",0.682805609748793
"us-vt",0.926811272282566
"us-wa",1.76379187463707
"us-wi",1.96722548843364
"us-wv",0.750012893090578
"us-wy",2.22936356213223
