"JS_KEY","NAME_REGIONALITY"
"us-ak",1.26811816108799
"us-al",1.03285698756269
"us-ar",1.24259428418793
"us-az",1.13013714482026
"us-ca",0.741313137650895
"us-co",1.10627351270498
"us-ct",0.660155675884987
"us-dc",0.346760258533346
"us-de",0.802370830510668
"us-fl",0.82216226357594
"us-ga",0.979262170443932
"us-hi",0.806903247164945
"us-ia",1.60177127488209
"us-id",1.34436728013124
"us-il",0.988653784785028
"us-in",1.57838023990919
"us-ks",1.53962572273642
"us-ky",1.47649438474095
"us-la",1.00850739534535
"us-ma",0.712478711770013
"us-md",0.868376117334032
"us-me",1.48826419269705
"us-mi",1.48498522284807
"us-mn",1.25543242011989
"us-mo",1.46613808591922
"us-ms",0.936351558052678
"us-mt",1.13714185961098
"us-nc",1.06508711051112
"us-nd",1.73070214437795
"us-ne",1.6201745924385
"us-nh",1.26992232953209
"us-nj",0.413587188040485
"us-nm",1.1864021083529
"us-nv",0.973187748378928
"us-ny",0.535880235436916
"us-oh",1.44323956286478
"us-ok",1.41923443530035
"us-or",1.23639447975869
"us-pa",0.919571064180766
"us-ri",0.915192154351334
"us-sc",0.980261317960986
"us-sd",1.53997170397712
"us-tn",1.31909205423813
"us-tx",0.946505404426513
"us-ut",1.33891081810148
"us-va",1.02616391504359
"us-vt",1.30509782931173
"us-wa",1.15342891302322
"us-wi",1.47140385671513
"us-wv",1.61215021740839
"us-wy",1.06644050169489
