"JS_KEY","NAME_REGIONALITY"
"us-ak",116.639697950378
"us-al",106.307887973717
"us-ar",138.100817163097
"us-az",105.179111560158
"us-ca",80.411969795291
"us-co",103.487176527118
"us-ct",73.2721154971672
"us-dc",34.8653771684018
"us-de",80.5292277209874
"us-fl",85.6275929730777
"us-ga",94.5230286883394
"us-hi",102.438203375942
"us-ia",154.715177408338
"us-id",124.891201394352
"us-il",98.093257919164
"us-in",131.616201242707
"us-ks",127.597887240314
"us-ky",152.015017035684
"us-la",113.257692966222
"us-ma",79.498167492008
"us-md",93.422754704783
"us-me",143.047800060434
"us-mi",139.877091703487
"us-mn",122.562134397019
"us-mo",138.516514158415
"us-ms",98.3496211723158
"us-mt",107.943256845487
"us-nc",109.614795699448
"us-nd",197.714874896659
"us-ne",150.015571114508
"us-nh",116.048978729808
"us-nj",50.133440151283
"us-nm",109.183762870705
"us-nv",93.4145391836227
"us-ny",59.1687462260787
"us-oh",137.365871941032
"us-ok",142.959141710892
"us-or",110.294746341617
"us-pa",102.499513383595
"us-ri",93.8508435634557
"us-sc",101.873143266492
"us-sd",179.456003472288
"us-tn",132.149786300542
"us-tx",98.7074630889559
"us-ut",128.741757661244
"us-va",96.1057581209156
"us-vt",127.056576635254
"us-wa",99.7284859861656
"us-wi",125.673701058655
"us-wv",165.912352519159
"us-wy",154.913581935096
