"JS_KEY","NAME_REGIONALITY"
"us-ak",107.00585220915
"us-al",117.315500066955
"us-ar",120.686564013541
"us-az",107.164585162548
"us-ca",90.5493283094036
"us-co",103.551631993169
"us-ct",80.4206960200641
"us-dc",38.6480474795452
"us-de",92.2235137575169
"us-fl",90.6711165666595
"us-ga",87.8690511323611
"us-hi",115.379021267854
"us-ia",123.655695162155
"us-id",106.318533384496
"us-il",90.0587453461585
"us-in",121.409580018307
"us-ks",114.039242514469
"us-ky",148.303212495134
"us-la",103.998353298117
"us-ma",80.0165819725492
"us-md",88.5953751176639
"us-me",159.841033086741
"us-mi",126.756473042549
"us-mn",114.560850598615
"us-mo",130.126101083278
"us-ms",101.654141551354
"us-mt",130.525898808711
"us-nc",100.431017807565
"us-nd",164.99356340712
"us-ne",116.49639342504
"us-nh",130.116289591645
"us-nj",57.6960275072004
"us-nm",101.848685134097
"us-nv",95.1381132148867
"us-ny",68.2527524671845
"us-oh",121.088994671023
"us-ok",141.729485521547
"us-or",116.90561588353
"us-pa",112.725278353612
"us-ri",102.970207414123
"us-sc",101.708741572362
"us-sd",163.472333477982
"us-tn",120.694333744682
"us-tx",99.0497957613544
"us-ut",120.781318240673
"us-va",93.8297466018326
"us-vt",173.873707023114
"us-wa",109.84796211373
"us-wi",122.012733549839
"us-wv",166.762367079195
"us-wy",144.842447276475
