"JS_KEY","NAME_REGIONALITY"
"us-ak",105.871879641359
"us-al",69.6054754016921
"us-ar",90.9107163420731
"us-az",87.8814364473703
"us-ca",117.883187559609
"us-co",91.1485217946394
"us-ct",121.260347062378
"us-dc",97.0511126290459
"us-de",106.468901519036
"us-fl",110.303785951334
"us-ga",86.457360969157
"us-hi",136.280193944365
"us-ia",80.2571103196981
"us-id",66.0145510558339
"us-il",93.4870825163224
"us-in",97.2246412955976
"us-ks",90.5056547666475
"us-ky",79.4139392762674
"us-la",88.4409808651733
"us-ma",107.739366641976
"us-md",111.508905895194
"us-me",68.0377845142666
"us-mi",103.105727040221
"us-mn",72.4942401910903
"us-mo",79.068841568791
"us-ms",78.9427952726508
"us-mt",92.9376478678023
"us-nc",90.8870312468427
"us-nd",75.2710373529926
"us-ne",54.4946948999472
"us-nh",74.3741909504888
"us-nj",119.005457603483
"us-nm",106.793172285083
"us-nv",107.51125440104
"us-ny",128.929317687691
"us-oh",85.271716921047
"us-ok",75.2062602124134
"us-or",76.2879211574164
"us-pa",101.611980643312
"us-ri",118.60450823027
"us-sc",77.8419357589457
"us-sd",88.3125404141523
"us-tn",85.8661749997177
"us-tx",104.192651879105
"us-ut",66.5495020622128
"us-va",89.9533446905037
"us-vt",81.1191630621223
"us-wa",84.8245101235082
"us-wi",81.9157371476686
"us-wv",126.750110451753
"us-wy",80.916365154467
