"JS_KEY","NAME_REGIONALITY"
"us-al",158.105095959101
"us-ar",138.757050969007
"us-az",92.6683043497943
"us-ca",66.9033318570415
"us-co",76.379668891338
"us-ct",215.504140917541
"us-dc",74.4730371167165
"us-fl",151.433423018916
"us-ga",165.355296547317
"us-hi",91.6435363712026
"us-ia",36.159014233805
"us-il",91.5321469246247
"us-in",48.3970843374159
"us-ks",34.7736543283662
"us-ky",53.00247912441
"us-la",234.157313430109
"us-ma",73.8522773641082
"us-md",101.576533922205
"us-me",51.8180960455304
"us-mi",58.1047787885026
"us-mn",63.386160666384
"us-mo",41.5472576708836
"us-ms",189.979455027981
"us-nc",73.0867936822347
"us-nd",93.9058818664043
"us-ne",53.7190341417264
"us-nh",64.5420099276493
"us-nj",152.097011979022
"us-nm",120.322237019385
"us-ny",133.677124750583
"us-oh",73.3203687910118
"us-ok",58.5468503342068
"us-or",45.1106050789395
"us-pa",147.030664333022
"us-ri",73.2839564454842
"us-sc",116.287494238608
"us-sd",68.0149295693064
"us-tn",85.4790518278512
"us-tx",119.499664485444
"us-ut",80.0936908458851
"us-va",114.913286582506
"us-vt",144.404156190497
"us-wa",55.8494157445476
"us-wi",64.2855874551657
"us-wv",80.1457702294485
