"JS_KEY","NAME_REGIONALITY"
"us-ak",287.133403787207
"us-al",133.315532692132
"us-ar",83.3170565318902
"us-az",113.255114161749
"us-ca",92.068837940831
"us-co",91.9211332447487
"us-ct",173.323130979545
"us-dc",164.760434284246
"us-de",177.80741755395
"us-fl",126.062648072053
"us-ga",132.500617398593
"us-hi",198.750327300822
"us-ia",38.6626792261429
"us-id",38.6417252640936
"us-il",74.4756252096722
"us-in",48.098864152011
"us-ks",37.499786767252
"us-ky",49.2864103317183
"us-la",138.206769663066
"us-ma",87.2317011255243
"us-md",95.5839509626876
"us-me",116.54338233907
"us-mi",82.5089694735948
"us-mn",44.0795957548099
"us-mo",57.9794962094383
"us-ms",156.735791309396
"us-mt",53.1904277147875
"us-nc",77.2997802026919
"us-nd",49.7870182632015
"us-ne",42.8861011925291
"us-nh",130.112270073365
"us-nj",174.679840921057
"us-nm",117.008895565976
"us-ny",172.008255934051
"us-oh",71.6941827140089
"us-ok",59.4106495281817
"us-or",38.854029329067
"us-pa",134.915343502169
"us-ri",72.6410707604176
"us-sc",128.471270437529
"us-sd",62.872578026927
"us-tn",94.2123419574457
"us-tx",100.682580159651
"us-ut",100.031217594017
"us-va",100.853688527673
"us-vt",115.855140948123
"us-wa",50.0492981641585
"us-wi",61.2331562976342
"us-wv",57.6614912866918
"us-wy",62.2819447733491
