"JS_KEY","NAME_REGIONALITY"
"us-ak",64.7438977140643
"us-al",95.9205143191116
"us-ar",97.4404026932261
"us-az",117.859031951914
"us-ca",110.916601388867
"us-co",85.5416494517718
"us-ct",104.854054362397
"us-dc",83.9874462768616
"us-de",116.988327541656
"us-fl",92.3075520826097
"us-ga",96.3138908235768
"us-hi",105.28949478749
"us-ia",84.2442356252846
"us-id",87.2580890171654
"us-il",93.4761029112626
"us-in",115.571226307376
"us-ks",107.370314842579
"us-ky",107.796387520525
"us-la",98.928818367166
"us-ma",98.5688887372247
"us-md",98.472
"us-me",113.375165505728
"us-mi",119.02415643811
"us-mn",94.7342393762519
"us-mo",100.279822352974
"us-ms",90.3063514387492
"us-mt",118.025241810794
"us-nc",104.151099053648
"us-nd",117.902298850575
"us-ne",73.4486201158988
"us-nh",101.28519632801
"us-nj",85.1633328869036
"us-nm",96.0037224761113
"us-nv",90.6496873921215
"us-ny",87.9537116317688
"us-oh",119.038955544139
"us-ok",104.75074987534
"us-or",74.7555412991179
"us-pa",115.343611861691
"us-ri",100.75923462601
"us-sc",79.673188521065
"us-sd",110.917441056754
"us-tn",87.5725124915181
"us-tx",94.4725932185745
"us-ut",100.446135165676
"us-va",103.903639135545
"us-vt",180.296612755569
"us-wa",97.6390636798389
"us-wi",95.9618114440048
"us-wv",108.506849032045
"us-wy",71.4390260491056
