"JS_KEY","NAME_REGIONALITY"
"us-al",29.9718013021323
"us-ca",335.875010990158
"us-co",226.048883787807
"us-ct",86.8782187023689
"us-fl",75.9535584529205
"us-ga",57.6350308014889
"us-ia",261.202687683463
"us-id",318.647983608754
"us-il",138.373226571172
"us-in",88.1841177684313
"us-ks",172.049814633345
"us-ky",48.7810982834532
"us-la",136.906289111389
"us-ma",60.5142817514083
"us-md",61.8953608328402
"us-mi",191.659771018623
"us-mn",294.124785641435
"us-mo",80.9521935031691
"us-ms",67.7870875357371
"us-mt",281.153342262624
"us-nd",290.438309667189
"us-ne",143.600150283457
"us-nj",67.6602509894124
"us-ny",108.792325326357
"us-oh",114.003812733905
"us-ok",45.4634844740548
"us-or",137.203122790503
"us-pa",36.7120457817697
"us-sd",366.493026192651
"us-tx",27.5428069785946
"us-ut",333.821697113933
"us-va",25.5339730776954
"us-wa",280.004996412674
"us-wi",311.302118552031
