"JS_KEY","NAME_REGIONALITY"
"us-al",0.260322179879827
"us-ar",0.519289968282518
"us-az",1.27220360719717
"us-ca",1.68849597957391
"us-co",1.6085130681674
"us-ct",0.894964264870213
"us-dc",1.22768607524095
"us-fl",0.78081795392037
"us-ga",0.240169524780923
"us-hi",4.04450120688075
"us-ia",3.15206733159908
"us-id",2.10929008356866
"us-il",1.06736886658407
"us-in",0.936471672721996
"us-ks",1.43152610003261
"us-ky",0.533031457310029
"us-la",0.303469533791618
"us-ma",0.473791670920445
"us-md",0.264873370610072
"us-me",0.664301929260863
"us-mi",1.39029303299743
"us-mn",4.11473664723615
"us-mo",0.672853345531772
"us-mt",2.27274683015532
"us-nc",0.580839442624188
"us-nd",4.0144081919486
"us-ne",2.02213715956045
"us-nj",0.639668813996392
"us-ny",1.13992211138842
"us-oh",1.08048710150939
"us-ok",0.598268212069467
"us-or",1.62954127704655
"us-pa",0.325417295501622
"us-sc",0.74162516549411
"us-sd",4.1937752956656
"us-tn",0.215241132823342
"us-tx",0.155990756545355
"us-ut",3.41711111622481
"us-va",0.365022777473119
"us-vt",1.39758905886805
"us-wa",2.73469919326956
"us-wi",3.86664703730859
"us-wv",0.494981524077282
"us-wy",2.44725155707983
