"JS_KEY","NAME_REGIONALITY"
"us-al",0.275544944933827
"us-az",0.811509618751212
"us-ca",1.91579260862745
"us-co",1.43431052003291
"us-ct",0.824485481365216
"us-dc",0.853705543386623
"us-fl",0.854169255311304
"us-ga",0.25765171292663
"us-hi",1.8854326282388
"us-ia",2.14199320677019
"us-id",3.37877947614601
"us-il",1.38338692281779
"us-in",0.917564451444213
"us-ks",1.43232486131044
"us-ky",0.168047722800126
"us-la",0.513786018232363
"us-ma",0.627612751631509
"us-me",0.517949399798591
"us-mi",1.0823030644933
"us-mn",3.47549600047043
"us-mo",0.840417059611935
"us-mt",1.5805137532746
"us-nc",0.32994895787638
"us-nd",3.1982766009857
"us-ne",1.85638252140524
"us-nh",1.4297752744263
"us-nj",0.969437223642805
"us-ny",1.3026312841188
"us-oh",1.30836070480135
"us-ok",0.737579963988175
"us-or",2.20399225670559
"us-pa",0.328308751548091
"us-ri",0.562625114960502
"us-sc",0.477821557368421
"us-sd",3.4094375628944
"us-tn",0.197244125167727
"us-tx",0.433550591083544
"us-ut",4.46453756506891
"us-va",0.197099595741831
"us-wa",3.2761606276554
"us-wi",3.31295119551381
"us-wv",0.404569863952475
"us-wy",1.82778066791892
