"JS_KEY","NAME_REGIONALITY"
"us-al",0.206070686025641
"us-ar",0.389524977479499
"us-az",0.934377206816251
"us-ca",1.65648025821772
"us-co",1.0663628489374
"us-ct",0.961528999630739
"us-dc",0.561553285604449
"us-fl",0.304227513645751
"us-ga",0.330634177505424
"us-hi",0.887861275888116
"us-ia",1.49935051791132
"us-id",2.71627740958107
"us-il",1.52618469645872
"us-in",1.42844644655775
"us-ks",1.41586110756017
"us-ky",0.449404878610914
"us-la",0.496919895159247
"us-ma",0.75098626824212
"us-md",0.215490885607165
"us-me",0.694894615752341
"us-mi",1.20807963267375
"us-mn",2.70414091766221
"us-mo",0.943693642632612
"us-ms",0.21486703305849
"us-mt",1.20026656465073
"us-nc",0.249549896494806
"us-nd",2.09187896127485
"us-ne",1.3230612882725
"us-nh",0.585510689477239
"us-nj",0.866976521978125
"us-nm",0.339910232446967
"us-ny",1.19328517814019
"us-oh",1.45221605771384
"us-ok",0.762895532197097
"us-or",2.16210230224957
"us-pa",0.385659778267591
"us-ri",0.543677275415065
"us-sc",0.391991409959786
"us-sd",2.16028580776712
"us-tn",0.22576807270632
"us-tx",0.394215343829354
"us-ut",4.39894359919811
"us-va",0.191677179352443
"us-vt",0.408331682745618
"us-wa",2.07165686918123
"us-wi",3.85788596741518
"us-wv",0.443151435013871
"us-wy",1.22069142698834
