"JS_KEY","NAME_REGIONALITY"
"us-al",0.274518065863062
"us-ar",0.390711349872832
"us-az",1.0959266122072
"us-ca",1.55079386625405
"us-co",1.27865960862253
"us-ct",1.25760002333554
"us-dc",0.685022525453526
"us-de",0.354777018353823
"us-fl",0.428324233727881
"us-ga",0.278339592715413
"us-hi",0.650284416342849
"us-ia",1.35326663808245
"us-id",2.14151634991837
"us-il",1.57298415947662
"us-in",1.31770045769609
"us-ks",1.70105870115243
"us-ky",0.339698812085846
"us-la",0.498237773520218
"us-ma",1.00226451313617
"us-md",0.328349412582851
"us-me",0.71495465456185
"us-mi",1.1939521501765
"us-mn",2.03863835793834
"us-mo",1.25294728814063
"us-ms",0.145623404015327
"us-mt",1.20320080542226
"us-nc",0.378152715830697
"us-nd",2.26150933770122
"us-ne",1.65340743937584
"us-nh",0.534306899720955
"us-nj",1.02424266575907
"us-nm",0.265621317552748
"us-nv",1.38595971563981
"us-ny",1.06689296689002
"us-oh",1.55703047536705
"us-ok",0.925856113280477
"us-or",1.88797324838573
"us-pa",0.526496512410501
"us-ri",1.03359707607037
"us-sc",0.27684874220787
"us-sd",1.82993603901353
"us-tn",0.235877620506002
"us-tx",0.451558827816524
"us-ut",3.8125403473414
"us-va",0.27618453601008
"us-vt",0.75268480200768
"us-wa",1.60042782093711
"us-wi",3.0540656410152
"us-wv",0.583059615151571
"us-wy",1.40629874710622
