"JS_KEY","NAME_REGIONALITY"
"us-ak",1.02088249265586
"us-al",0.94279990826228
"us-ar",0.827669705247818
"us-az",1.07989651333892
"us-ca",0.915902949618039
"us-co",1.12800396082783
"us-ct",0.993809875462185
"us-dc",1.03756176771184
"us-de",1.30066414994128
"us-fl",0.922852119976214
"us-ga",1.03181286399519
"us-hi",1.01145391993692
"us-ia",1.1443563206568
"us-id",1.17663849221789
"us-il",1.00830978960092
"us-in",0.971271110524281
"us-ks",1.07013377983665
"us-ky",0.849619269532038
"us-la",0.693272909990847
"us-ma",1.06926052845449
"us-md",1.00086832070068
"us-me",1.35430297840521
"us-mi",1.13219649877034
"us-mn",1.11569138986694
"us-mo",1.15285619219324
"us-ms",0.70586353964436
"us-mt",1.24106864122547
"us-nc",0.79760452271391
"us-nd",1.12635392596396
"us-ne",1.12027098421968
"us-nh",1.01300693792697
"us-nj",1.07792667591354
"us-nm",1.1052746666769
"us-nv",1.25845869968103
"us-ny",0.966581624682319
"us-oh",0.925038849777962
"us-ok",1.18586670512122
"us-or",0.90637554083527
"us-pa",1.182147453462
"us-ri",0.974726361717893
"us-sc",0.856822741329565
"us-sd",1.44193265409477
"us-tn",0.930099252872804
"us-tx",0.916256369912891
"us-ut",0.88686097699693
"us-va",0.862487589899107
"us-vt",1.17561727511345
"us-wa",1.20481744439403
"us-wi",0.994298332443066
"us-wv",0.805118904043051
"us-wy",1.30011167296871
