"JS_KEY","NAME_REGIONALITY"
"us-al",1.06522364793159
"us-az",1.01481418654713
"us-ca",1.57186608083335
"us-co",0.547842673131944
"us-ct",0.85410646545504
"us-fl",1.27887099674771
"us-ga",1.23088278294055
"us-id",1.96112428875026
"us-il",0.9346041910207
"us-in",0.837007488031978
"us-ks",1.9302643631303
"us-ky",1.05445806225695
"us-la",0.50262178601925
"us-ma",0.68806921635092
"us-md",1.26982902884537
"us-mi",0.678227028807693
"us-mo",0.79884911640549
"us-ms",0.976356500073949
"us-nc",1.02473837220264
"us-ne",1.64957444354746
"us-nj",1.08293045572976
"us-nm",1.23475468424256
"us-ny",1.28828532556126
"us-oh",0.864071404569258
"us-ok",1.62266568977334
"us-pa",0.891565673473943
"us-sc",0.533386783411582
"us-tn",1.51107709257196
"us-tx",1.1251733654921
"us-ut",0.912699405293652
"us-va",0.89392434729622
"us-wa",0.675596199313021
"us-wi",1.02865720020702
