"JS_KEY","NAME_REGIONALITY"
"us-al",1.99000420714839
"us-ar",2.007450755583
"us-az",1.26500871634328
"us-ca",1.44935913005801
"us-co",1.50743059104071
"us-dc",3.43835557739333
"us-fl",1.13960648871938
"us-ga",1.34424596360558
"us-ia",1.18683046983466
"us-il",0.8756889878354
"us-in",0.729492133385422
"us-la",0.814714169057436
"us-ma",0.636506035246368
"us-md",0.578789352888405
"us-mi",0.543768138901974
"us-mo",1.43182318146712
"us-nc",1.97999909308185
"us-nj",0.892415801506277
"us-ny",1.18233696155537
"us-oh",1.00537478666576
"us-ok",1.11371770671404
"us-pa",0.838398372450918
"us-sc",1.9616661451277
"us-tn",1.3495582266275
"us-tx",1.10048403790381
"us-va",1.14585061590395
"us-wa",1.45347520094289
"us-wv",1.7408725530354
