"JS_KEY","NAME_REGIONALITY"
"us-ar",189.715755112097
"us-ca",146.965242560298
"us-co",110.797716762551
"us-ct",108.693043976887
"us-fl",79.7320390765976
"us-ga",116.01191106717
"us-il",83.7835862127587
"us-in",178.11766725547
"us-ky",234.83477473614
"us-ma",99.3567550131713
"us-md",114.779281617226
"us-mi",52.988702554357
"us-mo",77.3724186220301
"us-nc",65.6121735773197
"us-nj",111.495730288586
"us-ny",144.23008402808
"us-oh",64.8742998681459
"us-ok",148.645608066331
"us-pa",159.882590567752
"us-sc",196.473267455014
"us-tn",104.057104162614
"us-tx",146.889639242169
"us-ut",166.548725799311
"us-va",97.774372060554
"us-wi",107.467672648771
