"JS_KEY","NAME_REGIONALITY"
"us-az",1.85208413121197
"us-ca",2.03757468937219
"us-co",1.53841137905095
"us-fl",1.42012014279443
"us-ga",1.21689689566596
"us-il",1.19388867427183
"us-nc",1.93718787920363
"us-nj",0.702618897257008
"us-ny",1.20143014148905
"us-tx",1.74665355381006
"us-ut",3.07913982636998
"us-va",2.1064564179103
"us-wa",1.80470879245736
"us-wv",4.84351164757355
