"JS_KEY","NAME_REGIONALITY"
"us-ca",1.34881518244508
"us-fl",1.04365023693727
"us-ga",1.72433797433797
"us-il",2.42353287777568
"us-la",6.78115188170098
"us-nc",2.54531198236019
"us-ny",1.6976583498149
"us-pa",1.46975953390761
"us-tx",2.55187429725764
