"JS_KEY","NAME_REGIONALITY"
"us-ca",4.26309137428632
"us-il",2.59774267688714
"us-ny",1.42564864871074
"us-tx",2.25493880529895
