"JS_KEY","NAME_REGIONALITY"
"us-ca",426.309137428632
"us-il",259.774267688714
"us-ny",142.564864871074
"us-tx",225.493880529895
