"JS_KEY","NAME_REGIONALITY"
"us-ca",175.190159762477
"us-fl",497.372223708857
"us-nc",398.789907312049
"us-tx",311.640252584659
