"JS_KEY","NAME_REGIONALITY"
"us-al",51.8646180845425
"us-ar",50.3476059647704
"us-az",141.661970054665
"us-ca",77.8214126455346
"us-co",108.13280536095
"us-ct",243.193533476218
"us-dc",83.2400627778577
"us-de",266.663624911529
"us-fl",148.357720534745
"us-ga",72.688862120213
"us-hi",199.321523535952
"us-ia",23.0009381151181
"us-il",80.0434748388118
"us-in",21.5410805936439
"us-ks",26.0730508945953
"us-ky",26.6231330938769
"us-la",83.8151847015182
"us-ma",201.138292990795
"us-md",119.745292954329
"us-me",123.214028616678
"us-mi",87.9319469359447
"us-mn",50.8930930143006
"us-mo",37.8725317659071
"us-ms",43.3209687409268
"us-mt",86.2220958850876
"us-nc",162.869181872513
"us-nd",65.6888024338507
"us-nh",109.688172033167
"us-nj",200.132893793049
"us-ny",159.844670670282
"us-oh",64.126846413976
"us-ok",31.3699898018896
"us-pa",134.618367838314
"us-ri",122.465844997721
"us-sc",128.644557313563
"us-tn",21.547731879223
"us-tx",72.1882071958952
"us-va",170.208507498202
"us-wa",35.2072426495652
"us-wi",61.5488066228624
"us-wv",69.2001135887797
"us-wy",187.840994606798
