"JS_KEY","NAME_REGIONALITY"
"us-al",65.5371216636863
"us-az",202.228832562232
"us-ca",91.5688326638332
"us-ct",249.896085967116
"us-de",226.781389073106
"us-fl",117.848970024611
"us-ga",65.1879007667218
"us-il",90.0133561890706
"us-in",65.1308293472819
"us-ks",30.1430090513761
"us-ky",25.692835499765
"us-la",107.359809267345
"us-ma",182.593925624465
"us-md",94.7080081595968
"us-mi",118.742888587906
"us-mn",49.3290163060005
"us-mo",28.6901503848231
"us-ms",89.3688022686632
"us-nc",130.899273538182
"us-ne",46.7440896873454
"us-nh",128.824919338915
"us-nj",223.546155535891
"us-nm",123.599421188811
"us-ny",199.16957625753
"us-oh",64.2093360115947
"us-ok",45.2622022701593
"us-pa",128.087069876328
"us-ri",174.175855929645
"us-sc",90.4703076376278
"us-tn",27.4174445120618
"us-tx",71.1404631638506
"us-va",123.828011540905
"us-vt",228.428141898326
"us-wa",60.1579212940103
"us-wi",55.9427700958999
"us-wv",35.086795536964
