"JS_KEY","NAME_REGIONALITY"
"us-al",83.2903175424462
"us-ar",59.5949971490143
"us-ca",87.0534999635154
"us-co",93.8668804934953
"us-ct",218.485068604343
"us-fl",177.945404258768
"us-ga",81.9653366271724
"us-hi",363.892123140911
"us-il",87.9789163294924
"us-in",35.5159159426259
"us-ky",30.3936308166468
"us-la",91.2501170918401
"us-ma",172.35479295607
"us-md",48.8444037581352
"us-me",83.0905409467177
"us-mi",112.024330792394
"us-mn",54.8951613258756
"us-mo",33.6089759861074
"us-ms",124.26492152805
"us-nc",126.327502018569
"us-nd",77.5064428546639
"us-ne",42.6213736863598
"us-nh",138.985535309065
"us-nj",224.65755185992
"us-ny",179.670263473036
"us-oh",69.8792289508922
"us-ok",25.7899272068038
"us-or",74.5680031639975
"us-pa",131.523997753451
"us-ri",140.342195778333
"us-sc",142.604269053544
"us-tn",25.6338855024438
"us-tx",64.6758296758297
"us-va",115.017789271337
"us-vt",211.416541910642
"us-wa",59.3112301294778
"us-wi",65.2486527951212
"us-wv",100.342798945526
