"JS_KEY","NAME_REGIONALITY"
"us-al",0.607110625730032
"us-ar",0.416208226288051
"us-ca",1.08245965933122
"us-co",0.614488994468586
"us-ct",1.967979203303
"us-de",2.26607017086214
"us-fl",1.7169111043858
"us-ga",0.409995667354793
"us-hi",4.20034813602172
"us-ia",0.195891266499147
"us-il",0.72959163171766
"us-in",0.286805497090504
"us-ky",0.267410751802418
"us-la",1.12416798501451
"us-ma",1.34441295409609
"us-md",0.917287847693398
"us-me",0.961568785952768
"us-mi",1.47347691824558
"us-mn",0.318301153908461
"us-mo",0.498223854869287
"us-ms",0.722626015844238
"us-mt",1.25751888795278
"us-nc",1.31260182244613
"us-nd",1.11329514628269
"us-nj",2.07921683272572
"us-nm",1.50422463509006
"us-ny",1.84341181611379
"us-oh",0.618280943691586
"us-ok",0.461094559368914
"us-pa",1.5319927391784
"us-ri",2.04638474925133
"us-sc",1.40063964894766
"us-sd",1.08507303368982
"us-tn",0.219709254279587
"us-tx",0.689899794976253
"us-va",1.19183343133941
"us-wa",0.893705901975556
"us-wi",0.624295477063359
"us-wv",0.563310460054301
