"JS_KEY","NAME_REGIONALITY"
"us-al",0.835601500184008
"us-ar",0.549481717747069
"us-az",2.00396139307756
"us-ca",1.10342550052365
"us-ct",2.14554958435154
"us-dc",1.0304126341118
"us-fl",1.71476769723144
"us-ga",1.22848850565185
"us-hi",7.44536872741042
"us-il",0.813530083438845
"us-in",0.226272109681301
"us-ky",0.284797563874963
"us-la",0.984595519845323
"us-ma",1.605200433755
"us-md",0.967683631575701
"us-mi",0.983210556180541
"us-mo",0.329238691116953
"us-ms",1.01648813905623
"us-nc",2.43535643140394
"us-nj",2.39231031957098
"us-ny",2.1035978875117
"us-oh",0.410411501566922
"us-pa",1.37188596130149
"us-ri",1.88290472143954
"us-sc",1.66560966716055
"us-tn",0.380384792210008
"us-tx",0.741868060628571
"us-va",1.58456672098723
"us-wi",0.258146225440569
