"JS_KEY","NAME_REGIONALITY"
"us-al",0.412133590371657
"us-ar",0.296200686656303
"us-az",1.52105097509984
"us-ca",1.68425392852706
"us-co",0.898928800410786
"us-ct",1.63467048531868
"us-dc",2.43528477594378
"us-de",1.10220211940951
"us-fl",1.91306434688548
"us-ga",0.696279421154286
"us-hi",4.17048541075384
"us-ia",0.478222893488527
"us-il",1.0514038065712
"us-in",0.366773825449541
"us-ks",0.50761410012271
"us-ky",0.277015129771561
"us-la",0.704445403631564
"us-ma",1.3658488313171
"us-md",0.846324380314751
"us-mi",0.884366587805091
"us-mn",0.628941661880415
"us-mo",0.394347635816327
"us-ms",0.626493337729103
"us-nc",0.822986116541587
"us-nh",0.933223397270073
"us-nj",1.6873066352717
"us-nm",0.877809322398435
"us-nv",1.10590542572498
"us-ny",2.01849876469923
"us-oh",0.640221478801083
"us-ok",0.44980346934492
"us-or",0.980859093564413
"us-pa",0.747660937058604
"us-ri",0.949294670019324
"us-sc",0.839558970387269
"us-tn",0.446068240225786
"us-tx",0.786525644373931
"us-ut",0.498673087031905
"us-va",0.719598091155793
"us-vt",1.84207374797834
"us-wa",0.802248881727415
"us-wi",0.599335600901802
"us-wv",0.226387549734526
