"JS_KEY","NAME_REGIONALITY"
"us-ak",137.627683928796
"us-al",42.6776246084928
"us-ar",49.2897864495561
"us-az",108.215634879394
"us-ca",168.759451190512
"us-co",129.415907494467
"us-ct",136.145806352784
"us-dc",344.374956679139
"us-de",58.1528845423231
"us-fl",161.8465921258
"us-ga",67.8824230891808
"us-hi",201.986339556966
"us-ia",62.7255885989401
"us-id",95.8262512025275
"us-il",102.465447562654
"us-in",61.2446337610091
"us-ks",68.1242043325109
"us-ky",41.3580274711635
"us-la",36.4744363024972
"us-ma",154.378551790076
"us-md",111.16445750495
"us-me",84.2102397762699
"us-mi",85.0015824214819
"us-mn",95.9030443734092
"us-mo",60.4262953120018
"us-ms",33.4253888359404
"us-mt",119.975206476616
"us-nc",72.8550241257726
"us-nd",32.455535164759
"us-ne",67.3025308153425
"us-nh",114.774306857352
"us-nj",154.610562681878
"us-nm",85.7987532793352
"us-nv",122.182486097438
"us-ny",160.711551473719
"us-oh",61.6411634048509
"us-ok",46.7412431971173
"us-or",132.090777819422
"us-pa",75.9454850005954
"us-ri",127.525704366505
"us-sc",71.6350278850279
"us-sd",69.5812138417386
"us-tn",31.362109888417
"us-tx",75.5452402079887
"us-ut",73.1769135628087
"us-va",73.665992488995
"us-vt",143.987720082154
"us-wa",113.131356980147
"us-wi",71.2048164981129
"us-wy",78.8269367768737
