"JS_KEY","NAME_REGIONALITY"
"us-ak",1.45758843375377
"us-al",0.370847500807403
"us-ar",0.315713386740079
"us-az",0.894626357702235
"us-ca",1.51512677400521
"us-co",1.18310062893914
"us-ct",1.44415514443769
"us-dc",2.06955768383843
"us-de",0.995863420798815
"us-fl",1.30126343589552
"us-ga",0.748579312797163
"us-hi",1.56692232751306
"us-ia",1.00912407129674
"us-id",0.951096434826521
"us-il",1.08413688770377
"us-in",0.690912351741302
"us-ks",0.699615607876846
"us-ky",0.417784332242981
"us-la",0.552117701707636
"us-ma",1.47765718056875
"us-md",0.932630414040372
"us-me",1.1706386819607
"us-mi",0.832046220917281
"us-mn",1.24518777006351
"us-mo",0.713570200970262
"us-ms",0.364234346385988
"us-mt",0.492479386494294
"us-nc",0.540366667983677
"us-nd",0.887978216878943
"us-ne",0.856120650369983
"us-nh",0.832977220965211
"us-nj",1.3155232842651
"us-nm",0.545848300167078
"us-nv",1.31893137567511
"us-ny",1.28147282957401
"us-oh",0.853920130739617
"us-ok",0.425389625861893
"us-or",1.43303551359144
"us-pa",0.917990382449147
"us-ri",1.28348776045346
"us-sc",0.60895371958481
"us-sd",0.819132113088416
"us-tn",0.516443027264524
"us-tx",0.71807648060319
"us-ut",0.990509316385918
"us-va",0.83995574694216
"us-vt",1.25287931834771
"us-wa",1.30468749585953
"us-wi",1.04461557307287
"us-wv",0.371280090681091
"us-wy",0.788063076786384
