"JS_KEY","NAME_REGIONALITY"
"us-ak",0.599294387170676
"us-al",0.58348773529393
"us-ar",0.761655523443903
"us-az",1.29903720148482
"us-ca",1.33354227853563
"us-co",0.989804180331796
"us-ct",0.91286990508096
"us-dc",1.34706530582819
"us-de",0.947362321639827
"us-fl",1.12397766552916
"us-ga",0.796801836560638
"us-hi",1.21767276860962
"us-ia",0.760922654068389
"us-id",0.896550778679535
"us-il",1.11528237740541
"us-in",0.906313692130154
"us-ks",0.96422504250854
"us-ky",0.691099734635888
"us-la",0.677056951679344
"us-ma",0.824633909766101
"us-md",0.855436523286038
"us-me",0.837770999816995
"us-mi",1.04230411112882
"us-mn",0.802811989750313
"us-mo",0.855065492840559
"us-ms",0.554258879365797
"us-mt",1.00413687212108
"us-nc",0.937361843991209
"us-nd",1.33286231084088
"us-ne",1.00209004989151
"us-nh",0.766143392689784
"us-nj",1.04471961862946
"us-nm",1.45457049876304
"us-nv",1.38557086244505
"us-ny",1.01098489816928
"us-oh",0.848079689524606
"us-ok",0.950208652224892
"us-or",1.0229497409196
"us-pa",0.84409050644262
"us-ri",1.19294473473615
"us-sc",0.614260300791019
"us-sd",0.921576800415338
"us-tn",0.786399127799779
"us-tx",1.09564244234099
"us-ut",0.853546949010867
"us-va",0.957387025626197
"us-vt",0.744391687534554
"us-wa",0.977032182446989
"us-wi",0.758230504768958
"us-wv",1.13523960151601
"us-wy",1.61115448756822
