"JS_KEY","NAME_REGIONALITY"
"us-ak",1.50925483771164
"us-al",1.46235965100358
"us-ar",1.32214518259611
"us-az",0.908436984746014
"us-ca",1.01268382919562
"us-co",0.894792441046033
"us-ct",0.793864001522419
"us-dc",1.22642766564298
"us-de",1.47442045882776
"us-fl",1.25825616555418
"us-ga",1.27210497701933
"us-hi",0.634172545725533
"us-ia",0.853110357062479
"us-id",0.88677622661936
"us-il",0.932980514674958
"us-in",0.837528362369
"us-ks",0.866131836397561
"us-ky",1.41206125825149
"us-la",0.835073909636175
"us-ma",0.875982839552289
"us-md",1.1855797871824
"us-me",0.657535646308148
"us-mi",0.842680431740814
"us-mn",0.724431091007545
"us-mo",1.1468227412949
"us-ms",1.36527676737798
"us-mt",1.07910095044757
"us-nc",1.42262485788992
"us-nd",0.86682245708096
"us-ne",0.851966475531297
"us-nh",0.782541718137971
"us-nj",0.928052178159302
"us-nm",0.719262157534672
"us-nv",1.25148004135714
"us-ny",0.873449048556121
"us-oh",0.877715415279108
"us-ok",1.26422241629129
"us-or",0.969600568057404
"us-pa",0.853065286553187
"us-ri",0.793974231641541
"us-sc",1.19892944105173
"us-sd",0.727600617352308
"us-tn",1.4869896312003
"us-tx",1.18647693370005
"us-ut",0.891763719457489
"us-va",1.32338257682032
"us-vt",0.583645510533793
"us-wa",1.0123923884217
"us-wi",0.733249156796043
"us-wv",1.09801262494022
"us-wy",0.964924579483415
