"JS_KEY","NAME_REGIONALITY"
"us-ak",114.337587425398
"us-al",124.406000661851
"us-ar",102.757602721237
"us-az",59.3299535320807
"us-ca",85.1335258081574
"us-co",79.2120195119968
"us-ct",104.592697937387
"us-dc",130.117116551543
"us-de",147.340828240217
"us-fl",121.08066985256
"us-ga",127.807799432809
"us-hi",75.684880705211
"us-ia",73.1399733813772
"us-id",77.5483142682688
"us-il",94.1830249465531
"us-in",93.7379114226342
"us-ks",77.9107517306265
"us-ky",129.008625844849
"us-la",65.7470665061584
"us-ma",93.3906453280425
"us-md",136.840284970685
"us-me",78.2941646281062
"us-mi",91.8197271896703
"us-mn",67.8072073014685
"us-mo",95.1051257524227
"us-ms",106.203510332131
"us-mt",95.1995363112756
"us-nc",136.535088356202
"us-nd",66.032609310102
"us-ne",69.5929882446906
"us-nh",85.3356824250852
"us-nj",108.715863196217
"us-nm",59.166967150045
"us-nv",94.1573608690834
"us-ny",95.9123331069297
"us-oh",102.551362342004
"us-ok",85.9390860515791
"us-or",78.5014446999133
"us-pa",107.310318115841
"us-ri",107.761518692422
"us-sc",125.721037288394
"us-sd",70.4621726827421
"us-tn",125.281469865955
"us-tx",85.8603992381363
"us-ut",78.1038449314339
"us-va",135.413857713027
"us-vt",76.2509734212745
"us-wa",88.6053137977885
"us-wi",76.1280573996191
"us-wv",104.914234175368
"us-wy",104.928949868281
