"JS_KEY","NAME_REGIONALITY"
"us-ak",115.235413371492
"us-al",124.418219638665
"us-ar",96.7830080114325
"us-az",79.2636052409973
"us-ca",86.5070237227426
"us-co",85.3333100670899
"us-ct",106.469791423637
"us-dc",130.477040405947
"us-de",163.89337585462
"us-fl",112.784018131741
"us-ga",122.290440368953
"us-hi",71.4415580932315
"us-ia",61.9130856396253
"us-id",69.8584589747111
"us-il",94.6480635973967
"us-in",88.8384103946946
"us-ks",74.4418044732187
"us-ky",131.760206700159
"us-la",71.7616881355166
"us-ma",107.417279996363
"us-md",133.524973255339
"us-me",72.3665570885665
"us-mi",88.6486258667505
"us-mn",61.3008971052683
"us-mo",90.0768358806274
"us-ms",110.792840578219
"us-mt",91.6860904308824
"us-nc",142.97852146094
"us-nd",44.9106227052676
"us-ne",72.8681994611958
"us-nh",88.8423092529895
"us-nj",120.042477157426
"us-nm",63.1801940320235
"us-nv",87.1776525373375
"us-ny",99.3205359493407
"us-oh",99.8189091473897
"us-ok",81.7718580093648
"us-or",74.7402362184384
"us-pa",114.020869940578
"us-ri",108.525741294881
"us-sc",121.093712838096
"us-sd",77.6017722904596
"us-tn",127.620574758632
"us-tx",83.7957017366317
"us-ut",62.5231119886609
"us-va",144.160699724412
"us-vt",70.2869823582284
"us-wa",74.9503800722506
"us-wi",74.993627639074
"us-wv",111.410429665291
"us-wy",99.5261911002216
