"JS_KEY","NAME_REGIONALITY"
"us-ak",77.6377449824501
"us-al",122.387923158929
"us-ar",93.631682499756
"us-az",86.3724211490863
"us-ca",82.4534375730079
"us-co",90.5991193719021
"us-ct",111.582587654242
"us-dc",123.047000051507
"us-de",149.380104779464
"us-fl",118.585794243741
"us-ga",124.122400192982
"us-hi",78.4369695787696
"us-ia",70.987152339928
"us-id",78.5855165573874
"us-il",94.7302888502088
"us-in",88.0483154280488
"us-ks",68.4635195053537
"us-ky",126.586299027242
"us-la",73.8487665478296
"us-ma",109.787460126609
"us-md",127.981754981335
"us-me",69.7574688466926
"us-mi",91.8382846295826
"us-mn",58.959639057228
"us-mo",91.0724567173423
"us-ms",111.972990498059
"us-mt",90.5540404968581
"us-nc",139.974012292245
"us-nd",51.7764133376032
"us-ne",80.4653798999225
"us-nh",82.4754653072104
"us-nj",118.781666110186
"us-nm",60.6490250899804
"us-nv",86.6351534763274
"us-ny",100.173573066744
"us-oh",98.9120923409158
"us-ok",77.1020154912893
"us-or",76.0990266935319
"us-pa",122.220900420549
"us-ri",112.574881593007
"us-sc",129.585735036709
"us-sd",68.6540896831612
"us-tn",120.874051988003
"us-tx",84.6230816219466
"us-ut",62.4169655000968
"us-va",135.183321037651
"us-vt",70.4370883515101
"us-wa",77.3593597510597
"us-wi",76.2891746723545
"us-wv",110.462828383217
"us-wy",95.8605079446679
