"JS_KEY","NAME_REGIONALITY"
"us-ak",89.9905384954221
"us-al",135.083501870641
"us-ar",105.962478634718
"us-az",84.1929684567895
"us-ca",79.7572600815358
"us-co",75.2188143878138
"us-ct",103.852598426734
"us-dc",119.095525819359
"us-de",117.858615409708
"us-fl",120.80614489518
"us-ga",142.090113779021
"us-hi",93.2978726656781
"us-ia",77.0860880923496
"us-id",90.9620355713982
"us-il",93.0520871329724
"us-in",85.7920235404644
"us-ks",88.7106530802893
"us-ky",131.031106266772
"us-la",72.630303557728
"us-ma",107.436751420252
"us-md",124.457938182416
"us-me",83.5987771976323
"us-mi",86.4704598661099
"us-mn",59.4262759503082
"us-mo",91.9376671355206
"us-ms",110.352717934654
"us-mt",107.924762820454
"us-nc",146.158389414369
"us-nd",53.3872351864722
"us-ne",76.3511913289788
"us-nh",85.2298570071572
"us-nj",111.081633847578
"us-nm",71.7903135264914
"us-nv",124.147951519508
"us-ny",103.738713083765
"us-oh",96.707535301758
"us-ok",85.2454949054053
"us-or",71.8481294026556
"us-pa",115.04009537193
"us-ri",98.17827093568
"us-sc",139.902063680606
"us-sd",63.5195682987387
"us-tn",135.396156274645
"us-tx",81.0008160340991
"us-ut",62.3007428378883
"us-va",142.657875612166
"us-vt",75.8489228790085
"us-wa",80.1321379308431
"us-wi",74.0666391807956
"us-wv",122.369836454715
"us-wy",111.381557314029
