"JS_KEY","NAME_REGIONALITY"
"us-ak",92.475921119637
"us-al",151.204291171576
"us-ar",111.068069765465
"us-az",81.5820335366885
"us-ca",72.2114602761559
"us-co",74.8867658458327
"us-ct",100.215543027374
"us-dc",134.885600350817
"us-de",113.673728417274
"us-fl",119.156090224837
"us-ga",159.656290519262
"us-hi",104.713181298831
"us-ia",57.4459167198457
"us-id",74.9436996783761
"us-il",87.9626725637043
"us-in",96.0281601207872
"us-ks",87.5681311246418
"us-ky",149.89685970543
"us-la",98.4128391639458
"us-ma",80.6800636058372
"us-md",137.695679195009
"us-me",74.0572810521403
"us-mi",80.6122735566003
"us-mn",48.6448485284096
"us-mo",94.8573204919852
"us-ms",148.2967799743
"us-mt",95.2179717003923
"us-nc",162.047440095888
"us-nd",59.7621023665534
"us-ne",60.5687745330203
"us-nh",67.7184156740999
"us-nj",110.513929137564
"us-nm",75.7463150538126
"us-nv",95.870401406421
"us-ny",97.2095757696007
"us-oh",97.0671357640167
"us-ok",100.801190070954
"us-or",78.7820794841623
"us-pa",109.967560840996
"us-ri",98.1233056154927
"us-sc",175.497106112149
"us-sd",65.8465208813162
"us-tn",155.853794622498
"us-tx",88.7796428864317
"us-ut",59.6852978036653
"us-va",155.139616770745
"us-vt",60.217471507752
"us-wa",70.7367294743336
"us-wi",57.4608830561401
"us-wv",147.64577892679
"us-wy",97.333129957291
