"JS_KEY","NAME_REGIONALITY"
"us-ak",0.867028838304148
"us-al",1.65157964886731
"us-ar",1.20217028042191
"us-az",0.774190345957438
"us-ca",0.720049639010507
"us-co",0.81326098704724
"us-ct",0.986959172196677
"us-dc",1.33581360140843
"us-de",1.31393036501217
"us-fl",1.26786684196962
"us-ga",1.67113325830353
"us-hi",1.0673457845195
"us-ia",0.559926111863212
"us-id",0.725971052926234
"us-il",0.859713797237284
"us-in",0.870282677178949
"us-ks",0.801952523598217
"us-ky",1.42579776907088
"us-la",1.01974482777958
"us-ma",0.828042997134018
"us-md",1.40074968590636
"us-me",0.786199424896572
"us-mi",0.793519590276827
"us-mn",0.468468265289042
"us-mo",0.93462737176347
"us-ms",1.6829366074307
"us-mt",1.00176722131689
"us-nc",1.62293338298934
"us-nd",0.47684725441092
"us-ne",0.617128545164924
"us-nh",0.775929813393961
"us-nj",1.11141146727008
"us-nm",0.700760405762404
"us-nv",1.06420563315782
"us-ny",0.960207801509088
"us-oh",0.960719911125876
"us-ok",0.930128935865222
"us-or",0.742885642305394
"us-pa",1.11462804662299
"us-ri",0.912711027217105
"us-sc",1.78373292796178
"us-sd",0.501465395862071
"us-tn",1.55340166341925
"us-tx",0.955024367189665
"us-ut",0.618374343854869
"us-va",1.50521994702153
"us-vt",0.797803001887125
"us-wa",0.766118348645642
"us-wi",0.556678493122089
"us-wv",1.26385591037087
"us-wy",1.10131993576014
