"JS_KEY","NAME_REGIONALITY"
"us-ak",1.05199261099966
"us-al",1.82297121730499
"us-ar",1.67743450637763
"us-az",0.758582151691433
"us-ca",0.588173040319208
"us-co",1.12104536177227
"us-ct",0.903475578318563
"us-dc",1.46344581138962
"us-de",1.03576989994999
"us-fl",0.794614179918784
"us-ga",1.42568363705709
"us-hi",0.975344133909686
"us-ia",1.33687409874455
"us-id",1.29247795746531
"us-il",0.926398021060138
"us-in",1.19623792546065
"us-ks",1.29727729680251
"us-ky",1.62878012085592
"us-la",1.21640048832042
"us-ma",1.01305760648635
"us-md",0.952419001857296
"us-me",1.20245707906867
"us-mi",0.980433393012045
"us-mn",1.40993829050221
"us-mo",1.47285442551462
"us-ms",1.69263813098369
"us-mt",1.67810826504936
"us-nc",1.40505460944681
"us-nd",1.42615811932112
"us-ne",1.49879165638182
"us-nh",1.21257175402362
"us-nj",0.569416839127097
"us-nm",0.78401570839957
"us-nv",0.84191193729399
"us-ny",0.658658446935602
"us-oh",1.22590655119954
"us-ok",1.04050167032135
"us-or",1.07069035160456
"us-pa",0.875427220388549
"us-ri",1.05480019593366
"us-sc",1.79133469685752
"us-sd",1.49329190396233
"us-tn",1.6571020916158
"us-tx",0.814194133576348
"us-ut",1.49644039064485
"us-va",1.40394974376854
"us-vt",1.21537823695652
"us-wa",0.896337548026566
"us-wi",1.17487972270674
"us-wv",1.21584983169375
"us-wy",1.74406725604368
