"JS_KEY","NAME_REGIONALITY"
"us-ak",111.365551986387
"us-al",181.933137548342
"us-ar",122.347258289153
"us-az",69.7377460472691
"us-ca",67.6800576749962
"us-co",115.271218338627
"us-ct",83.1033461321517
"us-dc",130.140508473431
"us-de",98.7231155271986
"us-fl",75.1463426676786
"us-ga",143.501764067172
"us-hi",84.9502231470768
"us-ia",128.70173751952
"us-id",137.538882967937
"us-il",93.213649279597
"us-in",116.484444615921
"us-ks",123.989467740372
"us-ky",160.417299954774
"us-la",118.344478064471
"us-ma",117.428089935989
"us-md",90.93940503081
"us-me",142.48701789561
"us-mi",97.1201616341427
"us-mn",157.433709960788
"us-mo",137.040847433822
"us-ms",151.411892216003
"us-mt",167.417495555226
"us-nc",136.054814228649
"us-nd",150.228228826899
"us-ne",140.339215435006
"us-nh",118.401776640081
"us-nj",63.1064433264778
"us-nm",82.5587133501829
"us-nv",68.3469487305747
"us-ny",66.5658613341484
"us-oh",114.283849206841
"us-ok",129.63338672155
"us-or",119.010370064282
"us-pa",78.6415568135417
"us-ri",84.1037099514182
"us-sc",161.113014434869
"us-sd",143.837656145553
"us-tn",165.765924811403
"us-tx",74.0676362551098
"us-ut",144.967271246173
"us-va",125.349226616739
"us-vt",195.091367748244
"us-wa",110.069695404367
"us-wi",138.34261639653
"us-wv",116.723827310451
"us-wy",160.350619547135
