"JS_KEY","NAME_REGIONALITY"
"us-al",1.5791572574833
"us-ar",1.52257634423024
"us-az",1.23932880844646
"us-ca",0.691858315394866
"us-co",0.667014175974504
"us-ct",0.825709508403561
"us-dc",0.670310052645319
"us-fl",1.4256082919246
"us-ga",1.51859014160259
"us-ia",1.21420727854551
"us-id",1.03854369422887
"us-il",0.582114430177808
"us-in",0.777372792608808
"us-ks",1.89050157220646
"us-ky",1.24133500643666
"us-la",2.14499216846502
"us-ma",0.584034619273819
"us-md",0.787338301836572
"us-me",0.820814664629296
"us-mi",0.945683989946539
"us-mn",1.32117967016726
"us-mo",1.37390061197873
"us-ms",1.38738026755343
"us-mt",1.50525766208072
"us-nc",1.22178522571819
"us-nd",1.26749537227478
"us-ne",1.79687888098144
"us-nh",1.01006099524097
"us-nj",0.57231520345676
"us-ny",0.599750217417504
"us-oh",0.807664172573459
"us-ok",1.48170676729392
"us-or",1.5057265897013
"us-pa",0.720183526270088
"us-ri",1.02474537518187
"us-sc",1.36738555047507
"us-sd",1.74490337651306
"us-tn",1.68504007101063
"us-tx",1.53065311343484
"us-va",1.12147852298069
"us-wa",0.734691928360474
"us-wi",1.61547527332093
"us-wv",1.34767098573069
