"JS_KEY","NAME_REGIONALITY"
"us-al",143.204441529417
"us-ar",130.694988369211
"us-az",91.3797180528954
"us-ca",96.9208553738568
"us-co",77.6490221081139
"us-ct",98.6434136488241
"us-dc",72.0983800305204
"us-fl",129.088233237375
"us-ga",176.308363761473
"us-hi",191.077552496774
"us-ia",83.1718253891254
"us-id",229.864947428662
"us-il",56.5243379696641
"us-in",58.1186139370898
"us-ks",120.027067292065
"us-ky",151.38357622957
"us-la",197.067470908597
"us-ma",80.8651735281491
"us-md",81.9923226995706
"us-me",136.088134664654
"us-mi",91.4042297798409
"us-mn",67.5724050059856
"us-mo",102.98496090596
"us-ms",197.237380340749
"us-mt",127.123659249859
"us-nc",135.94902662082
"us-nd",106.916760032461
"us-ne",70.4892937439058
"us-nh",120.749457342044
"us-nj",68.0291740401031
"us-nm",124.185072515149
"us-ny",78.9396992106495
"us-oh",76.3423992268575
"us-ok",120.132978425536
"us-or",141.205675449678
"us-pa",75.6866903381068
"us-ri",67.8794758205671
"us-sc",176.989824139474
"us-sd",120.660056488386
"us-tn",143.258346212628
"us-tx",114.870098769735
"us-ut",144.534149898436
"us-va",125.397917229169
"us-vt",99.4421114647608
"us-wa",76.4172299420652
"us-wi",78.537590001555
"us-wv",111.043795000319
"us-wy",128.635322242071
