"JS_KEY","NAME_REGIONALITY"
"us-al",1.40950704592517
"us-ar",1.09073899773174
"us-az",1.16918069671544
"us-ca",1.07315992877858
"us-co",0.811944299556328
"us-ct",0.73720691373962
"us-dc",1.1960742976127
"us-fl",1.31470524146918
"us-ga",1.41082673795927
"us-hi",1.17185875491315
"us-ia",0.654919565256217
"us-id",1.46419408877843
"us-il",0.85984586091259
"us-in",0.768632625463627
"us-ks",0.771853818167755
"us-ky",0.874588920199083
"us-la",1.61900752648565
"us-ma",0.658027820404758
"us-md",0.64482359131951
"us-me",0.724369977430721
"us-mi",0.885973715921614
"us-mn",0.624886233568082
"us-mo",0.949115208992333
"us-ms",1.66358875664552
"us-mt",1.24869452797135
"us-nc",1.28399459729737
"us-nd",0.717716949996346
"us-ne",0.513745958642264
"us-nh",0.537996204941812
"us-nj",1.04650554446282
"us-nm",1.20701589088617
"us-nv",1.84149232914923
"us-ny",1.49479524481467
"us-oh",0.959104302502128
"us-ok",0.786086501940043
"us-or",1.20109752574109
"us-pa",0.557212733990433
"us-ri",0.660397249074208
"us-sc",1.17918049628413
"us-sd",0.620307589273443
"us-tn",0.918563761311925
"us-tx",1.25423566819223
"us-ut",1.82721719481474
"us-va",0.96842789824431
"us-vt",0.940442941609659
"us-wa",0.801027396131108
"us-wi",0.551830693084894
"us-wv",0.714771532925733
"us-wy",0.787535390991938
