"JS_KEY","NAME_REGIONALITY"
"us-ak",1.76253214906755
"us-al",1.03804283692099
"us-ar",1.15539281849172
"us-az",1.48971904291218
"us-ca",1.35976646778508
"us-co",1.02392180550406
"us-ct",1.34928903392142
"us-dc",0.937853674944458
"us-de",0.733746813301186
"us-fl",1.15570467208653
"us-ga",1.33304618124384
"us-hi",1.87692891117181
"us-ia",0.701456084735077
"us-id",0.96008452034295
"us-il",0.981451164959556
"us-in",0.762171101146184
"us-ks",0.749023490346998
"us-ky",0.746523343181409
"us-la",1.26091739023819
"us-ma",0.851308620538008
"us-md",0.811992432415795
"us-me",1.0901132786197
"us-mi",0.991016638145167
"us-mn",0.68822729793203
"us-mo",0.905637928901641
"us-ms",1.35949318210884
"us-mt",1.29564573543878
"us-nc",1.11517244389656
"us-nd",0.436587608694836
"us-ne",0.705136387169297
"us-nh",0.977972747024407
"us-nj",0.984719525946865
"us-nm",1.22150396814171
"us-nv",1.09578373762141
"us-ny",1.31094100697376
"us-oh",0.800794390794939
"us-ok",0.781467367800385
"us-or",1.14991338431841
"us-pa",0.528314323088246
"us-ri",0.749408474045666
"us-sc",1.38761449661165
"us-sd",0.229723442063945
"us-tn",0.789843317519742
"us-tx",1.44001779015059
"us-ut",0.833325072023036
"us-va",0.989002672512953
"us-vt",1.25039499992105
"us-wa",0.95522588499189
"us-wi",0.609088954180677
"us-wv",0.745153230742953
"us-wy",1.31077664573738
