"JS_KEY","NAME_REGIONALITY"
"us-ak",1.27950464802169
"us-al",0.805963710967877
"us-ar",0.792842944485765
"us-az",1.43286471323524
"us-ca",1.37340978126987
"us-co",1.46828216705563
"us-ct",1.40862807725831
"us-dc",0.810436038274923
"us-de",0.39194157112512
"us-fl",0.987501805847432
"us-ga",1.13104757110094
"us-hi",0.951236362856357
"us-ia",0.824244519720717
"us-id",1.26195448970143
"us-il",1.11808092320275
"us-in",0.758440025223005
"us-ks",0.766791392782615
"us-ky",0.719615384907129
"us-la",1.06665577498742
"us-ma",0.699087927344877
"us-md",0.872431500518801
"us-me",0.568270146179207
"us-mi",1.15409749384951
"us-mn",0.706160367533129
"us-mo",0.854806615418897
"us-ms",1.15063706950498
"us-mt",0.763242957587366
"us-nc",0.971419557940679
"us-nd",0.342344675261566
"us-ne",0.840839155487387
"us-nh",0.826903440974999
"us-nj",1.06116871467385
"us-nm",1.79929828939385
"us-nv",1.72740601684585
"us-ny",1.33903502998811
"us-oh",0.993428298305631
"us-ok",0.713908039880357
"us-or",1.31185557314432
"us-pa",0.471192371515799
"us-ri",0.333090909707038
"us-sc",1.08282966022946
"us-sd",0.729207005309145
"us-tn",0.752558495338135
"us-tx",1.40505891015343
"us-ut",1.15231458548678
"us-va",0.874133839028378
"us-vt",1.0889428572027
"us-wa",1.28925805313306
"us-wi",0.634943194106901
"us-wv",0.665387754012632
"us-wy",1.44696389657297
