"JS_KEY","NAME_REGIONALITY"
"us-ak",1.07609925000015
"us-al",0.807591122885564
"us-ar",0.950183121010781
"us-az",1.09540008820061
"us-ca",1.20504737341655
"us-co",1.17723225494953
"us-ct",1.06644962778308
"us-dc",0.956565828942028
"us-de",1.15848684823309
"us-fl",0.843595131573702
"us-ga",0.946140288330674
"us-hi",0.676307572407735
"us-ia",1.02394417420374
"us-id",0.882193083728088
"us-il",1.27275214295688
"us-in",0.993289584748113
"us-ks",0.715732482287405
"us-ky",0.99014047326949
"us-la",0.704448045487588
"us-ma",0.98800009894199
"us-md",1.12756118313468
"us-me",0.574390044264103
"us-mi",0.971004098951099
"us-mn",0.815839968786009
"us-mo",1.11513777038621
"us-ms",0.570642207303141
"us-mt",0.953722252679014
"us-nc",0.760261608148963
"us-nd",0.502285762111801
"us-ne",0.773771927770275
"us-nh",0.76867711918661
"us-nj",0.99490743848865
"us-nm",0.88934307429689
"us-nv",0.842221757326125
"us-ny",0.924236384325202
"us-oh",1.0527865567572
"us-ok",0.94484827550502
"us-or",0.715659410920688
"us-pa",0.662890995087733
"us-ri",0.545631785068778
"us-sc",0.840388816654093
"us-sd",1.0048230443849
"us-tn",0.804874455141819
"us-tx",1.71407417034202
"us-ut",0.755859152042083
"us-va",0.99721712656495
"us-vt",1.06396162228878
"us-wa",0.814506651863214
"us-wi",1.11465827603121
"us-wv",0.75211080196276
"us-wy",0.859003261830756
