"JS_KEY","NAME_REGIONALITY"
"us-ak",0.844197161831844
"us-al",1.04768924632011
"us-ar",0.971051380582474
"us-az",0.735452421596404
"us-ca",0.950729442749423
"us-co",0.893600184199276
"us-ct",0.919252284903876
"us-dc",0.867582540016301
"us-de",1.08718092436622
"us-fl",0.782461997385777
"us-ga",0.985695037916601
"us-hi",0.733739977338359
"us-ia",1.26056328770457
"us-id",0.815544483088351
"us-il",1.08766220167833
"us-in",1.04531172247601
"us-ks",1.03768903986112
"us-ky",0.934340778116106
"us-la",0.85749573125081
"us-ma",1.16030096059452
"us-md",1.06532147792141
"us-me",0.94570706499662
"us-mi",0.965772877763809
"us-mn",1.58640122600881
"us-mo",0.979837073001839
"us-ms",0.914831224220583
"us-mt",0.774198975662157
"us-nc",0.994886323813545
"us-nd",1.00817911052894
"us-ne",1.00939412197206
"us-nh",1.07839229115228
"us-nj",1.12959440240322
"us-nm",0.623142032345846
"us-nv",0.675066124228227
"us-ny",0.912749934667257
"us-oh",0.911745336626636
"us-ok",0.92958346124996
"us-or",1.03839725280574
"us-pa",1.14423439538192
"us-ri",0.979607232902616
"us-sc",0.698032477771486
"us-sd",1.04243291091877
"us-tn",0.996531682188138
"us-tx",1.16436170175867
"us-ut",0.834674387094066
"us-va",0.97723550288292
"us-vt",1.23098792494376
"us-wa",0.956454598316724
"us-wi",1.16681283777872
"us-wv",0.76201154963592
"us-wy",1.15037869981115
