"JS_KEY","NAME_REGIONALITY"
"us-ak",98.3306203200521
"us-al",88.5620957084559
"us-ar",94.6816752114007
"us-az",79.4800042230903
"us-ca",109.099096247237
"us-co",98.0257799502542
"us-ct",103.141639998582
"us-dc",102.759139239268
"us-de",83.2414730137841
"us-fl",76.0837380949034
"us-ga",86.5365091416357
"us-hi",45.2956657448282
"us-ia",132.802104338138
"us-id",96.1739653486758
"us-il",105.679578672173
"us-in",91.3104428126574
"us-ks",101.269773012339
"us-ky",102.913494608675
"us-la",75.278409176649
"us-ma",102.922863323319
"us-md",106.125387173587
"us-me",69.5027527816589
"us-mi",83.5058464098956
"us-mn",168.468418349186
"us-mo",101.46868537524
"us-ms",98.1339428585904
"us-mt",49.4380421847233
"us-nc",103.652094080441
"us-nd",144.23227361474
"us-ne",146.798770341811
"us-nh",89.3186275085282
"us-nj",94.9524875752366
"us-nm",96.5569133792969
"us-nv",73.1923256332554
"us-ny",90.7865154464937
"us-oh",78.5314308670937
"us-ok",86.9241046871652
"us-or",80.4366981350975
"us-pa",97.013039645492
"us-ri",86.0293511663396
"us-sc",76.3513439508718
"us-sd",99.8343547906482
"us-tn",87.7416575907979
"us-tx",140.876245429732
"us-ut",65.3239153880192
"us-va",107.74433796322
"us-vt",52.3851513644007
"us-wa",119.392381353307
"us-wi",105.176101823204
"us-wv",83.650719451993
"us-wy",103.355420511449
