"JS_KEY","NAME_REGIONALITY"
"us-ak",128.729189293863
"us-al",109.927006853879
"us-ar",105.494892490034
"us-az",86.0544677141643
"us-ca",105.60667206394
"us-co",109.676518247655
"us-ct",108.549962525382
"us-dc",129.331698410958
"us-de",103.80809873936
"us-fl",89.5466915080555
"us-ga",104.428318677901
"us-hi",120.274763572196
"us-ia",122.739125620987
"us-id",109.353057226296
"us-il",77.9829808434274
"us-in",94.425638974648
"us-ks",123.297070663671
"us-ky",96.2128876636214
"us-la",102.874279909403
"us-ma",87.3916713735814
"us-md",76.9218650146854
"us-me",105.671650198758
"us-mi",83.4467565713108
"us-mn",173.869900309443
"us-mo",67.2308747997541
"us-ms",98.7478993659024
"us-nc",110.927353731215
"us-nd",161.750972666385
"us-ne",111.083489481828
"us-nh",141.122892026415
"us-nj",93.1631091955434
"us-nm",102.72947348808
"us-nv",76.0696287426103
"us-ny",85.7793097266483
"us-oh",73.8703928982113
"us-ok",119.193693790614
"us-or",117.352967543624
"us-pa",101.049012525897
"us-ri",78.7944152757422
"us-sc",84.4297036575246
"us-sd",117.154854291564
"us-tn",93.714488497061
"us-tx",137.708713063487
"us-ut",109.935411592488
"us-va",98.8478745467993
"us-vt",127.846075838273
"us-wa",88.2332099939963
"us-wi",90.8661967280547
"us-wv",75.7695918451492
"us-wy",142.167843255274
