"JS_KEY","NAME_REGIONALITY"
"us-al",0.873863756243281
"us-ar",0.967954857180596
"us-az",1.04112464552326
"us-ca",1.17769496173446
"us-co",0.454138020818467
"us-ct",1.21542812972346
"us-dc",1.84240045752164
"us-de",0.883605300505985
"us-fl",0.983907341107013
"us-ga",1.2785547136376
"us-hi",4.65287966917722
"us-ia",0.417753592112464
"us-id",0.553187751585811
"us-il",0.753738814454417
"us-in",0.508880576427667
"us-ks",0.463661769146232
"us-ky",2.19521121206535
"us-la",0.886459470835114
"us-ma",1.01666531744871
"us-md",0.742702577692192
"us-me",0.421143837675144
"us-mi",0.626716629620413
"us-mn",0.491881056596581
"us-mo",0.979494471375938
"us-ms",1.32265539763417
"us-mt",0.425695261962519
"us-nc",1.6161167852415
"us-ne",0.513062083929982
"us-nj",1.05693867220141
"us-ny",1.03339829324545
"us-oh",0.890375183188975
"us-ok",0.915012485830435
"us-or",1.27557251987729
"us-pa",0.924678216640481
"us-ri",0.969986533710769
"us-sc",1.47976347682274
"us-tn",1.52256062220209
"us-tx",0.967565273387191
"us-ut",0.492815738901439
"us-va",2.2781731908845
"us-vt",0.574051764972634
"us-wa",0.958221671697984
"us-wi",0.427170118470342
"us-wv",1.39308555296022
