"JS_KEY","NAME_REGIONALITY"
"us-al",82.741946775395
"us-ar",122.311607219761
"us-az",79.1972897634965
"us-ca",103.870599002138
"us-co",77.7655640803537
"us-ct",132.24347785815
"us-dc",219.859812788445
"us-de",90.0778585924423
"us-fl",112.122380293338
"us-ga",96.7111024423089
"us-hi",378.230794757318
"us-ia",36.0418224954941
"us-il",78.0047677315481
"us-in",68.404302768677
"us-ks",45.1499450434456
"us-ky",173.113276166828
"us-la",50.4898917470002
"us-ma",129.567997958276
"us-md",101.986253484617
"us-me",46.8037042628375
"us-mi",80.1965402602343
"us-mn",70.4935658032728
"us-mo",68.795423960738
"us-ms",102.002651306545
"us-mt",42.8462114177817
"us-nc",165.881666727869
"us-nd",37.9322168955046
"us-ne",37.4509760281622
"us-nh",100.775573296192
"us-nj",99.0280200020383
"us-nm",68.3359668018751
"us-ny",111.869694522283
"us-oh",89.8532885944915
"us-ok",78.5521202248981
"us-or",135.978469634745
"us-pa",95.0149574696281
"us-ri",126.3755955779
"us-sc",122.715321834987
"us-tn",141.163413236382
"us-tx",85.7287899053104
"us-ut",30.2573324653531
"us-va",221.207690591432
"us-vt",74.480719653284
"us-wa",101.501224324094
"us-wi",63.8130279879167
"us-wv",132.980947742538
