"JS_KEY","NAME_REGIONALITY"
"us-al",38.3122936555607
"us-ar",53.8542920976329
"us-az",75.2698031831618
"us-ca",114.237890991327
"us-co",88.8517784744251
"us-ct",130.218665407651
"us-dc",100.586072654635
"us-de",100.827276198544
"us-fl",74.2251961888743
"us-ga",49.6019953748476
"us-hi",112.939557600752
"us-ia",77.0966405115778
"us-id",38.6423377379284
"us-il",112.927341564767
"us-in",114.181239165151
"us-ks",74.9950543175699
"us-ky",82.7982293191441
"us-la",30.974711317845
"us-ma",125.093365959202
"us-md",106.972661313255
"us-me",120.462288700027
"us-mi",135.687320174179
"us-mn",95.1347168391217
"us-mo",73.3119006683552
"us-ms",40.8687014316269
"us-mt",55.5666269765682
"us-nc",122.823572801408
"us-nd",28.4536927713271
"us-ne",53.4710096942978
"us-nh",159.441964654503
"us-nj",93.5642404856819
"us-nm",58.9760270262962
"us-nv",114.884109212335
"us-ny",81.0089370891311
"us-oh",149.064694477476
"us-ok",76.8190695621102
"us-or",101.710572534033
"us-pa",133.047103381511
"us-ri",95.7871507486785
"us-sc",64.8217042133159
"us-sd",35.0044426120171
"us-tn",90.8340312696603
"us-tx",80.4189297499748
"us-ut",84.4046516662057
"us-va",136.269740948375
"us-vt",122.684980132437
"us-wa",116.236888103305
"us-wi",166.234561088597
"us-wv",110.946139317415
"us-wy",99.9171767453196
