"JS_KEY","NAME_REGIONALITY"
"us-ak",0.704093501398107
"us-al",0.632518137865283
"us-ar",0.763149591947814
"us-az",0.730868447519687
"us-ca",1.01423255912188
"us-co",0.879355360206192
"us-ct",1.23782719760841
"us-dc",0.817918617014752
"us-de",1.01022730291623
"us-fl",0.886808644615742
"us-ga",0.836533651223618
"us-hi",0.454525256030078
"us-ia",1.22113770698013
"us-id",1.03049475437947
"us-il",1.14627294670464
"us-in",1.10939040047213
"us-ks",1.07625822160671
"us-ky",0.786978714370407
"us-la",0.445651931369065
"us-ma",1.23758964910032
"us-md",0.998695796459014
"us-me",1.57293663130549
"us-mi",1.17173612398906
"us-mn",1.28211156444179
"us-mo",0.938482604810177
"us-ms",0.561353064436429
"us-mt",0.922059619093073
"us-nc",0.910412199036634
"us-nd",0.889883835341308
"us-ne",1.2095488702682
"us-nh",1.37319252281799
"us-nj",1.12421186917099
"us-nm",0.79906676044788
"us-nv",1.04611162062324
"us-ny",0.985731349051939
"us-oh",1.02517288307135
"us-ok",0.967241702284565
"us-or",1.17361326020259
"us-pa",1.01697923881112
"us-ri",1.22003434894406
"us-sc",0.878995823210579
"us-sd",1.24707302977049
"us-tn",0.847188949197423
"us-tx",0.779276954937022
"us-ut",0.935271011377172
"us-va",0.999874878210839
"us-vt",1.18319932193756
"us-wa",1.0944983110724
"us-wi",1.10363833617046
"us-wv",1.01047700296484
"us-wy",1.07810280168206
