"JS_KEY","NAME_REGIONALITY"
"us-ak",0.730995420412781
"us-al",0.795213623569184
"us-ar",0.984064635343603
"us-az",1.04726513053011
"us-ca",1.00440273912309
"us-co",0.920956312106915
"us-ct",1.29990163420493
"us-dc",0.652756200890942
"us-de",0.94048174537199
"us-fl",0.845524095638169
"us-ga",0.707299744339814
"us-hi",0.558835297435102
"us-ia",1.1364377537129
"us-id",0.903855723605028
"us-il",1.05721109954086
"us-in",0.714811595010553
"us-ks",0.763142014986452
"us-ky",0.729092515575168
"us-la",0.488675185933403
"us-ma",1.33700069103793
"us-md",0.778372545792658
"us-me",1.14717260471541
"us-mi",0.969875822448014
"us-mn",1.40899712021452
"us-mo",1.05761355546012
"us-ms",0.695519713536223
"us-mt",1.11785867046952
"us-nc",0.718964159842336
"us-nd",2.57618013366592
"us-ne",1.34970837890086
"us-nh",1.36084929966295
"us-nj",1.49573666880774
"us-nm",0.848416464913724
"us-nv",0.738959532694851
"us-ny",1.37291127813661
"us-oh",0.825941141750823
"us-ok",0.855865045214753
"us-or",1.03793461977528
"us-pa",1.01872161848746
"us-ri",1.17077768589494
"us-sc",0.750076678750139
"us-sd",1.67289384513814
"us-tn",0.723280574221488
"us-tx",0.948955820242215
"us-ut",0.951546236494013
"us-va",0.699867812426045
"us-vt",1.30491503477715
"us-wa",0.93855255204815
"us-wi",0.976090887353015
"us-wv",0.623479019749062
"us-wy",0.518827043036827
