"JS_KEY","NAME_REGIONALITY"
"us-al",1.6546332507349
"us-az",1.50230366975888
"us-ca",1.5717401203084
"us-co",1.333278000498
"us-fl",1.07267775485004
"us-ga",0.75228720206645
"us-il",1.26888567723486
"us-in",1.99248690282208
"us-ky",1.34852946174125
"us-md",1.26012124020483
"us-mn",1.37747171657323
"us-mo",1.19325496674962
"us-nj",0.667666028273738
"us-ny",0.983355551744929
"us-oh",1.48438159792617
"us-pa",2.36605917942947
"us-tn",0.978807876037784
"us-tx",1.31635474306216
"us-va",0.73883387168366
"us-wa",0.824272328315701
"us-wi",1.68002872942498
