"JS_KEY","NAME_REGIONALITY"
"us-ca",444.10834408093
"us-ma",407.931057506128
"us-ny",576.59660523371
"us-oh",259.885491637316
