"JS_KEY","NAME_REGIONALITY"
"us-ca",4.41473187772926
"us-il",2.10986616713081
"us-ma",4.02945284101779
"us-nj",3.78703071058688
"us-ny",4.71495143457659
