"JS_KEY","NAME_REGIONALITY"
"us-ca",303.316609012031
"us-il",170.565829078255
"us-ma",218.270227977049
"us-mi",284.649878346428
"us-mo",228.528755319767
"us-ne",515.447158595224
"us-nj",263.875874962442
"us-ny",248.381604039574
"us-oh",158.522308493255
"us-pa",100.597095262401
