"JS_KEY","NAME_REGIONALITY"
"us-ak",102.948593629347
"us-al",96.687540508047
"us-ar",106.321585371118
"us-az",81.800692760494
"us-ca",105.120187570081
"us-co",113.909256735038
"us-ct",79.0857741378046
"us-dc",110.967970215614
"us-de",66.9702999313572
"us-fl",95.5508253906628
"us-ga",105.056902247013
"us-hi",89.1776400675453
"us-ia",127.130475758658
"us-id",142.438087668075
"us-il",112.678466566191
"us-in",148.855062349178
"us-ks",124.250819150238
"us-ky",126.622749751512
"us-la",101.363883408363
"us-ma",68.4994894106969
"us-md",89.0363238076197
"us-me",124.868631920471
"us-mi",113.709901311319
"us-mn",90.1353281779191
"us-mo",119.025058199555
"us-ms",79.6411026194544
"us-mt",90.4836037421021
"us-nc",122.328857861933
"us-nd",141.040284734498
"us-ne",141.67123308835
"us-nh",125.884502334224
"us-nj",51.6900287429688
"us-nm",107.283661882516
"us-nv",102.065975371208
"us-ny",56.5654132580306
"us-oh",125.209754264125
"us-ok",151.297379772097
"us-or",111.55397116571
"us-pa",63.1010851509426
"us-ri",51.8603075334681
"us-sc",81.4782543014615
"us-sd",144.168497246782
"us-tn",129.670899225469
"us-tx",110.124447908711
"us-ut",137.955123844648
"us-va",94.2942401495807
"us-vt",103.266827303627
"us-wa",131.114750018903
"us-wi",88.6284563243403
"us-wv",139.555727268614
"us-wy",108.244693696663
