"JS_KEY","NAME_REGIONALITY"
"us-ak",0.729726071742625
"us-al",1.45981440845919
"us-ar",1.26876105759827
"us-az",0.781284667303827
"us-ca",0.858318440751324
"us-co",0.941827727266809
"us-ct",0.685267790393047
"us-dc",1.09821013900283
"us-de",0.94145530528405
"us-fl",1.12584380428369
"us-ga",1.44927597599342
"us-hi",0.661076221897813
"us-ia",1.14132111842996
"us-id",1.07753885464429
"us-il",0.986710628341135
"us-in",1.16823250967707
"us-ks",1.3380600956123
"us-ky",1.3921738331185
"us-la",1.33549016775716
"us-ma",0.817889986354286
"us-md",0.954016389466903
"us-me",1.04252054870829
"us-mi",1.04060911497544
"us-mn",1.0780246357137
"us-mo",1.06844317378588
"us-ms",1.05916283548473
"us-mt",0.89997171115863
"us-nc",1.43826004293913
"us-nd",1.29346661788398
"us-ne",1.09592409538632
"us-nh",1.22722051943164
"us-nj",0.57296752476562
"us-nm",0.680658062693922
"us-nv",0.99809696476746
"us-ny",0.584687557989454
"us-oh",1.16383822309464
"us-ok",1.30609346980329
"us-or",0.839621023991584
"us-pa",0.786478339264027
"us-ri",0.684365648642982
"us-sc",1.24821527921496
"us-sd",1.31891320191069
"us-tn",1.58017021462453
"us-tx",1.03215042593714
"us-ut",0.712809980970528
"us-va",1.30256548597148
"us-vt",1.15178150395835
"us-wa",0.984163507354131
"us-wi",0.920719404521952
"us-wv",1.46534181672483
"us-wy",1.05640523287025
