"JS_KEY","NAME_REGIONALITY"
"us-ak",0.785317912178723
"us-al",1.87063636925832
"us-ar",1.03045914534092
"us-az",1.2602904381369
"us-ca",0.842897942354976
"us-co",0.668202137900853
"us-ct",1.17905425627432
"us-dc",1.03574273014456
"us-de",0.991127474054222
"us-fl",1.32918773094573
"us-ga",1.34267224415822
"us-hi",0.910086210722105
"us-ia",0.521727304911251
"us-id",1.18014343829519
"us-il",0.93124865653296
"us-in",0.709045725643761
"us-ks",0.445085144635801
"us-ky",1.32376349881782
"us-la",0.976034054583752
"us-ma",0.837821151677945
"us-md",0.892898959802738
"us-me",0.748974581170178
"us-mi",0.895506736909257
"us-mn",0.724932930162987
"us-mo",0.835327794572406
"us-ms",2.10001266779806
"us-nc",1.41197639108
"us-nd",1.01000609260764
"us-ne",0.955044233299146
"us-nh",0.668785935234743
"us-nj",1.37044786535892
"us-nm",1.66301771559984
"us-nv",0.627983062761225
"us-ny",1.07852777575187
"us-oh",0.78318982723049
"us-ok",1.14270386585922
"us-or",0.993260735338783
"us-pa",0.852020357109601
"us-ri",0.856878696006478
"us-sc",0.844151890955217
"us-sd",0.665499292295829
"us-tn",1.14027372754198
"us-tx",1.20586236864783
"us-ut",0.639437080034982
"us-va",1.17716990608249
"us-wa",0.449691047465555
"us-wi",0.900506949015538
"us-wv",1.10854327237423
