"JS_KEY","NAME_REGIONALITY"
"us-ak",125.916967035984
"us-al",116.033007227183
"us-ar",122.598634879098
"us-az",100.149170267359
"us-ca",92.1413916426942
"us-co",64.0588154618828
"us-ct",100.76436886106
"us-dc",118.113016744245
"us-fl",92.9806756211353
"us-ga",173.798418157722
"us-ia",59.3002463295447
"us-id",165.964332654927
"us-il",99.964699623042
"us-in",54.4688111833118
"us-ks",123.399753965095
"us-ky",110.298271606188
"us-la",106.450190168297
"us-ma",94.5995593782896
"us-md",111.871547737657
"us-mi",86.8493554852671
"us-mn",49.5305729956703
"us-mo",96.9588146028562
"us-ms",178.50144987484
"us-nc",148.386868989859
"us-nd",123.458648967584
"us-ne",84.2150533396433
"us-nh",88.0394260802544
"us-nj",115.926157114029
"us-nm",156.512289321412
"us-ny",118.68054554285
"us-oh",78.2318632029756
"us-ok",61.2363593696976
"us-or",58.1591002488832
"us-pa",91.5473454901376
"us-ri",147.306280903993
"us-sc",132.849752135804
"us-tn",85.9767827679751
"us-tx",139.561929638546
"us-ut",75.0456067086797
"us-va",105.890738280859
"us-wa",89.3023221509675
"us-wi",67.5856633393227
"us-wv",91.4119358313173
