"JS_KEY","NAME_REGIONALITY"
"us-ak",2.87016624384781
"us-al",1.46406042209572
"us-ar",0.922648878667091
"us-az",0.86785255520364
"us-ca",1.58037717737849
"us-co",0.964925513789138
"us-ct",0.866435029322592
"us-dc",2.31400608090712
"us-fl",1.20857659062515
"us-ga",1.30685775890334
"us-il",0.933287124448125
"us-in",0.543810609878762
"us-ky",1.29232163962129
"us-la",0.747414562038569
"us-ma",0.705307033885845
"us-md",0.361420587467295
"us-mi",0.628675307418019
"us-mo",0.496882111018567
"us-ms",0.836399996360799
"us-nc",0.485962554845001
"us-nj",0.714144362039626
"us-nm",2.56399267334855
"us-nv",1.50448821739826
"us-ny",1.88238104757745
"us-oh",0.385277185962868
"us-ok",1.00848331046894
"us-or",0.80638119849192
"us-pa",0.536329649806009
"us-sc",1.15618743754214
"us-tn",0.922615838420765
"us-tx",1.57642016540397
"us-va",0.276620809739258
"us-wa",1.08097388056012
"us-wi",0.706541815107634
"us-wv",1.34457653690589
