"JS_KEY","NAME_REGIONALITY"
"us-az",1.84983587840731
"us-ca",1.38064391950352
"us-co",1.20747528766367
"us-ct",1.54573352519816
"us-fl",1.22699717047692
"us-ga",1.48292211656337
"us-il",1.08403256803447
"us-in",1.26989666649431
"us-ks",1.51784429423666
"us-ma",0.655580001517336
"us-mi",0.960293382230372
"us-mn",1.62222418332849
"us-mo",0.687329852186273
"us-nc",1.16874755793334
"us-nj",1.17163782798027
"us-ny",1.0362972011703
"us-oh",0.619544039049261
"us-or",1.04721508555916
"us-pa",0.417659730580828
"us-sc",0.795329316332666
"us-tn",0.906487666776319
"us-tx",2.21264676646994
"us-va",0.767819255804494
