"JS_KEY","NAME_REGIONALITY"
"us-ak",1.1239092495637
"us-al",0.0841484357500187
"us-ar",0.163406532570585
"us-az",0.803660565723794
"us-ca",1.27798671086469
"us-co",1.22840653428543
"us-ct",0.722677595628415
"us-dc",0.544963120137415
"us-de",0.343616608459449
"us-fl",0.290526315789474
"us-ga",0.0973296946248445
"us-hi",1.43967869051228
"us-ia",2.73755544603253
"us-id",2.81302473337872
"us-il",1.60694529809465
"us-in",1.46317912016131
"us-ks",2.50411184210526
"us-ky",0.167314576036334
"us-la",0.313104617532662
"us-ma",0.456810788992568
"us-md",0.234218319738141
"us-me",0.398909811694747
"us-mi",1.62629005059022
"us-mn",2.76962892483349
"us-mo",1.05747527455858
"us-ms",0.109947643979058
"us-mt",1.83528550512445
"us-nc",0.0932021171022163
"us-nd",2.70829210370077
"us-ne",2.44035122142647
"us-nh",0.328334932821497
"us-nj",0.564876243939781
"us-nm",0.717710843373494
"us-nv",1.63059701492537
"us-ny",0.73634762686363
"us-oh",1.41988780664787
"us-ok",1.10501981505945
"us-or",1.8241054034656
"us-pa",0.568930330752991
"us-ri",0.515632148848559
"us-sc",0.0964938567575667
"us-sd",3.23677083333333
"us-tn",0.0919507406746386
"us-tx",0.429764732151919
"us-ut",2.57678852545041
"us-va",0.171251026349183
"us-vt",0.384510406004777
"us-wa",2.23650681295346
"us-wi",2.82328435330212
"us-wv",1.16115295623492
"us-wy",1.76081787922016
