"JS_KEY","NAME_REGIONALITY"
"us-ak",87.3964854920815
"us-al",100.371812551431
"us-ar",80.5654006478402
"us-az",85.9955141564859
"us-ca",87.1172017959653
"us-co",62.8833022598074
"us-ct",126.444794023137
"us-dc",135.975171585405
"us-de",105.749983715993
"us-fl",101.931631008901
"us-ga",109.879950425255
"us-hi",113.139064029942
"us-ia",56.4622013282545
"us-id",57.2913823567437
"us-il",98.1546034039291
"us-in",83.7042472522509
"us-ks",78.0153948475186
"us-ky",96.6098333354361
"us-la",101.289491091809
"us-ma",137.843064459663
"us-md",164.445480163079
"us-me",121.315182213944
"us-mi",97.6501788733428
"us-mn",72.3204368962115
"us-mo",78.2412790817316
"us-ms",114.456866881087
"us-mt",93.9632932417628
"us-nc",126.406751788171
"us-nd",49.9087198640785
"us-ne",86.7126694765635
"us-nh",148.964915320104
"us-nj",140.552902586749
"us-nm",74.2172909390822
"us-nv",55.4286455516319
"us-ny",135.779083039557
"us-oh",75.6376540164763
"us-ok",53.8107301888896
"us-or",102.313873034919
"us-pa",126.578741181173
"us-ri",129.827145624115
"us-sc",101.34774699113
"us-sd",50.9906893445267
"us-tn",107.229446104313
"us-tx",77.8122925978125
"us-ut",88.4307785756055
"us-va",119.456708430617
"us-vt",133.459293676376
"us-wa",78.3159898281359
"us-wi",86.6668050617784
"us-wv",65.4375827925094
"us-wy",86.3654800772921
