"JS_KEY","NAME_REGIONALITY"
"us-ak",1.32447372834393
"us-al",1.00606200186263
"us-ar",0.944619659640548
"us-az",0.849048982048814
"us-ca",0.950045150968189
"us-co",0.701700505903389
"us-ct",1.24883649494378
"us-dc",1.08130473683459
"us-de",1.74696571268316
"us-fl",1.09560824915159
"us-ga",0.957786139581639
"us-hi",0.667362536495278
"us-ia",0.774282231531026
"us-id",0.772817421485972
"us-il",0.988260621284053
"us-in",0.65550876830955
"us-ks",0.806377327593895
"us-ky",0.945191092248476
"us-la",1.01212359460381
"us-ma",1.21124841352625
"us-md",1.14670556845413
"us-me",1.28360486786722
"us-mi",0.993224072936258
"us-mn",0.917102648618759
"us-mo",0.768305079346337
"us-ms",1.06201773307367
"us-mt",0.48879387593645
"us-nc",1.13967528993534
"us-nd",0.444908357663518
"us-ne",0.657467726371862
"us-nh",1.49716058950843
"us-nj",1.37111012722928
"us-nm",0.688919847056648
"us-nv",0.72185865294788
"us-ny",1.48023243531988
"us-oh",0.853071154750878
"us-ok",0.71141286893721
"us-or",0.624875747740812
"us-pa",1.1999642788646
"us-ri",1.08492505796234
"us-sc",1.34013361755499
"us-sd",1.38178268774343
"us-tn",0.885495914827307
"us-tx",0.785307431849941
"us-ut",0.928541159988742
"us-va",1.28010581096512
"us-vt",2.41521679874481
"us-wa",0.7839150466163
"us-wi",0.843564318777356
"us-wv",0.689380399839261
"us-wy",1.19412432739811
