"JS_KEY","NAME_REGIONALITY"
"us-ak",1.10394890069675
"us-al",1.05662922288598
"us-ar",0.954252935148576
"us-az",0.947026805676176
"us-ca",0.926933571477095
"us-co",0.698133956929704
"us-ct",1.37022722875988
"us-dc",1.5167944900533
"us-de",1.54353036341763
"us-fl",1.09464161311328
"us-ga",1.11574120663668
"us-hi",0.668182512453941
"us-ia",0.65123526834267
"us-id",1.04392634365326
"us-il",1.16991658031682
"us-in",0.756793843398565
"us-ks",0.853841796271501
"us-ky",0.768428728346292
"us-la",0.9898836757613
"us-ma",1.20055551342264
"us-md",1.52502625311138
"us-me",1.17964985011194
"us-mi",0.959016125740811
"us-mn",0.831653519082668
"us-mo",0.80162369593209
"us-ms",1.0074057584816
"us-mt",0.819688124420641
"us-nc",1.18844591361733
"us-nd",0.779735940063121
"us-ne",0.802543674925528
"us-nh",1.16691291192851
"us-nj",1.25450702784056
"us-nm",0.807428395316247
"us-ny",1.35564599710445
"us-oh",0.856726853816581
"us-ok",0.697565495370637
"us-or",0.845986210035457
"us-pa",1.129297228761
"us-ri",1.16945558269698
"us-sc",0.913392784826284
"us-sd",0.990840687206715
"us-tn",1.07052412774632
"us-tx",0.868674949951608
"us-ut",1.1754043236591
"us-va",1.1315399228699
"us-vt",1.44186954683413
"us-wa",0.682223781026179
"us-wi",0.735402045126179
"us-wv",0.540976850858395
"us-wy",0.728519155782692
