"JS_KEY","NAME_REGIONALITY"
"us-ak",109.177478857231
"us-al",40.8409451230498
"us-ar",100.594881975061
"us-az",172.504744487955
"us-ca",205.132203785308
"us-co",143.702476457428
"us-ct",37.9165621288909
"us-fl",83.5760548993328
"us-ga",95.4529138113956
"us-il",103.40242087897
"us-in",66.6339860089181
"us-ks",69.6433604835582
"us-ky",19.7786274860511
"us-la",30.4646571036986
"us-ma",48.3540403929309
"us-md",66.0404683741823
"us-mi",42.038683032442
"us-mn",51.9330710239801
"us-mo",45.1158162364139
"us-nc",96.6632195758409
"us-ne",78.1395930009608
"us-nj",70.2460119177473
"us-nm",104.100602865224
"us-nv",148.80278974359
"us-ny",98.4738806896735
"us-oh",37.3193730421715
"us-ok",103.634659672101
"us-or",111.692876277531
"us-pa",45.402915783927
"us-ri",81.4518686194987
"us-sc",18.6489852715369
"us-tn",49.4848055707905
"us-tx",213.857918247188
"us-ut",96.4488245802414
"us-va",62.1400637120482
"us-wa",100.651237651238
"us-wi",60.05573779488
