"JS_KEY","NAME_REGIONALITY"
"us-al",61.2332578314607
"us-ar",85.9369726118373
"us-az",138.646877362887
"us-ca",170.140579436863
"us-co",116.95801103408
"us-ct",38.8223753604562
"us-dc",160.746934871339
"us-de",106.069438720777
"us-fl",70.3516184286812
"us-ga",105.557786511734
"us-ia",56.8686343285185
"us-id",82.448497525377
"us-il",127.29069111959
"us-in",63.0528176235853
"us-ks",61.237871288192
"us-ky",46.8397031266465
"us-la",22.0001341491501
"us-ma",44.4556047437433
"us-md",67.9763861254626
"us-mi",42.2090814555343
"us-mn",39.8012427788591
"us-mo",38.9929902714466
"us-ms",47.9418981724014
"us-nc",122.334940769127
"us-ne",133.758022697874
"us-nj",90.5298025478067
"us-nm",123.713083126385
"us-nv",140.926737085453
"us-ny",102.941626420769
"us-oh",50.7093159609024
"us-ok",59.3578862487818
"us-or",123.899781427166
"us-pa",41.3736601188994
"us-ri",64.1866031856867
"us-sc",63.7971893454577
"us-tn",63.3387848151452
"us-tx",189.604350207696
"us-ut",69.7648131960303
"us-va",70.3999895384407
"us-wa",112.939837668834
"us-wi",39.1979964983139
