"JS_KEY","NAME_REGIONALITY"
"us-al",1.18769761787788
"us-ar",1.07216530015807
"us-az",1.15864375707973
"us-ca",1.56028129407515
"us-co",1.04509965153705
"us-dc",2.48709687144354
"us-fl",0.86907139913679
"us-ga",1.13303808944227
"us-il",0.793370980340506
"us-in",0.77178411688048
"us-ks",1.01906084663233
"us-ky",0.778821349759857
"us-la",1.16048899490671
"us-ma",0.425094570162268
"us-md",1.05302954152008
"us-mi",0.722950670762494
"us-mn",0.475585888239864
"us-mo",0.816451476025944
"us-nc",0.663978482453612
"us-nj",1.16626536060216
"us-nm",1.57830155515007
"us-ny",1.19966586526074
"us-oh",0.736091038056674
"us-ok",0.798416428495819
"us-or",1.41070413262711
"us-pa",0.637117694244436
"us-sc",0.527844773338529
"us-tn",1.22555011297978
"us-tx",1.56714994818569
"us-ut",0.61526845681381
"us-va",1.08324839436629
"us-wa",0.781243903082074
