"JS_KEY","NAME_REGIONALITY"
"us-az",147.547852012342
"us-ca",156.788374312504
"us-fl",140.013530848577
"us-ga",147.971443061121
"us-il",124.941347470252
"us-in",182.107928845859
"us-ky",193.101400804614
"us-ma",118.511494733711
"us-md",380.038300744313
"us-nc",77.9256207238134
"us-nj",124.555894733551
"us-ny",120.155230051814
"us-pa",72.5628074345515
"us-tn",173.125393824827
"us-tx",167.79624703825
"us-va",88.5347714970554
"us-wa",84.3496257714824
