"JS_KEY","NAME_REGIONALITY"
"us-az",1.88889233583475
"us-ca",1.78683215095164
"us-fl",0.966265056285101
"us-il",1.05101363597674
"us-md",2.61804061289645
"us-mo",1.73469087016594
"us-nc",2.04532737737959
"us-nj",0.9233232370199
"us-ny",1.35125241138469
"us-oh",1.28725441064178
"us-pa",2.06212101121888
"us-tn",2.04209388680188
"us-tx",1.34127376289386
"us-va",1.27130589672718
"us-wi",2.07191445681514
