"JS_KEY","NAME_REGIONALITY"
"us-al",0.704586845947985
"us-ar",0.715546278711435
"us-ca",1.16981546572935
"us-ct",1.41393926281421
"us-fl",1.75706492249483
"us-ga",0.756985759775938
"us-ia",0.749127776110444
"us-id",2.41493469472375
"us-il",0.710992229155355
"us-in",0.669690980955803
"us-ks",0.926383399209486
"us-ky",0.945927986441534
"us-ma",1.03012677491327
"us-md",0.531823318139967
"us-me",1.21606438175972
"us-mi",1.10491723048391
"us-mn",0.834575546283461
"us-mo",1.00921689762559
"us-ms",0.461762144079424
"us-nc",1.38556976853345
"us-nd",1.16697152808621
"us-ne",0.766289957404352
"us-nj",0.871419407205698
"us-ny",1.0980037200942
"us-oh",1.16156085141418
"us-ok",0.557292621859326
"us-or",1.11097974852565
"us-pa",1.73723310382541
"us-ri",1.08781214590778
"us-sc",2.16185545485477
"us-tn",0.382798721642257
"us-tx",0.549614759332384
"us-va",0.975412878991408
"us-wa",1.12583160018041
"us-wi",0.964785772263451
"us-wv",1.39326390313975
