"JS_KEY","NAME_REGIONALITY"
"us-al",0.403335068482683
"us-ar",0.711022386575421
"us-ca",0.981209180992418
"us-co",1.34968118427922
"us-ct",1.96114594218042
"us-fl",1.4665282349962
"us-ga",0.592653993516063
"us-ia",0.602365644484878
"us-il",0.580214034706501
"us-in",1.06900230733733
"us-ks",0.452753615574552
"us-ky",1.42123862532026
"us-la",1.04752016785443
"us-ma",1.27959304380932
"us-md",1.15465619424564
"us-me",1.17334286381141
"us-mi",0.882650946156847
"us-mn",1.08752894252058
"us-mo",0.71674308946108
"us-ms",0.440887896571633
"us-nc",1.63080832485732
"us-ne",0.586796976830146
"us-nh",1.94337510469686
"us-nj",1.29857897169339
"us-nm",2.56971708494551
"us-ny",1.41915019105326
"us-oh",0.819117100570996
"us-ok",0.572875058609863
"us-pa",1.43521362796686
"us-sc",2.39275940028558
"us-tn",0.482575683506951
"us-tx",0.554625325373066
"us-va",0.857283696226591
"us-wa",0.763373791270787
"us-wi",0.829503712579555
"us-wv",1.03105932420653
