"JS_KEY","NAME_REGIONALITY"
"us-ak",0.918354829265277
"us-al",0.781045287181097
"us-ar",0.622909834001768
"us-az",0.821297843166641
"us-ca",0.958182489680197
"us-co",0.972038671621866
"us-ct",1.39064783448602
"us-dc",0.852520234217256
"us-de",1.02181017519492
"us-fl",0.844107485689498
"us-ga",0.803295131701729
"us-hi",0.856451849130511
"us-ia",1.17723363497045
"us-id",1.17673867395199
"us-il",1.09291536853648
"us-in",0.934076884782616
"us-ks",0.982278999364477
"us-ky",0.662680025008952
"us-la",0.705660994539801
"us-ma",1.3541167145974
"us-md",0.883171630410702
"us-me",1.28171931946154
"us-mi",1.05190799097576
"us-mn",1.29787901891062
"us-mo",0.926115200414683
"us-ms",0.522398425235004
"us-mt",0.9471458311671
"us-nc",0.842372977537802
"us-nd",1.30960061090007
"us-ne",1.12101659492531
"us-nh",1.20433021286363
"us-nj",1.17132968478557
"us-nm",0.712569789837583
"us-nv",0.768995443588333
"us-ny",1.13938582299672
"us-oh",0.923204922832559
"us-ok",0.879646414333632
"us-or",1.11993041459544
"us-pa",1.12893049262188
"us-ri",1.32849365643815
"us-sc",0.775585671353051
"us-sd",1.17353573421907
"us-tn",0.669837326884987
"us-tx",0.76620482302992
"us-ut",1.15430833097803
"us-va",0.938279395057563
"us-vt",1.09519654198485
"us-wa",1.1015825276524
"us-wi",1.30044517661768
"us-wv",0.723791956286517
"us-wy",0.93533253990607
