"JS_KEY","NAME_REGIONALITY"
"us-ak",0.767304403242957
"us-al",0.961992806711427
"us-ar",0.833258794874635
"us-az",0.891179279885732
"us-ca",0.741604130074019
"us-co",0.851161579454391
"us-ct",1.30202715956574
"us-dc",0.768293137083666
"us-de",1.17832353767564
"us-fl",0.871679790855604
"us-ga",0.935850837997191
"us-hi",0.975517969145523
"us-ia",1.2497761113427
"us-id",0.832150743744879
"us-il",1.05070215818558
"us-in",0.946418828340632
"us-ks",0.975344032324801
"us-ky",0.920652632627762
"us-la",0.817748921531365
"us-ma",1.36031597494805
"us-md",1.06903552475404
"us-me",1.27986486921788
"us-mi",0.965592999934122
"us-mn",1.30567684369751
"us-mo",1.07902722853922
"us-ms",0.680670097549902
"us-mt",1.09251974855719
"us-nc",1.16928870416553
"us-nd",1.62400182842008
"us-ne",0.928908714065006
"us-nh",1.34297245986537
"us-nj",1.19475934395105
"us-nm",0.736361143256901
"us-nv",0.583537112452504
"us-ny",1.05218414492017
"us-oh",0.946594999426337
"us-ok",0.851085897768441
"us-or",0.864986251258385
"us-pa",1.181268086884
"us-ri",1.30982229454275
"us-sc",1.10494617480073
"us-sd",1.2733005945675
"us-tn",0.939546215717276
"us-tx",0.716533641447513
"us-ut",0.74249212102993
"us-va",1.12809090634037
"us-vt",1.19242787544989
"us-wa",0.903840125534472
"us-wi",1.33787871012996
"us-wv",0.897629965731545
"us-wy",1.08414185307015
