"JS_KEY","NAME_REGIONALITY"
"us-al",167.560210529491
"us-az",197.211010411896
"us-ca",128.557031552521
"us-co",131.266953678062
"us-dc",512.308876961951
"us-fl",56.325193937466
"us-ga",114.273119346154
"us-il",69.9592613980833
"us-in",214.002442275245
"us-ky",159.322230762171
"us-mi",176.131352463741
"us-mn",189.865221148635
"us-nc",80.8446519524618
"us-nj",65.7345921653915
"us-ny",92.942960213311
"us-oh",250.532147576248
"us-pa",215.029571827802
"us-tx",79.6570685883307
"us-ut",277.300804891745
"us-va",116.386195915759
"us-wa",175.290816916815
"us-wi",198.48726521029
