"JS_KEY","NAME_REGIONALITY"
"us-ca",0.957873895722649
"us-ga",1.67189705740697
"us-in",2.70639251974643
"us-mi",1.97615798098115
"us-mn",2.03747285895399
"us-mo",1.72973598229408
"us-nc",1.45756342161365
"us-nj",1.10466976641292
"us-ny",1.3447024277112
"us-oh",2.06354003495155
"us-pa",4.24914301215119
"us-sc",3.01106125009085
"us-tx",1.26147573088983
"us-wa",1.75324695681069
"us-wi",2.45722436940453
