"JS_KEY","NAME_REGIONALITY"
"us-il",1.88730884588256
"us-nc",3.43687826969626
"us-ny",1.93491449240123
"us-ok",6.71289242711932
"us-pa",1.57037710942238
"us-tx",2.80115569047096
"us-va",6.05969368439167
"us-wv",5.81496674130881
