"JS_KEY","NAME_REGIONALITY"
"us-ca",211.827729563909
"us-il",195.328223777184
"us-in",293.598269544817
"us-ma",222.530743637635
"us-md",284.248561278653
"us-mi",142.568803996137
"us-ny",120.098119629586
"us-oh",236.884604239381
"us-pa",99.8575803657923
"us-sc",271.481186559176
"us-tx",177.407944857609
"us-va",284.890664336392
