"JS_KEY","NAME_REGIONALITY"
"us-ca",2.11827729563909
"us-il",1.95328223777184
"us-in",2.93598269544817
"us-ma",2.22530743637635
"us-md",2.84248561278653
"us-mi",1.42568803996137
"us-ny",1.20098119629586
"us-oh",2.36884604239381
"us-pa",0.998575803657923
"us-sc",2.71481186559176
"us-tx",1.77407944857609
"us-va",2.84890664336392
