"JS_KEY","NAME_REGIONALITY"
"us-ak",1.50054842989828
"us-al",0.452515257580289
"us-ar",0.519206115548301
"us-az",1.00456178444532
"us-ca",1.9088736267032
"us-co",0.511658211009884
"us-ct",0.409380392156863
"us-dc",0.834335038363171
"us-de",1.71280019445795
"us-fl",1.289925290379
"us-ga",0.883438398968356
"us-ia",0.414166314007617
"us-id",1.10312081718915
"us-il",0.997912225512139
"us-in",0.791872319766971
"us-ks",1.08228276126069
"us-ky",0.452409568935629
"us-la",0.246833288064566
"us-ma",0.800827719149857
"us-md",1.04542111750205
"us-mi",0.482615357520254
"us-mn",0.858546090317237
"us-mo",0.512718791558642
"us-ms",0.421435117453833
"us-nc",0.694122041963765
"us-ne",0.576356202858502
"us-nj",0.917783588818756
"us-nm",1.11436667661989
"us-nv",1.2005449398443
"us-ny",0.987799325224241
"us-oh",0.336557918552036
"us-ok",0.813950624335965
"us-or",0.997278071722516
"us-pa",0.497700669466235
"us-ri",0.918280404186214
"us-sc",0.522062627696043
"us-tn",0.781617263093227
"us-tx",1.41987702587517
"us-ut",0.84074962054332
"us-va",0.556310821662666
"us-wa",1.12108580339596
"us-wi",0.5760868405094
