"JS_KEY","NAME_REGIONALITY"
"us-il",1.60804344404218
"us-la",7.75891139240506
"us-ma",1.9750028998956
"us-md",7.08945176960444
"us-ny",2.86887138254161
"us-oh",1.74889865327551
"us-pa",1.50660830160347
