"JS_KEY","NAME_REGIONALITY"
"us-ny",6.76341365717192
"us-pa",3.29658536304618
