"JS_KEY","NAME_REGIONALITY"
"us-ak",1.86401802823236
"us-al",0.930464762038681
"us-ar",1.16735245584733
"us-az",1.44584585365306
"us-ca",1.26121024118359
"us-co",0.89214406914962
"us-ct",0.48437036191346
"us-dc",1.00571824161543
"us-fl",1.18310202226623
"us-ga",0.991062273724461
"us-ia",0.557263611579826
"us-id",1.05043859185928
"us-il",0.821294263824448
"us-in",0.82045254862452
"us-ks",0.86436570782358
"us-ky",0.77040988764004
"us-la",0.686928136012853
"us-ma",0.786416283277485
"us-md",0.774385441193476
"us-me",0.740730866409969
"us-mi",0.905778604758509
"us-mn",0.645258450492146
"us-mo",0.664422357117314
"us-ms",1.06811924142523
"us-mt",1.38071727880479
"us-nc",1.00543336944005
"us-ne",1.20011172764195
"us-nh",0.892923520904522
"us-nj",1.29451073173308
"us-nm",1.77629050577302
"us-nv",1.11792791071449
"us-ny",1.2417276190867
"us-oh",0.794558407358149
"us-ok",1.09958254391956
"us-or",0.884095419524253
"us-pa",1.08552174657168
"us-sc",0.982566695701642
"us-tn",0.996497150655694
"us-tx",1.30368040215751
"us-ut",1.46355199043644
"us-va",1.12371881568821
"us-wa",1.04069498663648
"us-wi",0.300575936615544
"us-wv",0.845749469037919
