"JS_KEY","NAME_REGIONALITY"
"us-al",86.0229019086219
"us-ar",148.293469520666
"us-az",75.6480457797962
"us-ca",147.507508119674
"us-co",67.3830997584531
"us-ct",97.2710002285429
"us-dc",180.349326532993
"us-fl",131.081263804254
"us-ga",95.0790495366529
"us-hi",137.366131631763
"us-ia",48.2157087208197
"us-il",69.850322063944
"us-in",43.9955360562013
"us-ks",109.915305000743
"us-ky",91.7037900086374
"us-la",54.9520520058746
"us-ma",77.2421851531681
"us-md",130.154483399561
"us-mi",90.2497150045458
"us-mn",52.0084570747316
"us-mo",95.5268441507507
"us-ms",111.193600778136
"us-nc",136.358980278465
"us-nj",125.228309786774
"us-ny",136.385757143156
"us-oh",97.0000718405304
"us-ok",73.9197376742491
"us-or",99.165596991944
"us-pa",78.6093597967357
"us-ri",103.145464103605
"us-sc",116.631228794992
"us-tn",78.67014170744
"us-tx",112.581723068711
"us-ut",112.259446174196
"us-va",99.260567545557
"us-wa",102.58817562089
"us-wi",45.1864025269341
