"JS_KEY","NAME_REGIONALITY"
"us-ak",293.132035415707
"us-al",59.8101956526606
"us-ar",94.230759057051
"us-az",115.224685134779
"us-ca",122.372417281339
"us-co",65.6990004180294
"us-ct",117.98613372783
"us-fl",132.2493763179
"us-ga",138.809084914426
"us-ia",127.262903124972
"us-il",101.274578499018
"us-in",55.5397483668792
"us-ks",87.263492327892
"us-ky",91.3747085881703
"us-la",98.1436613423616
"us-ma",46.3072424540919
"us-md",140.266097880418
"us-mi",88.2846769596788
"us-mn",40.5545322489572
"us-mo",108.743375960537
"us-ms",136.675363041685
"us-nc",99.2633741288511
"us-nj",105.352073105814
"us-ny",108.820109338137
"us-oh",108.20870965129
"us-ok",88.2832183718145
"us-or",82.3562616073424
"us-pa",85.2066643773246
"us-ri",157.026897171874
"us-sc",129.890432436374
"us-tn",101.475644990641
"us-tx",137.723632639148
"us-va",129.956770757333
"us-wa",94.6290852422147
"us-wi",48.1063982066656
