"JS_KEY","NAME_REGIONALITY"
"us-al",0.683344717626364
"us-ar",1.2928303367647
"us-az",0.682228578991798
"us-ca",1.04179778126494
"us-co",0.619611615283423
"us-dc",2.8375518016436
"us-fl",1.13190147809313
"us-ga",1.07769959715651
"us-il",0.679843397335134
"us-in",0.61717810364221
"us-ks",1.41773021471623
"us-ky",1.38988295355364
"us-la",1.21763457986992
"us-ma",0.928813931958947
"us-md",0.846522255463825
"us-mi",0.970670009698545
"us-mn",0.568158802440202
"us-mo",1.23226228818132
"us-ms",1.14875584488982
"us-nc",0.982875354916143
"us-ne",1.44692808863325
"us-nj",1.13984772799251
"us-ny",1.56832408054133
"us-oh",0.973212016995591
"us-ok",1.17524172632226
"us-or",1.08617650990162
"us-pa",0.990753744845505
"us-sc",1.09620666404729
"us-tn",1.70743598248865
"us-tx",1.1066883663177
"us-ut",0.967299413632769
"us-va",1.87254064650444
"us-wa",1.35605820867078
