"JS_KEY","NAME_REGIONALITY"
"us-al",1.28933040223068
"us-ar",1.08194409961085
"us-az",0.724752651931461
"us-ca",0.654705592752386
"us-co",0.67457457691301
"us-ct",1.03240442515182
"us-dc",1.27992696529607
"us-de",0.841065770353665
"us-fl",1.19839509557495
"us-ga",1.28466983092459
"us-hi",0.808735646077305
"us-ia",0.576053612165205
"us-id",0.529138975642921
"us-il",0.929516747461695
"us-in",0.76501638797313
"us-ks",0.502515892174545
"us-ky",0.834982812681503
"us-la",0.961983324235265
"us-ma",1.08884553207799
"us-md",1.06439494751013
"us-me",0.617072405254521
"us-mi",0.8496215933586
"us-mn",0.927799797670771
"us-mo",0.803785960111425
"us-ms",1.32569279755006
"us-mt",0.874562966106853
"us-nc",1.21001541268854
"us-nd",0.520797868637713
"us-ne",0.604172002389161
"us-nh",0.630528926413304
"us-nj",1.17730475872445
"us-nm",0.726403440023744
"us-nv",1.21148167303425
"us-ny",1.22585605992765
"us-oh",1.00900670097078
"us-ok",0.768477180656055
"us-or",0.632459723220003
"us-pa",1.13532792125492
"us-ri",1.12909780691937
"us-sc",1.31656436147206
"us-sd",0.7401622433871
"us-tn",1.19476578576194
"us-tx",0.990117628537745
"us-ut",0.545014781593235
"us-va",1.15236964261909
"us-vt",0.514712596560154
"us-wa",0.64167934398418
"us-wi",0.9607201038668
"us-wv",0.953560040599858
"us-wy",0.763749086750628
