"JS_KEY","NAME_REGIONALITY"
"us-ak",80.0975733732021
"us-al",85.7328845914822
"us-ar",77.5510719613258
"us-az",50.1135937710098
"us-ca",77.3634035983227
"us-co",81.9623044894573
"us-ct",126.217528137046
"us-dc",107.22979123039
"us-de",113.650386843266
"us-fl",97.8521416556303
"us-ga",81.0782258001775
"us-hi",102.437414140211
"us-ia",81.0646788952819
"us-id",65.5575257811661
"us-il",115.032826658883
"us-in",108.348760535676
"us-ks",65.4323829787162
"us-ky",75.915632283922
"us-la",73.7710941693692
"us-ma",102.533488749684
"us-md",98.6952965304156
"us-me",70.3689483510122
"us-mi",122.004912870276
"us-mn",127.619352822696
"us-mo",82.5821445684219
"us-ms",86.1887641520905
"us-mt",80.815918852642
"us-nc",87.3386299883357
"us-nd",81.0722310360398
"us-ne",88.1356912331939
"us-nh",82.2599784843143
"us-nj",125.530164790169
"us-nm",51.567029789005
"us-nv",132.454996642443
"us-ny",118.360151959506
"us-oh",122.781314067725
"us-ok",55.2504632635753
"us-or",71.097167315429
"us-pa",125.248316117196
"us-ri",107.80927595604
"us-sc",97.8804235075183
"us-sd",87.5575764022048
"us-tn",90.7144499268552
"us-tx",72.1070702602505
"us-ut",59.6666951661284
"us-va",97.9190700069914
"us-vt",90.7617761084014
"us-wa",72.4001243848934
"us-wi",150.381365974761
"us-wv",88.0859068214632
"us-wy",79.821279570604
