"JS_KEY","NAME_REGIONALITY"
"us-ak",0.77228200234834
"us-al",0.812880783556007
"us-ar",0.690722794034804
"us-az",0.580378298245428
"us-ca",0.730939249492692
"us-co",0.757374159257726
"us-ct",1.24390727264163
"us-dc",1.04609256529264
"us-de",1.09634083137134
"us-fl",0.943003145520371
"us-ga",0.887609309313601
"us-hi",0.808257098847158
"us-ia",0.806995234247971
"us-id",0.538867509314016
"us-il",1.17634039048651
"us-in",1.00370823620291
"us-ks",0.593106981947032
"us-ky",0.751837390512798
"us-la",0.736501315613369
"us-ma",1.04020343561687
"us-md",0.986219473222888
"us-me",0.612705063749929
"us-mi",1.28325921429951
"us-mn",1.20038815398692
"us-mo",0.808940475953273
"us-ms",0.87529896423802
"us-mt",0.87627428880823
"us-nc",0.875527514000799
"us-nd",0.798529304978723
"us-ne",0.886885156100644
"us-nh",0.906096210991447
"us-nj",1.23480205464791
"us-nm",0.534124761946825
"us-nv",0.767978505881353
"us-ny",1.23326014971186
"us-oh",1.24015567406699
"us-ok",0.540888161441337
"us-or",0.745277162861494
"us-pa",1.25040604023188
"us-ri",1.14076382836487
"us-sc",0.951736480203397
"us-sd",1.02150938156527
"us-tn",0.941981685509611
"us-tx",0.677238831420873
"us-ut",0.609070609911866
"us-va",1.03577481338721
"us-vt",0.884343748472909
"us-wa",0.774263109039138
"us-wi",1.45542201284
"us-wv",0.865450558181
"us-wy",0.707398133785862
