"JS_KEY","NAME_REGIONALITY"
"us-ak",0.789934713714613
"us-al",0.704759515362072
"us-ar",0.661340990856668
"us-az",0.756443545115425
"us-ca",0.771644656929832
"us-co",0.858341106004699
"us-ct",1.25481993888179
"us-dc",1.01878940909395
"us-de",1.0450901900567
"us-fl",0.828691253935985
"us-ga",0.781668168802098
"us-hi",0.647482137027751
"us-ia",1.02410126782434
"us-id",0.720570098422323
"us-il",1.10584447171194
"us-in",0.912901128404095
"us-ks",0.716748624445357
"us-ky",0.764215761289809
"us-la",0.703989872790344
"us-ma",1.17032819262724
"us-md",0.976334138408654
"us-me",0.880843409703093
"us-mi",1.15380412158308
"us-mn",1.44461618916741
"us-mo",0.856171967899262
"us-ms",0.769389481906158
"us-mt",0.960062671552016
"us-nc",0.78797995582771
"us-nd",0.763398871012382
"us-ne",1.08281769724293
"us-nh",1.17006946621218
"us-nj",1.34179517273725
"us-nm",0.639769215277109
"us-nv",0.88599560815486
"us-ny",1.30405723353963
"us-oh",1.09099295611596
"us-ok",0.56088537781955
"us-or",0.707817313565417
"us-pa",1.26766782859528
"us-ri",1.03592160616421
"us-sc",0.899611855204079
"us-sd",0.921251397784998
"us-tn",0.79787440481058
"us-tx",0.614431800188872
"us-ut",0.619994009645782
"us-va",0.942556826600518
"us-vt",1.10147568661452
"us-wa",0.810178677248992
"us-wi",1.37059018766034
"us-wv",0.82263372770214
"us-wy",0.94947658337133
