"JS_KEY","NAME_REGIONALITY"
"us-ak",1.11963901881309
"us-al",0.890951164798255
"us-ar",0.804706489722924
"us-az",0.900308695154646
"us-ca",0.765605500582808
"us-co",0.849464824808814
"us-ct",1.09988904803906
"us-dc",1.13946958712797
"us-de",1.25267781186875
"us-fl",1.07205889411284
"us-ga",0.973535293526626
"us-hi",0.71834554043608
"us-ia",0.896116006766843
"us-id",0.801463380987375
"us-il",1.10085752777553
"us-in",0.937016240299147
"us-ks",0.705976658842799
"us-ky",0.85465461557678
"us-la",0.855123925504918
"us-ma",1.11858191428316
"us-md",1.2718287355022
"us-me",0.786202355963025
"us-mi",1.03010666407147
"us-mn",0.865019264899921
"us-mo",0.849754597007344
"us-ms",1.02945839461576
"us-mt",0.936961174311496
"us-nc",1.01110632892108
"us-nd",0.669844761235782
"us-ne",0.929521812025428
"us-nh",1.04095366350794
"us-nj",1.41570554474077
"us-nm",0.863234535703007
"us-nv",0.786335039946058
"us-ny",1.32728683295007
"us-oh",1.08399439905982
"us-ok",0.864331706634939
"us-or",0.691167467041467
"us-pa",1.23976074456441
"us-ri",1.25114936243233
"us-sc",1.24997180215216
"us-sd",0.783391454709513
"us-tn",0.905942163328581
"us-tx",0.755849771595222
"us-ut",0.746428997052308
"us-va",1.10366940089332
"us-vt",1.04979195402236
"us-wa",0.79939136681242
"us-wi",0.996485971850766
"us-wv",0.940627976835
"us-wy",0.930957511340938
