"JS_KEY","NAME_REGIONALITY"
"us-ak",110.73865368088
"us-al",100.271359004289
"us-ar",87.1156573550633
"us-az",90.8230027865029
"us-ca",79.2209441797133
"us-co",90.5882649070313
"us-ct",120.615593895262
"us-dc",102.476363632769
"us-de",110.434310516847
"us-fl",99.9741964866344
"us-ga",106.679863183076
"us-hi",86.30597622715
"us-ia",86.3995723974442
"us-id",94.5571703029647
"us-il",102.746474226864
"us-in",83.8298453783286
"us-ks",69.4223815871925
"us-ky",91.3581626733708
"us-la",82.0090065688526
"us-ma",117.891282421101
"us-md",105.132492023975
"us-me",76.5995118212688
"us-mi",107.399991935671
"us-mn",116.15782325109
"us-mo",89.8357044020574
"us-ms",110.893242088924
"us-mt",102.161035654453
"us-nc",102.008321035198
"us-nd",103.6268775371
"us-ne",89.8509079568617
"us-nh",115.504147374759
"us-nj",147.349748510471
"us-nm",74.295101653075
"us-nv",102.477989751298
"us-ny",127.354241569898
"us-oh",101.453024295869
"us-ok",82.2747839464655
"us-or",90.9891846719004
"us-pa",125.954146016042
"us-ri",123.125415504617
"us-sc",123.447159746278
"us-sd",96.8569160986196
"us-tn",99.6629958807353
"us-tx",77.8546630075162
"us-ut",69.8079037229718
"us-va",104.433931529639
"us-vt",97.3791508022045
"us-wa",92.6181880730359
"us-wi",91.6970958614163
"us-wv",108.297165836631
"us-wy",121.481626238451
