"JS_KEY","NAME_REGIONALITY"
"us-ak",115.816847418761
"us-al",92.1319022785942
"us-ar",85.3271304926012
"us-az",84.4616405055043
"us-ca",68.2265425670298
"us-co",92.8550203375452
"us-ct",118.91340652515
"us-dc",112.409016232052
"us-de",122.505380207234
"us-fl",97.4793569565326
"us-ga",111.56124055869
"us-hi",89.8387653540131
"us-ia",90.9086207716126
"us-id",72.5176297291642
"us-il",108.540330135654
"us-in",107.285784007257
"us-ks",89.2090444181768
"us-ky",93.1809320239503
"us-la",94.3739609814603
"us-ma",133.068075351963
"us-md",108.076750078961
"us-me",115.557313867123
"us-mi",100.544743570475
"us-mn",117.078241242224
"us-mo",96.1460681036779
"us-ms",121.927093064601
"us-mt",110.773093866255
"us-nc",113.36659019181
"us-nd",98.5200175918418
"us-ne",87.0116448379372
"us-nh",112.41678155696
"us-nj",132.416079157548
"us-nm",86.7919739345342
"us-nv",105.267153881002
"us-ny",121.16371407133
"us-oh",100.093604547956
"us-ok",83.204614258544
"us-or",98.1689983115297
"us-pa",115.384646315555
"us-ri",120.71193857328
"us-sc",124.293652038661
"us-sd",117.485649759837
"us-tn",114.280609510197
"us-tx",77.1292171706135
"us-ut",106.268646948648
"us-va",108.879378643646
"us-vt",145.853082774948
"us-wa",87.4073936179916
"us-wi",88.4271800735431
"us-wv",99.2287083548259
"us-wy",94.2147816886691
