"JS_KEY","NAME_REGIONALITY"
"us-ak",193.141087072992
"us-al",115.107788162662
"us-ar",90.1410773253674
"us-az",73.9920629187478
"us-ca",60.0254604066382
"us-co",94.7922381065281
"us-ct",137.16982214811
"us-dc",109.002644562479
"us-de",105.272875981167
"us-fl",84.0720993508274
"us-ga",117.334300616883
"us-hi",120.70788149745
"us-ia",107.624208925418
"us-id",113.564639185861
"us-il",104.47818776821
"us-in",97.564841299119
"us-ks",101.135138100793
"us-ky",100.041069399076
"us-la",110.151639543631
"us-ma",155.764870058072
"us-md",110.230231961254
"us-me",138.507878812735
"us-mi",109.352791475492
"us-mn",141.246237453733
"us-mo",115.91334913084
"us-ms",127.027603321693
"us-mt",153.022760381273
"us-nc",111.475027349647
"us-nd",119.262305781629
"us-ne",123.959228860586
"us-nh",167.702992678013
"us-nj",116.256402367645
"us-nm",78.2766700796735
"us-nv",75.6661768122007
"us-ny",113.439738472532
"us-oh",121.585754632856
"us-ok",93.7262234527816
"us-or",84.6180712000521
"us-pa",129.908537637251
"us-ri",120.61176318716
"us-sc",140.523150518303
"us-sd",112.00328471894
"us-tn",115.363501134315
"us-tx",66.8697011071504
"us-ut",131.524329805011
"us-va",109.877314880197
"us-vt",107.729301994493
"us-wa",102.5114809292
"us-wi",110.397314972513
"us-wv",110.755934913473
"us-wy",147.296973003396
