"JS_KEY","NAME_REGIONALITY"
"us-ak",134.252634210961
"us-al",71.3834631124844
"us-ar",71.2714663459122
"us-az",71.3460276323964
"us-ca",85.0402840302663
"us-co",101.143573677812
"us-ct",181.504250974281
"us-dc",104.837348676319
"us-de",121.103132957433
"us-fl",89.0221351432838
"us-ga",72.522982691407
"us-hi",148.653886087548
"us-ia",59.22983405569
"us-id",48.7398395876544
"us-il",138.537079049405
"us-in",66.0086397451543
"us-ks",70.1094514326472
"us-ky",70.8619039588469
"us-la",104.32663854083
"us-ma",159.466620186574
"us-md",102.109712040646
"us-me",106.421542592295
"us-mi",132.00862341755
"us-mn",94.7386400274168
"us-mo",79.52574203411
"us-ms",65.0656548585494
"us-mt",79.1810848856728
"us-nc",62.8105039860874
"us-nd",86.818736047401
"us-ne",86.0471208261463
"us-nh",116.159914954928
"us-nj",159.34540333968
"us-nm",75.3644246396279
"us-nv",155.716977524929
"us-ny",129.626859317039
"us-oh",87.5622874740185
"us-ok",54.0260705570193
"us-or",59.0841959260619
"us-pa",113.515766739198
"us-ri",132.111283783671
"us-sc",71.2847037991218
"us-sd",57.5644388415342
"us-tn",65.1067855121963
"us-tx",67.5280035403245
"us-ut",59.1003004144844
"us-va",86.7323876514642
"us-vt",123.916369453126
"us-wa",68.0790150166081
"us-wi",128.659764691108
"us-wv",59.9498411612583
"us-wy",68.7736375134038
