"JS_KEY","NAME_REGIONALITY"
"us-ak",99.3915367498003
"us-al",72.2611046059211
"us-ar",64.894347335245
"us-az",89.4557135183615
"us-ca",83.8744335390169
"us-co",72.9456065500413
"us-ct",192.803717697587
"us-dc",97.410397528682
"us-de",131.965233667802
"us-fl",81.3569827044491
"us-ga",66.2181099199292
"us-hi",115.888539251966
"us-ia",61.8042647826247
"us-id",59.1037365693204
"us-il",126.213697270856
"us-in",58.2432604238697
"us-ks",54.235409450763
"us-ky",71.4919553847961
"us-la",104.005822185482
"us-ma",164.782558173879
"us-md",103.073194538825
"us-me",106.731259434892
"us-mi",105.123663225996
"us-mn",75.5121140104982
"us-mo",73.9969133882143
"us-ms",75.0821645058937
"us-mt",65.7458371084205
"us-nc",63.1339379153048
"us-nd",91.0213664200353
"us-ne",77.9740056269771
"us-nh",113.983827694591
"us-nj",162.687224186818
"us-nm",55.2827330229981
"us-nv",90.5411692877745
"us-ny",139.003889510943
"us-oh",90.9255220948359
"us-ok",53.0705237249933
"us-or",64.506967256146
"us-pa",129.405311205419
"us-ri",149.712745255679
"us-sc",80.2348620700236
"us-sd",80.8544384871579
"us-tn",62.7136809820026
"us-tx",67.4337437653416
"us-ut",47.8593914101895
"us-va",98.354046804604
"us-vt",120.92133468
"us-wa",59.8242392627369
"us-wi",106.619746005625
"us-wv",67.2182463626257
"us-wy",64.5163364598143
