"JS_KEY","NAME_REGIONALITY"
"us-ak",1.93563221109156
"us-al",0.879217359881275
"us-ar",0.643986631094627
"us-az",1.13223564883004
"us-ca",0.850797636655659
"us-co",0.706902782558811
"us-ct",1.66343870204458
"us-dc",0.990556545522698
"us-de",1.11317978938269
"us-fl",0.865236518322032
"us-ga",0.765321333122908
"us-hi",1.47167627273507
"us-ia",0.610200469181665
"us-id",0.592622296553824
"us-il",1.10457895990409
"us-in",0.635174458443828
"us-ks",0.578942093790746
"us-ky",0.769583145349135
"us-la",1.22814843136005
"us-ma",1.59261994264932
"us-md",1.12400782727546
"us-me",1.05693441193592
"us-mi",0.984621209814083
"us-mn",0.761871013422183
"us-mo",0.835919029595728
"us-ms",0.757613731389833
"us-mt",0.92617104487573
"us-nc",0.744780545986661
"us-nd",0.845237770602971
"us-ne",0.76409723835038
"us-nh",0.841417587279876
"us-nj",1.60356163163237
"us-nm",0.678228745849058
"us-nv",1.09825780829177
"us-ny",1.43417592637561
"us-oh",0.840949976604078
"us-ok",0.591631876438208
"us-or",0.685606966515199
"us-pa",1.29624751021692
"us-ri",1.56483665738329
"us-sc",0.687383746445574
"us-sd",0.663664494508716
"us-tn",0.780364255801463
"us-tx",0.715689496902045
"us-ut",0.344928948822806
"us-va",0.851620654891726
"us-vt",1.20703810344669
"us-wa",0.646280056202038
"us-wi",0.968888244879955
"us-wv",0.697524221342884
"us-wy",1.11538410579731
