"JS_KEY","NAME_REGIONALITY"
"us-ak",70.9609254195632
"us-al",89.7884068033068
"us-ar",67.7060756675267
"us-az",97.4938240869704
"us-ca",81.0002104169418
"us-co",75.8794602703186
"us-ct",160.925086955583
"us-dc",119.200882751154
"us-de",117.058176900947
"us-fl",95.4596457819431
"us-ga",78.5566257263813
"us-hi",140.707978985905
"us-ia",57.2909492884354
"us-id",62.1022649065742
"us-il",104.76027916434
"us-in",64.7870190862381
"us-ks",53.3153182140908
"us-ky",71.2415556302019
"us-la",113.283908751401
"us-ma",157.676555387711
"us-md",134.718095418238
"us-me",94.1427695188921
"us-mi",93.5116760251228
"us-mn",54.633049814319
"us-mo",83.210249154247
"us-ms",88.9556153650037
"us-mt",87.6807881488895
"us-nc",83.210655961456
"us-nd",62.2478175657357
"us-ne",65.4433328323827
"us-nh",109.165048809762
"us-nj",171.087888431629
"us-nm",71.572902915159
"us-nv",80.8976151282386
"us-ny",150.047988830638
"us-oh",79.2817156421883
"us-ok",55.5127536373688
"us-or",60.6543276825169
"us-pa",145.039683345165
"us-ri",194.3651909926
"us-sc",103.810928251959
"us-sd",56.5185353096853
"us-tn",78.5282907972357
"us-tx",79.0918647905548
"us-ut",42.1957233560279
"us-va",104.938282499246
"us-vt",122.213182854446
"us-wa",57.6797202999947
"us-wi",67.7441046188731
"us-wv",65.5958286221729
"us-wy",81.7164378822593
