"JS_KEY","NAME_REGIONALITY"
"us-ak",111.436365769537
"us-al",102.850875104714
"us-ar",66.4775367867719
"us-az",132.198876566402
"us-ca",87.2199639807408
"us-co",98.605721437644
"us-ct",164.530483935501
"us-dc",120.8653227553
"us-de",112.862075025653
"us-fl",110.11944947876
"us-ga",93.1597460066284
"us-hi",126.376480665986
"us-ia",56.332546093506
"us-id",65.5295040018875
"us-il",100.407266974606
"us-in",65.4130550272729
"us-ks",66.4507744933795
"us-ky",77.8133957041376
"us-la",110.837581908945
"us-ma",157.240137444713
"us-md",115.080851654664
"us-me",90.1847674970113
"us-mi",81.064892743564
"us-mn",55.6041014449066
"us-mo",76.0273302185945
"us-ms",94.7157518130986
"us-mt",88.6026063045838
"us-nc",93.7090604921997
"us-nd",34.5701290835237
"us-ne",60.3894066073632
"us-nh",88.8373293268851
"us-nj",160.243647263685
"us-nm",78.6150656602895
"us-nv",88.3025730418313
"us-ny",140.835046960737
"us-oh",83.3367173471676
"us-ok",62.8363948935065
"us-or",65.0114206375676
"us-pa",144.387505579868
"us-ri",135.364829539937
"us-sc",105.1600848264
"us-sd",43.3536816944889
"us-tn",82.3236189042452
"us-tx",89.8040935752676
"us-ut",54.6552597926359
"us-va",107.771169410253
"us-vt",127.680064853106
"us-wa",60.2229106009343
"us-wi",61.6856059961128
"us-wv",81.9582898843247
"us-wy",62.5645333077348
