"JS_KEY","NAME_REGIONALITY"
"us-ak",1.08439924431492
"us-al",0.814834711737295
"us-ar",0.822201633292136
"us-az",1.24252864445831
"us-ca",0.994590061160673
"us-co",0.842422896232934
"us-ct",1.42557803394574
"us-dc",1.04657409554594
"us-de",1.24040327056094
"us-fl",1.00716853509652
"us-ga",0.806511479655311
"us-hi",1.18486705738431
"us-ia",0.544182401574762
"us-id",0.75635007918205
"us-il",1.03068167739481
"us-in",0.706977087137268
"us-ks",0.618406367393149
"us-ky",0.75174881598549
"us-la",1.00120813374243
"us-ma",1.36514947801986
"us-md",1.07713059634628
"us-me",0.807717565333734
"us-mi",0.84206825896379
"us-mn",0.433621192786057
"us-mo",0.796037863675087
"us-ms",1.0307583718855
"us-mt",1.04241857411234
"us-nc",0.819905751141467
"us-nd",0.40513554016754
"us-ne",0.60868463042825
"us-nh",0.89663798923586
"us-nj",1.47535635828779
"us-nm",1.17970582461163
"us-nv",1.02528316510979
"us-ny",1.3162916856553
"us-oh",0.921787886519136
"us-ok",0.739346191706298
"us-or",0.644812726690281
"us-pa",1.35455032334996
"us-ri",1.46781685642451
"us-sc",0.908295999242015
"us-sd",0.503366151477061
"us-tn",0.677990383172651
"us-tx",1.02923646044404
"us-ut",0.616742696075097
"us-va",1.03564670657889
"us-vt",1.06579353118249
"us-wa",0.830427891279366
"us-wi",0.551236936456874
"us-wv",0.778943684633851
"us-wy",0.888965249725469
