"JS_KEY","NAME_REGIONALITY"
"us-ak",122.85229023551
"us-al",70.6195359312045
"us-ar",66.1157694239645
"us-az",89.2936721107332
"us-ca",105.998139503094
"us-co",86.3097631194565
"us-ct",139.343184048845
"us-dc",109.079274918966
"us-de",117.099388426898
"us-fl",106.713096761004
"us-ga",80.8040455175772
"us-hi",149.941576670419
"us-ia",51.498687320946
"us-id",55.8317125990095
"us-il",104.805482366312
"us-in",71.3588602855217
"us-ks",69.9957003606035
"us-ky",67.1891244523954
"us-la",114.624553678501
"us-ma",134.818406174502
"us-md",107.785887233672
"us-me",86.0248982903298
"us-mi",92.5045023739966
"us-mn",41.1668731858909
"us-mo",81.8760192391512
"us-ms",92.9493946506075
"us-mt",71.3968051306059
"us-nc",91.0311559711645
"us-nd",52.0034403881529
"us-ne",60.6571166968753
"us-nh",74.6100049457234
"us-nj",149.12815978618
"us-nm",119.139029413842
"us-nv",74.7436041281331
"us-ny",143.949572829046
"us-oh",88.8588485830235
"us-ok",69.3720139801471
"us-or",59.8642954620406
"us-pa",128.198844566049
"us-ri",148.955917034135
"us-sc",95.1769788036787
"us-sd",32.6186881847094
"us-tn",72.7660153449193
"us-tx",101.431606998797
"us-ut",39.8407382422628
"us-va",105.180557485987
"us-vt",100.666042406394
"us-wa",65.1544498053083
"us-wi",59.4607238626174
"us-wv",81.9975757996667
"us-wy",72.2096114074152
