"JS_KEY","NAME_REGIONALITY"
"us-ak",124.839130132028
"us-al",92.0646673645999
"us-ar",64.9885352373856
"us-az",97.9144027989
"us-ca",126.425812064586
"us-co",72.3794291935455
"us-ct",131.065175843383
"us-dc",141.047202981152
"us-de",140.538347942324
"us-fl",113.625899562988
"us-ga",86.428176545213
"us-hi",180.452133057984
"us-ia",30.2428837840126
"us-id",40.912397506326
"us-il",111.556426287183
"us-in",50.3406015990153
"us-ks",52.7215095993348
"us-ky",80.5382049410191
"us-la",128.399872489148
"us-ma",112.885425417992
"us-md",119.22455832834
"us-me",85.3534851156693
"us-mi",77.0794267672271
"us-mn",41.6518532397976
"us-mo",71.7396237363365
"us-ms",122.348749536061
"us-mt",71.633516434599
"us-nc",90.5287818069412
"us-nd",51.00371156665
"us-ne",54.9166885174751
"us-nh",67.305836564895
"us-nj",176.612644102203
"us-nm",128.545291807823
"us-nv",109.559183332575
"us-ny",143.258389861676
"us-oh",87.1636935892411
"us-ok",58.6448759108992
"us-or",60.9550408177376
"us-pa",147.030730385545
"us-ri",146.435728250308
"us-sc",104.487618216928
"us-sd",34.9263369802617
"us-tn",82.6581383463895
"us-tx",102.84598188056
"us-ut",34.4486913594594
"us-va",99.7216397658985
"us-vt",108.60592311156
"us-wa",63.3433895810641
"us-wi",39.9758490964934
"us-wv",69.0932116925125
"us-wy",40.5532304093032
