"JS_KEY","NAME_REGIONALITY"
"us-ak",1.19006710870002
"us-al",0.701687970078537
"us-ar",0.67717201127293
"us-az",1.16862762446177
"us-ca",1.25606167840589
"us-co",0.732013818806786
"us-ct",1.23224206016397
"us-dc",1.90350308722567
"us-de",0.705142044186233
"us-fl",1.02581885539604
"us-ga",0.897295164760599
"us-hi",1.51546583301932
"us-ia",0.404369925290444
"us-id",0.42456448202271
"us-il",1.13586194594622
"us-in",0.518299815178279
"us-ks",0.581796905184438
"us-ky",0.695911478797555
"us-la",1.07702086142083
"us-ma",1.27503871187476
"us-md",1.2452897805145
"us-me",0.727744545624632
"us-mi",0.7032123589235
"us-mn",0.312413169531751
"us-mo",0.747730882407337
"us-ms",1.09573898341634
"us-mt",0.441891323269752
"us-nc",0.95291485436403
"us-nd",0.448231732850346
"us-ne",0.314979951348403
"us-nh",0.851180828523782
"us-nj",1.87230692584438
"us-nm",1.2845540641808
"us-nv",1.00332067289598
"us-ny",1.39705376396969
"us-oh",0.816015099746501
"us-ok",0.563863462332852
"us-or",0.629129219535733
"us-pa",1.41042806490298
"us-ri",1.45964032116798
"us-sc",1.0217813433289
"us-sd",0.427569021089828
"us-tn",0.683984525665454
"us-tx",1.02596504642711
"us-ut",0.480022800478702
"us-va",1.10982661023805
"us-vt",0.89281605058769
"us-wa",0.761961539758853
"us-wi",0.456658715118171
"us-wv",0.68703474369303
"us-wy",0.723968982697
