"JS_KEY","NAME_REGIONALITY"
"us-ak",97.2327336467896
"us-al",68.1646518390797
"us-ar",59.688680733435
"us-az",91.8823324067245
"us-ca",111.21262469264
"us-co",101.981097329665
"us-ct",124.562840459302
"us-dc",178.379333954407
"us-de",161.87376499108
"us-fl",84.0104266990443
"us-ga",80.9928890110835
"us-hi",121.930887915359
"us-ia",93.3664751644981
"us-id",40.1427395073454
"us-il",107.997991901348
"us-in",73.747053040862
"us-ks",95.383851090281
"us-ky",92.0271350149399
"us-la",81.5444260033667
"us-ma",116.713124693756
"us-md",103.475763187604
"us-me",106.824406226731
"us-mi",109.234991338605
"us-mn",113.462210046383
"us-mo",104.515383389128
"us-ms",137.960306073649
"us-nc",93.7200669209276
"us-ne",72.1324771913071
"us-nh",145.031833058796
"us-nj",115.545993446818
"us-nm",101.085402228527
"us-nv",97.8411988135405
"us-ny",102.191986555092
"us-oh",88.566515880489
"us-ok",51.2383731239824
"us-or",104.245815097744
"us-pa",97.5052242853829
"us-ri",119.491108357262
"us-sc",92.7711050459085
"us-sd",162.735673561895
"us-tn",108.705964434671
"us-tx",113.788729474213
"us-ut",74.9071202576717
"us-va",80.8405461449111
"us-wa",101.781944759465
"us-wi",106.122029442291
"us-wv",37.6877289920201
