"JS_KEY","NAME_REGIONALITY"
"us-ak",137.691560041008
"us-al",96.0534843203182
"us-ar",59.8188413754433
"us-az",77.8544838393797
"us-ca",81.8748513499155
"us-co",92.6451442854425
"us-ct",118.693850671338
"us-dc",129.425912846993
"us-de",180.326264954083
"us-fl",111.026071244455
"us-ga",122.959883974749
"us-hi",209.291171262332
"us-ia",80.638807153646
"us-id",74.204488491757
"us-il",66.9092246011593
"us-in",74.4832756549374
"us-ks",87.0713821689106
"us-ky",109.826360136936
"us-la",79.656274403889
"us-ma",106.925124324589
"us-md",130.310372388089
"us-me",121.958977769412
"us-mi",102.210164134041
"us-mn",88.118989211041
"us-mo",61.2520898713538
"us-ms",88.660158969047
"us-mt",94.5977685891314
"us-nc",127.336080661326
"us-nd",117.1033934444
"us-ne",70.4446890819025
"us-nh",118.430069081654
"us-nj",136.48939778341
"us-nm",49.8114647986511
"us-nv",76.757153274694
"us-ny",105.168449540145
"us-oh",79.3935282889724
"us-ok",54.5589936747522
"us-or",71.2302284576507
"us-pa",132.665173038806
"us-ri",88.5180319966539
"us-sc",139.158138938058
"us-sd",69.1934023769433
"us-tn",96.2996186789873
"us-tx",62.4707859353643
"us-ut",74.68408714231
"us-va",146.815138732028
"us-vt",181.117359746249
"us-wa",81.2160001370763
"us-wi",96.5940791573086
"us-wv",96.5159711390678
"us-wy",84.9498139519389
