"JS_KEY","NAME_REGIONALITY"
"us-ak",1.98386668630344
"us-al",1.21870187601477
"us-ar",0.843693622308897
"us-az",0.834825379673001
"us-ca",0.657774683333661
"us-co",0.659912594446422
"us-ct",1.58973988255931
"us-dc",1.58118898390494
"us-de",2.00710610252105
"us-fl",1.20257123623956
"us-ga",1.22661721319574
"us-hi",1.36094020652109
"us-ia",0.472367409799856
"us-id",0.286991950406256
"us-il",0.637251246934791
"us-in",0.580115794773076
"us-ks",0.599858361993479
"us-ky",1.08409014722554
"us-la",0.934848809317561
"us-ma",1.40215662404836
"us-md",1.42512375730445
"us-me",1.67234506238477
"us-mi",0.823834725633965
"us-mn",0.945949993372443
"us-mo",0.632980051870512
"us-ms",1.05876760082308
"us-mt",0.476615978706912
"us-nc",1.19513624115805
"us-nd",0.815564873257135
"us-ne",0.434195663862593
"us-nh",1.24000788281453
"us-nj",1.56438956810851
"us-nm",0.588984248719987
"us-ny",1.18665310404702
"us-oh",0.724308563231956
"us-ok",0.547510810054085
"us-or",0.714358459525827
"us-pa",1.33358388521665
"us-ri",1.34580637995118
"us-sc",1.76380341298359
"us-sd",0.660576299641986
"us-tn",0.940391374484197
"us-tx",0.690100164053876
"us-ut",0.425953822238425
"us-va",1.3368286256828
"us-vt",1.62734770770528
"us-wa",0.523496845489123
"us-wi",0.922172042235251
"us-wv",0.933904335874105
"us-wy",0.62493667494361
