"JS_KEY","NAME_REGIONALITY"
"us-ak",2.59368070953437
"us-al",1.35313406791624
"us-ar",0.665370166643747
"us-az",1.09382061871737
"us-ca",0.596762616006036
"us-co",0.775713723727099
"us-ct",1.59634510258563
"us-dc",1.45287556470173
"us-de",1.93645844829489
"us-fl",1.27077321195779
"us-ga",1.18266251139091
"us-hi",1.14933244711594
"us-ia",0.606866116384098
"us-id",0.381678766620442
"us-il",0.655218072160517
"us-in",0.674801298090847
"us-ks",0.489747072752055
"us-ky",1.11690944109255
"us-la",1.11451011935651
"us-ma",1.47862535409503
"us-md",1.04909865855794
"us-me",1.70112555692328
"us-mi",0.709957988133155
"us-mn",0.767535211947135
"us-mo",0.563202556936044
"us-ms",1.08326376525725
"us-mt",0.675499875682742
"us-nc",1.32436100326592
"us-nd",0.727406204656947
"us-ne",0.650845084554062
"us-nh",1.43319039206747
"us-nj",1.53485281253722
"us-nm",0.621353636403878
"us-ny",1.22142361809095
"us-oh",0.685242037723546
"us-ok",0.494210610029475
"us-or",0.504735325194032
"us-pa",1.24049279429318
"us-ri",1.30353002498337
"us-sc",1.68380509950374
"us-sd",0.61466041949468
"us-tn",1.08148058466144
"us-tx",0.811688718036867
"us-ut",0.25850638301007
"us-va",1.2538419577654
"us-vt",2.07142941468137
"us-wa",0.543543507946743
"us-wi",0.924149141119274
"us-wv",0.971988924409722
"us-wy",0.777560464283888
