"JS_KEY","NAME_REGIONALITY"
"us-ak",422.961366618125
"us-al",123.896478566725
"us-ar",91.1297521196147
"us-az",63.9048328940536
"us-ca",64.8068061314116
"us-co",54.0516391375152
"us-ct",150.186672968395
"us-dc",154.607608968537
"us-de",167.297317452366
"us-fl",129.781164443025
"us-ga",130.173022145505
"us-hi",176.095284743227
"us-ia",67.3940488408701
"us-id",42.1730038039906
"us-il",60.2115927435178
"us-in",59.9395237783787
"us-ks",56.9065442448212
"us-ky",111.098660177339
"us-la",134.385807157282
"us-ma",156.257656055808
"us-md",134.598354868069
"us-me",139.809612833497
"us-mi",68.9846110221245
"us-mn",70.2234177520316
"us-mo",57.6279949911399
"us-ms",105.436669950996
"us-mt",82.9375580534587
"us-nc",124.02264940498
"us-nd",72.1727631657271
"us-ne",44.6456570882476
"us-nh",103.095449801529
"us-nj",148.038879595818
"us-nm",124.748562382526
"us-nv",71.1164791687324
"us-ny",137.792472358083
"us-oh",58.8789102684298
"us-ok",66.8495807424532
"us-or",50.6316095699498
"us-pa",117.815780876409
"us-ri",135.157502013044
"us-sc",178.940363191848
"us-sd",57.650536479906
"us-tn",116.6891438733
"us-tx",94.3200432759772
"us-ut",55.717026179503
"us-va",135.41836059032
"us-vt",175.086603349407
"us-wa",58.8824738562138
"us-wi",60.2827621238557
"us-wv",85.8207243018773
"us-wy",52.9474663986505
