"JS_KEY","NAME_REGIONALITY"
"us-ak",158.093518695017
"us-al",122.603878186842
"us-ar",98.0308932360159
"us-az",107.559535501267
"us-ca",90.9816148906786
"us-co",89.0223800964604
"us-ct",151.657035406825
"us-dc",112.854708739004
"us-de",122.931764289127
"us-fl",102.195206598637
"us-ga",119.426125724376
"us-hi",86.4547257225629
"us-ia",63.4555967464313
"us-id",48.3905326353709
"us-il",78.3148191890915
"us-in",73.2786485294519
"us-ks",75.7696695795535
"us-ky",99.7751576425745
"us-la",131.961827801681
"us-ma",142.552056142827
"us-md",99.7837101394414
"us-me",94.7896255077361
"us-mi",69.5110920874273
"us-mn",84.9818974892067
"us-mo",74.9227791333476
"us-ms",107.373788616857
"us-mt",70.4424448771963
"us-nc",124.3931607195
"us-nd",65.0762349588066
"us-ne",59.1888825091411
"us-nh",84.4874318038125
"us-nj",113.247811950257
"us-nm",145.517483659328
"us-nv",73.8815141217442
"us-ny",122.387933158973
"us-oh",76.9975059188403
"us-ok",76.3349878599416
"us-or",81.738068759686
"us-pa",102.365916883087
"us-ri",128.217306518662
"us-sc",154.987555655822
"us-sd",77.2282582758819
"us-tn",108.436095666014
"us-tx",122.168911681081
"us-ut",64.7742220340645
"us-va",133.035002157927
"us-vt",123.284943993631
"us-wa",78.4710724728699
"us-wi",77.3708395411915
"us-wv",99.1313906652276
"us-wy",72.2014374550046
