"JS_KEY","NAME_REGIONALITY"
"us-ak",1.07180373976255
"us-al",0.940200906334725
"us-ar",0.803345765602558
"us-az",1.25339145659567
"us-ca",1.08684038596315
"us-co",0.916713080343604
"us-ct",1.41834532621173
"us-dc",1.24247249549371
"us-de",1.15215076394492
"us-fl",0.998631243132793
"us-ga",0.90788791303877
"us-hi",1.11865927752026
"us-ia",0.68553511471334
"us-id",0.698860589641502
"us-il",0.90959037131257
"us-in",0.839487548884601
"us-ks",0.764295020522335
"us-ky",0.837784694486836
"us-la",1.16370034528012
"us-ma",1.25168085291825
"us-md",0.819907985675984
"us-me",0.930595881983964
"us-mi",0.801433311670369
"us-mn",0.842705832505316
"us-mo",0.764530883443218
"us-ms",0.912222483214714
"us-mt",0.573007798816453
"us-nc",1.1239437308569
"us-nd",0.632573908634239
"us-ne",0.615135368348703
"us-nh",0.771269117030817
"us-nj",1.05535070978424
"us-nm",1.70487057084539
"us-nv",0.814354009044531
"us-ny",1.34885657739737
"us-oh",0.775327277845696
"us-ok",1.02107091957345
"us-or",0.870870656615503
"us-pa",0.819814392367397
"us-ri",1.25946692041058
"us-sc",1.12499217203531
"us-sd",0.75227346815439
"us-tn",0.961829874211114
"us-tx",1.34349574167974
"us-ut",0.733412224015514
"us-va",1.14875988785712
"us-vt",0.756235570317124
"us-wa",0.767133692825409
"us-wi",0.804673991505875
"us-wv",0.938095192061796
"us-wy",0.78345604993815
