"JS_KEY","NAME_REGIONALITY"
"us-ak",0.903017656622083
"us-al",0.894427299607374
"us-ar",0.820470382400488
"us-az",1.19222732710413
"us-ca",1.11208079641363
"us-co",0.992492322102995
"us-ct",1.37460858898275
"us-dc",0.971757788612299
"us-de",0.686864142342603
"us-fl",1.02296483200559
"us-ga",0.800163133610362
"us-hi",1.08036546309487
"us-ia",0.80904990416984
"us-id",0.663952894007664
"us-il",0.934802494686145
"us-in",0.914818718256708
"us-ks",0.68509576052698
"us-ky",0.916801104056793
"us-la",1.1479217244493
"us-ma",1.12389795242602
"us-md",0.932847846533227
"us-me",0.999787396012646
"us-mi",0.804980046240073
"us-mn",0.935480473584707
"us-mo",0.885576260357094
"us-ms",0.954650940109575
"us-mt",0.652305520843914
"us-nc",1.10682180507861
"us-nd",0.66965233098176
"us-ne",0.743198521545799
"us-nh",0.822604531965002
"us-nj",0.994995812569887
"us-nm",1.70393291638762
"us-nv",0.708377581412349
"us-ny",1.32123991599828
"us-oh",0.790627400630195
"us-ok",0.84454229270116
"us-or",0.924028921137418
"us-pa",0.77302151154784
"us-ri",1.08958131224598
"us-sc",1.03905540793531
"us-sd",0.780278932199308
"us-tn",0.993032275459531
"us-tx",1.37095169124723
"us-ut",0.819078389848403
"us-va",1.16010767641157
"us-vt",1.0635215209802
"us-wa",0.805037724027931
"us-wi",0.767683321278241
"us-wv",0.944032422060189
"us-wy",1.21389812189312
