"JS_KEY","NAME_REGIONALITY"
"us-ak",1.31521976888642
"us-al",0.77097648587813
"us-ar",0.749795430152109
"us-az",1.07781073756869
"us-ca",1.15823885325209
"us-co",0.851448047186289
"us-ct",1.31581494086874
"us-dc",1.11595801064009
"us-de",0.858821435284981
"us-fl",1.10570448276897
"us-ga",0.840416887085982
"us-hi",1.07469247687515
"us-ia",0.787145488225525
"us-id",0.669146899959758
"us-il",0.993382417333293
"us-in",0.767173949009463
"us-ks",0.766386125682977
"us-ky",0.778612745805736
"us-la",0.99628700045554
"us-ma",1.1602948708755
"us-md",0.92446914309915
"us-me",0.92656014514758
"us-mi",0.841130957009266
"us-mn",0.973553908994221
"us-mo",0.868372353650267
"us-ms",0.747804470433171
"us-mt",1.0084725521567
"us-nc",0.986389009527694
"us-nd",0.689735748949353
"us-ne",0.803807873026839
"us-nh",0.862576726129913
"us-nj",1.03243620958279
"us-nm",1.2144017192777
"us-nv",1.10847698619024
"us-ny",1.35663794728529
"us-oh",0.778853959444968
"us-ok",0.90100608735541
"us-or",0.637416763614456
"us-pa",0.830252398296909
"us-ri",0.915125916207253
"us-sc",1.08388376951929
"us-sd",0.451294016637732
"us-tn",0.835622360211896
"us-tx",1.37887363962186
"us-ut",0.782669793606229
"us-va",1.18375482079162
"us-vt",0.682544118303892
"us-wa",0.84355622702378
"us-wi",0.774693238541459
"us-wv",0.828170914904004
"us-wy",1.05385269565446
