"JS_KEY","NAME_REGIONALITY"
"us-ak",103.36656314581
"us-al",89.1783231949046
"us-ar",88.7087741623623
"us-az",92.4804694548285
"us-ca",104.75439558006
"us-co",76.5896346674358
"us-ct",137.566440793105
"us-dc",100.804817805706
"us-de",111.277173183818
"us-fl",107.605455282521
"us-ga",90.690445751504
"us-hi",99.0145394225165
"us-ia",71.4025810936305
"us-id",54.3927686577211
"us-il",102.538477553934
"us-in",84.2964531318296
"us-ks",65.7445896806859
"us-ky",90.9826429989028
"us-la",94.6170373176716
"us-ma",119.961650205923
"us-md",92.2417432579602
"us-me",83.0831738981016
"us-mi",81.6579975437114
"us-mn",88.5377285369574
"us-mo",94.7639565375901
"us-ms",82.9672093817418
"us-mt",61.7989450792621
"us-nc",98.631417950184
"us-nd",65.0751150113652
"us-ne",67.0389609228808
"us-nh",65.871177768559
"us-nj",105.901642726137
"us-nm",153.056289642326
"us-nv",52.5360037236047
"us-ny",136.6241904745
"us-oh",82.1809784755861
"us-ok",85.0454175326666
"us-or",86.5109720040981
"us-pa",83.4043999461899
"us-ri",101.367354315549
"us-sc",124.744973584693
"us-sd",48.1576573536798
"us-tn",91.1557512056089
"us-tx",136.717496493301
"us-ut",61.278304745559
"us-va",120.613467197968
"us-vt",104.885414841392
"us-wa",73.4346059420603
"us-wi",79.0524064287281
"us-wv",81.8520735525132
"us-wy",89.44218776423
