"JS_KEY","NAME_REGIONALITY"
"us-ak",1.14617248499079
"us-al",0.851763063491209
"us-ar",0.75461682420626
"us-az",1.11632418312464
"us-ca",1.20462232081445
"us-co",0.827568093355676
"us-ct",1.44644693774159
"us-dc",1.26629159756882
"us-de",0.941812130524043
"us-fl",0.961132426572334
"us-ga",0.899060616583906
"us-hi",1.01877681898062
"us-ia",0.725564458487783
"us-id",0.738288235375516
"us-il",1.0559695755937
"us-in",0.962367641650863
"us-ks",0.71708989682413
"us-ky",0.8994142980803
"us-la",0.893814574465287
"us-ma",1.17301968800182
"us-md",0.879067211264709
"us-me",0.871258881739301
"us-mi",0.80915432107832
"us-mn",0.897215029697405
"us-mo",0.902692362564847
"us-ms",0.815828373123362
"us-mt",0.598612082736905
"us-nc",1.05640916869594
"us-nd",0.656800074091806
"us-ne",0.73247789794185
"us-nh",0.824214274168683
"us-nj",0.926579414183678
"us-nm",1.21659830988531
"us-nv",0.961141500365115
"us-ny",1.22703393002817
"us-oh",0.863946359888095
"us-ok",0.763689739723463
"us-or",0.955034308845214
"us-pa",0.718434734720413
"us-ri",1.1669366704723
"us-sc",1.05495472803112
"us-sd",0.551850197455504
"us-tn",0.851229941929202
"us-tx",1.45946708321696
"us-ut",1.07048972669316
"us-va",1.20009577263923
"us-vt",0.890406378280981
"us-wa",0.888862381145057
"us-wi",0.848030279040618
"us-wv",0.708103348245004
"us-wy",0.958508235980553
