"JS_KEY","NAME_REGIONALITY"
"us-ak",0.941631268542926
"us-al",0.831657141288883
"us-ar",0.690156098770972
"us-az",0.830114921765906
"us-ca",1.15937054650136
"us-co",0.858911710531777
"us-ct",1.31658630748271
"us-dc",1.17409226096179
"us-de",1.10199351074886
"us-fl",0.909591597361877
"us-ga",0.874181417982333
"us-hi",0.575102688640065
"us-ia",0.972265777902757
"us-id",0.749226277617939
"us-il",1.19395017679655
"us-in",0.930138869500807
"us-ks",0.847777163734038
"us-ky",0.934463410991982
"us-la",0.815601743531369
"us-ma",1.31684551441273
"us-md",0.856051450875517
"us-me",0.874865917091593
"us-mi",1.04123279420937
"us-mn",1.13805700050105
"us-mo",0.940865279912583
"us-ms",0.823678732692206
"us-mt",0.67395253852423
"us-nc",1.07080434439997
"us-nd",0.747633495232084
"us-ne",0.937997698760667
"us-nh",1.11563048911982
"us-nj",0.82146577588636
"us-nm",0.932925397894373
"us-nv",0.746477956599577
"us-ny",1.0388110839076
"us-oh",1.02312022565802
"us-ok",0.762497432296152
"us-or",1.00241892653003
"us-pa",0.857614816674182
"us-ri",1.04875775381872
"us-sc",1.09299838210705
"us-sd",0.657298134447237
"us-tn",0.811187340121517
"us-tx",1.10526148093655
"us-ut",0.842536732525089
"us-va",1.20956639377146
"us-vt",1.07039520824437
"us-wa",1.0133135132413
"us-wi",1.01626963093217
"us-wv",0.670957193908567
"us-wy",0.964726919920752
