"JS_KEY","NAME_REGIONALITY"
"us-ak",124.40790892012
"us-al",159.023552562884
"us-ar",193.730813375883
"us-az",133.514110911038
"us-ca",106.24115354135
"us-co",139.226468719157
"us-ct",20.6151169104885
"us-dc",55.3247387036584
"us-de",69.3686154876513
"us-fl",94.6694971681605
"us-ga",120.30086784772
"us-hi",57.9043573072987
"us-ia",160.056958844599
"us-id",147.539027664062
"us-il",75.2391058999674
"us-in",189.682803248587
"us-ks",174.573868808009
"us-ky",147.655092417654
"us-la",108.018404554496
"us-ma",24.1990545582092
"us-md",56.0978464911429
"us-me",112.828843069743
"us-mi",66.7584314786768
"us-mn",108.527893065528
"us-mo",105.147976300167
"us-ms",134.54607260892
"us-mt",94.7105371133819
"us-nc",132.672460801306
"us-nd",152.17829909372
"us-ne",85.8763259182471
"us-nh",80.7741964848447
"us-nj",18.3167033576605
"us-nm",134.216711805879
"us-nv",90.6181064973716
"us-ny",34.450568511374
"us-oh",137.008470796915
"us-ok",153.395339998401
"us-or",143.497551684631
"us-pa",56.8984465535411
"us-ri",35.8116730953653
"us-sc",125.129898961006
"us-sd",129.35714152845
"us-tn",151.388518461066
"us-tx",173.544932277199
"us-ut",177.825537993544
"us-va",110.693879927665
"us-vt",110.206343693425
"us-wa",131.194094339833
"us-wi",51.9347939345642
"us-wv",176.712526318826
"us-wy",108.254867282612
