"JS_KEY","NAME_REGIONALITY"
"us-ak",94.7598029329774
"us-al",153.132431321555
"us-ar",215.535127414874
"us-az",154.253263155813
"us-ca",104.028759307256
"us-co",123.901397723103
"us-ct",19.6455000269885
"us-dc",47.407609011206
"us-de",50.0083520092161
"us-fl",95.157286700092
"us-ga",116.817684720074
"us-hi",51.2514692013037
"us-ia",169.369092774474
"us-id",123.029302178285
"us-il",83.6331073759876
"us-in",170.908824981207
"us-ks",175.431327603257
"us-ky",151.109633778862
"us-la",115.716595637859
"us-ma",27.8776349108305
"us-md",70.2789427073587
"us-me",113.11840426866
"us-mi",73.7104005161398
"us-mn",95.8352937896419
"us-mo",142.253223021443
"us-ms",116.946820788427
"us-mt",111.191675141337
"us-nc",137.429752337883
"us-nd",172.203981816551
"us-ne",105.24315722756
"us-nh",49.1389673642444
"us-nj",15.7886362019789
"us-nm",155.658624057531
"us-nv",138.32555929167
"us-ny",39.1013254402699
"us-oh",128.828418225902
"us-ok",155.631391841464
"us-or",128.869356178261
"us-pa",63.4799833791982
"us-ri",26.3543071258589
"us-sc",118.600929247108
"us-sd",106.925320623309
"us-tn",151.666432227802
"us-tx",165.019016771922
"us-ut",133.24467399982
"us-va",121.359483694738
"us-vt",78.2518993307389
"us-wa",112.332831996544
"us-wi",62.3257213523402
"us-wv",202.899413566982
"us-wy",178.051283920577
