"JS_KEY","NAME_REGIONALITY"
"us-ak",134.826817424522
"us-al",88.8675576309578
"us-ar",137.656681769006
"us-az",114.157281754811
"us-ca",96.4840199885967
"us-co",123.903777782946
"us-ct",83.2560959578788
"us-dc",63.1298794250747
"us-de",61.6148729032906
"us-fl",84.7091448055384
"us-ga",70.7653017903816
"us-hi",33.0801618601359
"us-ia",103.978317030784
"us-id",158.195164336118
"us-il",96.0010830863594
"us-in",104.35452928278
"us-ks",121.503166122754
"us-ky",140.16835080776
"us-la",94.9796846779581
"us-ma",78.1377638042414
"us-md",87.3223598390125
"us-me",134.197286948432
"us-mi",101.437690298041
"us-mn",128.454008844263
"us-mo",137.987750590493
"us-ms",86.6716536737
"us-mt",117.983076295339
"us-nc",80.7693185927995
"us-nd",99.815844321744
"us-ne",110.439001478856
"us-nh",163.747558036837
"us-nj",46.5221330401673
"us-nm",133.150818743359
"us-nv",115.420477665844
"us-ny",68.9915593542294
"us-oh",103.831422401132
"us-ok",124.600030578457
"us-or",131.726789875001
"us-pa",93.7325975883105
"us-ri",92.2569818834542
"us-sc",84.1434121095697
"us-sd",127.86724651627
"us-tn",106.472045524116
"us-tx",122.366198272874
"us-ut",171.096258239433
"us-va",122.075567115651
"us-vt",152.004200289199
"us-wa",116.860958508982
"us-wi",128.180386220832
"us-wv",155.401613331866
"us-wy",110.072610279617
