"JS_KEY","NAME_REGIONALITY"
"us-ak",1.48099071137033
"us-al",0.637643259506016
"us-ar",1.16482163374597
"us-az",1.12348942959335
"us-ca",0.881108890990653
"us-co",1.15871245797323
"us-ct",1.05951003050432
"us-dc",0.848493225689218
"us-de",0.62294693902926
"us-fl",0.835926913410751
"us-ga",0.877023106400284
"us-hi",0.65513426543512
"us-ia",0.924585578513935
"us-id",1.25762732131536
"us-il",0.981507558779565
"us-in",0.95223339267874
"us-ks",1.16995367977686
"us-ky",1.3113853478066
"us-la",0.975607715277796
"us-ma",0.966781734471499
"us-md",0.971888917275706
"us-me",1.3528173739681
"us-mi",1.26437072666339
"us-mn",1.1593224253714
"us-mo",1.13977657558752
"us-ms",0.776231624532881
"us-mt",1.1556561836851
"us-nc",0.734294417605456
"us-nd",1.33432949529288
"us-ne",1.28267323125761
"us-nh",1.1231443080677
"us-nj",0.610619712462081
"us-nm",1.11540363103603
"us-nv",1.12335487656861
"us-ny",0.735751416068541
"us-oh",0.952418336066342
"us-ok",1.04628037196829
"us-or",1.22602876193811
"us-pa",0.99953061651529
"us-ri",1.29269661469896
"us-sc",0.75859233171835
"us-sd",1.16547376619622
"us-tn",1.22406919687306
"us-tx",1.09693561464236
"us-ut",1.6478410775275
"us-va",1.06909782964463
"us-vt",1.42864800431566
"us-wa",1.17483169230818
"us-wi",1.46016123561595
"us-wv",1.32672788828078
"us-wy",0.960573760321056
