"JS_KEY","NAME_REGIONALITY"
"us-ak",130.196410059156
"us-al",77.022119782733
"us-ar",101.600162554479
"us-az",87.1370594495708
"us-ca",85.2965655580916
"us-co",120.598532632814
"us-ct",109.682692122485
"us-dc",78.7583841608239
"us-de",90.6709278978573
"us-fl",82.7465888725935
"us-ga",94.7044565023219
"us-hi",61.8199353289052
"us-ia",105.201877147832
"us-id",136.662480346407
"us-il",96.7718376351144
"us-in",82.072632335454
"us-ks",108.695183499056
"us-ky",133.992959377734
"us-la",98.373679838614
"us-ma",102.763115253133
"us-md",95.2149401363575
"us-me",111.011638229364
"us-mi",116.088017795103
"us-mn",120.761733598072
"us-mo",116.818007968133
"us-ms",68.9956961205511
"us-mt",122.783979961338
"us-nc",98.0382160169984
"us-nd",104.775933360207
"us-ne",119.127926038153
"us-nh",120.581203077652
"us-nj",74.2082920825558
"us-nm",121.963917809212
"us-nv",121.447415808525
"us-ny",84.7625561380697
"us-oh",99.3458441516612
"us-ok",118.785026994785
"us-or",118.523522557493
"us-pa",106.865198549661
"us-ri",134.474019161866
"us-sc",99.1476499085325
"us-sd",153.410485881413
"us-tn",109.696038825509
"us-tx",91.5001702483955
"us-ut",123.064806771699
"us-va",105.108864746162
"us-vt",92.5640285463853
"us-wa",95.7189639728906
"us-wi",152.463025807377
"us-wv",96.5267871535927
"us-wy",134.80450702295
