"JS_KEY","NAME_REGIONALITY"
"us-ak",1.09480340874286
"us-al",0.795135755425669
"us-ar",0.948450834489089
"us-az",0.96765491264358
"us-ca",0.87764245628292
"us-co",1.10281058342723
"us-ct",1.27189567949479
"us-dc",0.856366098305179
"us-de",1.21989367023221
"us-fl",0.993105180234198
"us-ga",0.944049062740798
"us-hi",0.681551205781325
"us-ia",1.00923235987529
"us-id",1.03888287983628
"us-il",1.02577649952249
"us-in",0.723074960996161
"us-ks",1.15887321718452
"us-ky",1.11717389322854
"us-la",0.878651631631634
"us-ma",1.08047235689016
"us-md",1.20708190376973
"us-me",1.15877097401909
"us-mi",1.01733793498712
"us-mn",0.995886330571657
"us-mo",1.14258888306572
"us-ms",0.758579871215329
"us-mt",1.15516040518852
"us-nc",0.939976004021142
"us-nd",1.1840910772326
"us-ne",1.13599584469054
"us-nh",1.29943396799416
"us-nj",1.05025714169545
"us-nm",1.09888295002735
"us-nv",1.10854986376402
"us-ny",0.962164345895719
"us-oh",0.874594726747096
"us-ok",0.866751593083971
"us-or",1.23004177592813
"us-pa",1.1426530406666
"us-ri",0.991540979053537
"us-sc",1.04545524368082
"us-sd",1.59606582114525
"us-tn",0.88433493723375
"us-tx",0.964319801678832
"us-ut",0.976653718436763
"us-va",1.08915596165165
"us-vt",1.32602386411958
"us-wa",1.02992576620068
"us-wi",1.45571282351168
"us-wv",0.926750230015812
"us-wy",0.516361747586611
