"JS_KEY","NAME_REGIONALITY"
"us-ak",2.75172325108583
"us-al",0.24606423031399
"us-ar",0.170183766284861
"us-az",1.03397492939841
"us-ca",1.88941175175572
"us-co",1.27434125663672
"us-ct",0.700463800487867
"us-dc",1.17108978437429
"us-de",0.370858810169547
"us-fl",0.594036847127138
"us-ga",0.251892220007116
"us-hi",2.36085347110205
"us-ia",1.82400436979596
"us-id",2.48954661144408
"us-il",1.26234215935098
"us-in",2.18623073260691
"us-ks",1.82380988556953
"us-ky",0.270621239444239
"us-la",0.350565456127389
"us-ma",0.997598605670632
"us-md",0.617042598638904
"us-me",0.724491231193263
"us-mi",0.755735494935456
"us-mn",1.94018893854272
"us-mo",0.737844855668268
"us-ms",0.185734016165373
"us-mt",0.936677662114428
"us-nc",0.494936226758014
"us-nd",0.822249757745304
"us-ne",1.65710805688187
"us-nh",0.80712939182976
"us-nj",0.864888806426057
"us-nm",0.639115377738865
"us-nv",1.42081759051126
"us-ny",1.72049831724188
"us-oh",0.606502936736742
"us-ok",0.592687480635307
"us-or",1.91575510373003
"us-pa",0.502744579707258
"us-ri",1.12794407951699
"us-sc",0.174342817295324
"us-sd",1.11674056287845
"us-tn",0.198442984658381
"us-tx",0.389571553497587
"us-ut",5.27697282539584
"us-va",0.387436002143271
"us-vt",1.48144557371701
"us-wa",2.06908660934974
"us-wi",1.1151098663154
"us-wv",0.347784898371152
"us-wy",1.13424079412364
