"JS_KEY","NAME_REGIONALITY"
"us-ak",170.602825094404
"us-al",22.1647611712565
"us-ar",19.5456485726371
"us-az",106.203592711354
"us-ca",195.84857773723
"us-co",109.13563075892
"us-ct",68.3765291052968
"us-dc",94.9853070290726
"us-de",49.8723164530675
"us-fl",47.7388792711339
"us-ga",18.3381107224814
"us-hi",154.164837817586
"us-ia",221.564942828548
"us-id",293.153058621575
"us-il",117.49822004073
"us-in",221.660248769768
"us-ks",158.17394594644
"us-ky",31.6894869329048
"us-la",31.2510635724718
"us-ma",86.9378590910995
"us-md",53.3620219608946
"us-me",82.4719578567449
"us-mi",79.4754779863743
"us-mn",220.58695152546
"us-mo",99.4405486762434
"us-ms",13.7426718595868
"us-mt",67.6685964583659
"us-nc",50.1119254279065
"us-nd",117.330931266288
"us-ne",177.763898159085
"us-nh",90.8207333154324
"us-nj",78.0899318657126
"us-nm",59.0402101577345
"us-nv",181.787788005642
"us-ny",148.029618006458
"us-oh",75.337913880121
"us-ok",70.9611397804051
"us-or",178.237733508585
"us-pa",46.4565529109914
"us-ri",83.2704265341734
"us-sc",21.8675626756601
"us-sd",102.395488947384
"us-tn",33.2049389500067
"us-tx",49.0976463495201
"us-ut",462.065455196805
"us-va",38.8423213552444
"us-vt",91.3378496397286
"us-wa",206.580832436914
"us-wi",129.072010314276
"us-wv",52.1947548424409
"us-wy",124.211428122397
