"JS_KEY","NAME_REGIONALITY"
"us-ak",1.00532005406683
"us-al",0.616507186025087
"us-ar",0.822005508966367
"us-az",0.947127884118009
"us-ca",1.27813821614694
"us-co",1.17864790564761
"us-ct",0.8832923117912
"us-dc",0.874784663427001
"us-de",0.915126529645926
"us-fl",0.769631390298721
"us-ga",0.541707194840923
"us-hi",1.0842447944762
"us-ia",1.75238316236714
"us-id",1.44516747952324
"us-il",1.15884281692994
"us-in",1.08830180244688
"us-ks",1.46347651800415
"us-ky",0.779819812147352
"us-la",0.5169838991737
"us-ma",1.0647743747202
"us-md",0.759177959765679
"us-me",1.02630437193764
"us-mi",1.07989739208565
"us-mn",1.63942342360132
"us-mo",1.19822138523838
"us-ms",0.393402126893486
"us-mt",1.28366077014943
"us-nc",0.595488403210077
"us-nd",1.50386300063884
"us-ne",1.5723411659654
"us-nh",1.21863411459447
"us-nj",0.850797300845852
"us-nm",0.971910400228802
"us-nv",0.872273548552968
"us-ny",1.00768035547909
"us-oh",0.929554347173713
"us-ok",1.37364302653238
"us-or",1.33935232223653
"us-pa",0.692936472667298
"us-ri",1.13744940662693
"us-sc",0.526433457983199
"us-sd",1.50228396165164
"us-tn",0.746874505062312
"us-tx",0.789812022975279
"us-ut",1.79053600020999
"us-va",0.759055141776377
"us-vt",1.05018798100816
"us-wa",1.46230175159621
"us-wi",1.54211523394881
"us-wv",0.800254249644087
"us-wy",1.23340481696877
