"JS_KEY","NAME_REGIONALITY"
"us-ak",0.706960000502242
"us-al",0.793003207560762
"us-ar",1.04996527891846
"us-az",1.12282198158954
"us-ca",1.11564839385382
"us-co",0.903375868423734
"us-ct",0.921594065658125
"us-dc",0.928349978792637
"us-de",0.847158550360035
"us-fl",0.904747209339104
"us-ga",0.797273425576311
"us-hi",0.738060172198156
"us-ia",0.900771274178726
"us-id",1.04211896840869
"us-il",1.07285937561151
"us-in",0.907979212803977
"us-ks",0.961315426022457
"us-ky",1.07635473475546
"us-la",0.945127426668088
"us-ma",0.992992105721855
"us-md",1.05516399799194
"us-me",0.742378933766304
"us-mi",1.21253529055433
"us-mn",0.905799652759592
"us-mo",1.01549625116825
"us-ms",0.908009201456926
"us-mt",0.827642282233158
"us-nc",0.974172406846095
"us-nd",1.29396553891776
"us-ne",0.891773459033599
"us-nh",0.854605641059363
"us-nj",1.00571472942983
"us-nm",0.990163911184216
"us-nv",0.747280913078415
"us-ny",1.05439256808587
"us-oh",1.01539189445229
"us-ok",1.19014752915923
"us-or",0.830763382232707
"us-pa",0.960607000254482
"us-ri",1.02796021560165
"us-sc",0.861300026703235
"us-sd",1.07524079822185
"us-tn",0.894927273272072
"us-tx",0.97025180041664
"us-ut",1.12504404718032
"us-va",0.889457999377092
"us-vt",0.886601112120064
"us-wa",0.922966328799461
"us-wi",1.16327059447892
"us-wv",1.00907510026002
"us-wy",0.985233448616601
