"JS_KEY","NAME_REGIONALITY"
"us-ak",73.9514696312384
"us-al",107.54259682768
"us-ar",115.492578766852
"us-az",110.84818643627
"us-ca",119.585132829769
"us-co",89.3810900265917
"us-ct",87.2521420990527
"us-dc",82.2867623039822
"us-de",111.001706584463
"us-fl",88.7987080910841
"us-ga",77.1905516505793
"us-hi",83.1406902674716
"us-ia",84.0156489482572
"us-id",99.2499192450698
"us-il",104.013212681123
"us-in",104.092425310927
"us-ks",98.8977162403236
"us-ky",97.9120713356985
"us-la",86.780734306654
"us-ma",81.6125569744795
"us-md",106.137821097288
"us-me",66.2526009768701
"us-mi",119.335202693767
"us-mn",89.1708218602923
"us-mo",102.886738536917
"us-ms",86.6382550879754
"us-mt",106.500620882576
"us-nc",100.707807129323
"us-nd",107.424990809641
"us-ne",77.027957894601
"us-nh",74.1446486338921
"us-nj",102.909172251959
"us-nm",112.925340456664
"us-nv",131.766716651657
"us-ny",108.898277890248
"us-oh",96.1374852659577
"us-ok",120.62398144377
"us-or",85.7569478191594
"us-pa",91.045605629896
"us-ri",139.066956749325
"us-sc",77.7847107724158
"us-sd",124.136748427899
"us-tn",89.2627930461922
"us-tx",90.1818800405765
"us-ut",112.099779002179
"us-va",101.421310170402
"us-vt",50.9321425331538
"us-wa",96.934376749288
"us-wi",103.263198744092
"us-wv",104.398686113459
"us-wy",93.4215492958985
