"JS_KEY","NAME_REGIONALITY"
"us-ak",75.6820282624942
"us-al",89.1859220817295
"us-ar",111.672965387015
"us-az",106.463928016367
"us-ca",117.886329254159
"us-co",89.5209482031907
"us-ct",84.3230131662047
"us-dc",71.2839468161722
"us-de",98.5052313536244
"us-fl",90.086012941601
"us-ga",92.6358660717447
"us-hi",90.2469076777728
"us-ia",75.599228979757
"us-id",96.3335017842671
"us-il",108.050184269438
"us-in",91.8509331099306
"us-ks",95.4836373728403
"us-ky",100.944046336407
"us-la",90.1288082786042
"us-ma",83.712526890574
"us-md",116.910726125344
"us-me",73.5614829499394
"us-mi",123.301106313595
"us-mn",94.620582330084
"us-mo",103.15867155681
"us-ms",89.6061977355658
"us-mt",103.085716343544
"us-nc",89.4642183485386
"us-nd",98.718608224961
"us-ne",75.4278626238891
"us-nh",68.583621798221
"us-nj",119.335595831253
"us-nm",110.580671660363
"us-nv",107.744957760202
"us-ny",113.467877538992
"us-oh",94.5285812011615
"us-ok",110.220325772924
"us-or",89.6282377893377
"us-pa",85.5424180321244
"us-ri",114.337350390142
"us-sc",90.3822240264612
"us-sd",82.504583132943
"us-tn",91.3207751598965
"us-tx",94.7575510088695
"us-ut",128.60886576579
"us-va",92.5021070241557
"us-vt",71.5796260937748
"us-wa",90.3688913329948
"us-wi",97.0155382436889
"us-wv",92.1805482882251
"us-wy",124.171827271587
