"JS_KEY","NAME_REGIONALITY"
"us-ak",0.924543343016909
"us-al",1.08831476454964
"us-ar",1.1188866424686
"us-az",1.10325099905791
"us-ca",1.08962961181146
"us-co",0.991997904171142
"us-ct",0.874548940141335
"us-dc",0.881475468893627
"us-de",0.995002799796058
"us-fl",0.986190182550897
"us-ga",0.824630674964321
"us-hi",0.752906061496953
"us-ia",0.602493345922057
"us-id",0.842702159827274
"us-il",1.00393075452061
"us-in",0.932694377073619
"us-ks",0.800227504985487
"us-ky",1.131702437994
"us-la",0.860921979993694
"us-ma",0.90759219481215
"us-md",0.962409951545193
"us-me",0.671868362090011
"us-mi",1.13978228423987
"us-mn",0.671549045720689
"us-mo",0.860096194020702
"us-ms",1.08667332622854
"us-mt",0.923652693823743
"us-nc",0.938452533293605
"us-nd",0.979025812160022
"us-ne",0.71792775541486
"us-nh",0.838300932240809
"us-nj",1.1771866303013
"us-nm",1.15560728016553
"us-nv",1.21802328983438
"us-ny",1.21700433699265
"us-oh",1.01302507345209
"us-ok",0.930779899407209
"us-or",0.920497902839146
"us-pa",0.93579045133791
"us-ri",1.22139773520176
"us-sc",0.938931956032087
"us-sd",1.02178446961882
"us-tn",1.06755859802455
"us-tx",0.889772783898349
"us-ut",1.079862877895
"us-va",0.885250985500099
"us-vt",1.01195205555397
"us-wa",0.949805647744675
"us-wi",0.992119477758994
"us-wv",1.05186707427435
"us-wy",0.981007645787876
