"JS_KEY","NAME_REGIONALITY"
"us-ak",126.201456212537
"us-al",103.110349573211
"us-ar",113.794362209542
"us-az",114.254235166452
"us-ca",116.056566081394
"us-co",87.7401649408841
"us-ct",84.5911851902804
"us-dc",90.5723336648758
"us-de",105.404044014261
"us-fl",102.398748612417
"us-ga",89.9941022958355
"us-hi",69.1587712919167
"us-ia",66.279807972757
"us-id",84.5203975876107
"us-il",92.3238296741092
"us-in",106.558119942783
"us-ks",91.6809759006307
"us-ky",118.303806872263
"us-la",90.4515498146011
"us-ma",82.5398912732246
"us-md",81.0608949576202
"us-me",80.3728449208447
"us-mi",102.471890722321
"us-mn",76.9370614092566
"us-mo",92.491686441991
"us-ms",110.002042206846
"us-mt",66.3940017204239
"us-nc",86.9876020210919
"us-nd",76.8246924828775
"us-ne",70.5367268859691
"us-nh",90.1619497901516
"us-nj",123.040716589808
"us-nm",123.09187678973
"us-nv",93.0586542705316
"us-ny",124.430496990367
"us-oh",89.4994570347011
"us-ok",99.3844420408439
"us-or",81.946956452075
"us-pa",97.5417112547881
"us-ri",137.21333066229
"us-sc",88.2702790174681
"us-sd",82.2914076855361
"us-tn",100.506420929514
"us-tx",89.6652640625455
"us-ut",99.924042746002
"us-va",88.8117998099476
"us-vt",36.072098256141
"us-wa",84.4699075054198
"us-wi",90.9926802857611
"us-wv",113.751525237573
"us-wy",90.0462482471276
