"JS_KEY","NAME_REGIONALITY"
"us-ak",219.090508590729
"us-al",112.074214971533
"us-ar",141.15890083632
"us-az",115.303751949168
"us-ca",109.874079943484
"us-co",82.3221171487244
"us-ct",102.615952495587
"us-dc",92.6586093962844
"us-de",175.432132638263
"us-fl",95.8263997271346
"us-ga",102.981915236298
"us-ia",94.890786686634
"us-id",119.224314749208
"us-il",76.1166743667289
"us-in",154.929310381155
"us-ks",103.313520687864
"us-ky",118.312465305619
"us-la",151.545068937617
"us-ma",106.855959630544
"us-md",87.9040506802459
"us-mi",105.206867899071
"us-mn",65.673338309105
"us-mo",112.320601479105
"us-ms",116.248506571087
"us-nc",81.8240858935353
"us-ne",120.33726051116
"us-nh",85.0198122490227
"us-nj",126.513242186866
"us-nm",117.358784930941
"us-nv",87.0287192051177
"us-ny",103.083104142358
"us-oh",98.2945454317285
"us-ok",131.542132982225
"us-or",60.3093755895114
"us-pa",127.824779695172
"us-sc",111.514957026454
"us-tn",108.87354426466
"us-tx",86.2579851604968
"us-ut",94.895455934349
"us-va",72.4943310657596
"us-wa",66.047870613582
"us-wi",74.7819857751658
"us-wv",125.11321071169
