"JS_KEY","NAME_REGIONALITY"
"us-al",0.571331732684126
"us-ar",0.596384185952963
"us-az",1.27850155142343
"us-ca",1.47896490247117
"us-co",1.1792128653899
"us-ct",0.992659732617159
"us-dc",1.20198864224191
"us-de",0.72199304730697
"us-fl",0.920514929729091
"us-ga",0.551394562595725
"us-hi",1.9862632739469
"us-ia",1.56552809144825
"us-id",1.51163006502867
"us-il",1.11886359313461
"us-in",1.30314513205232
"us-ks",1.13536931422038
"us-ky",0.637394066553452
"us-la",0.750871375793773
"us-ma",1.17134384141487
"us-md",0.89736961240991
"us-me",1.54445636682761
"us-mi",1.24844820512796
"us-mn",1.47067842817655
"us-mo",0.918588054990837
"us-ms",0.806380652505601
"us-mt",1.22281625402135
"us-nc",0.608143996244399
"us-nd",1.09675861638994
"us-ne",1.38684228019011
"us-nh",2.10361721204403
"us-nj",0.774719242069979
"us-nm",0.743155126482806
"us-nv",1.50800001305249
"us-ny",0.941697689647486
"us-oh",1.57594755620212
"us-ok",0.839232745132976
"us-or",1.72141288039676
"us-pa",0.820222997109907
"us-ri",0.566443810165451
"us-sc",0.721714633293037
"us-sd",1.22908102851578
"us-tn",0.524370758712554
"us-tx",0.742244332455678
"us-ut",1.62561561295631
"us-va",0.823814071692102
"us-vt",1.45962860014085
"us-wa",2.02563030051704
"us-wi",1.18447720853896
"us-wv",0.650554307110682
"us-wy",1.22906929168396
