"JS_KEY","NAME_REGIONALITY"
"us-ak",98.0947609894096
"us-al",32.1651144291397
"us-ar",37.085445115097
"us-az",103.3693440652
"us-ca",134.160863176032
"us-co",124.151420541831
"us-ct",145.410874384872
"us-dc",90.6197212636629
"us-de",94.4324758676204
"us-fl",69.4212449043783
"us-ga",34.7922304987068
"us-hi",126.008866543237
"us-ia",129.467358058727
"us-id",109.806100310623
"us-il",124.114829620805
"us-in",106.143648788679
"us-ks",104.953280194851
"us-ky",35.5281885388273
"us-la",48.875233016305
"us-ma",162.755787298338
"us-md",80.9498515696803
"us-me",191.191780851988
"us-mi",133.215539269351
"us-mn",140.646208319504
"us-mo",82.7593726148324
"us-ms",36.588399597336
"us-mt",105.961820144324
"us-nc",42.4092255896352
"us-nd",125.233302084794
"us-ne",143.054659055223
"us-nh",221.071273549565
"us-nj",111.478842194243
"us-nm",86.4887357832071
"us-nv",121.917774372552
"us-ny",128.942553987242
"us-oh",118.673160662181
"us-ok",60.153925614713
"us-or",141.969500840231
"us-pa",105.832581568836
"us-ri",139.840351004451
"us-sc",36.3164780375049
"us-sd",124.264619773159
"us-tn",35.8171563337087
"us-tx",56.2898839135852
"us-ut",135.215835354042
"us-va",61.3031185649365
"us-vt",139.611828485194
"us-wa",121.035614565307
"us-wi",143.917345201693
"us-wv",68.6775513266812
"us-wy",99.9884822440313
