"JS_KEY","NAME_REGIONALITY"
"us-ak",1.03074351253819
"us-al",0.308793897862529
"us-ar",0.407942485180233
"us-az",0.956304477849609
"us-ca",1.36237853945012
"us-co",1.19194219150507
"us-ct",1.59643502161052
"us-dc",0.906495542767179
"us-de",0.959017561419634
"us-fl",0.663883197096636
"us-ga",0.439409723577774
"us-hi",1.41994408178359
"us-ia",1.26836169222994
"us-id",1.16301189321693
"us-il",1.22998370875943
"us-in",0.989001893261871
"us-ks",0.920258766795742
"us-ky",0.389641384296408
"us-la",0.496219754890252
"us-ma",1.63998819731409
"us-md",0.780840593185366
"us-me",2.04426970582462
"us-mi",1.25710481370013
"us-mn",1.41791167025518
"us-mo",0.900140382570925
"us-ms",0.341304564271729
"us-mt",1.20006501810155
"us-nc",0.428565861999503
"us-nd",1.31705948327491
"us-ne",1.30460557881699
"us-nh",2.16971913919709
"us-nj",1.21257488413659
"us-nm",0.983276886170292
"us-nv",1.67676087049773
"us-ny",1.27987615291231
"us-oh",1.12185623346735
"us-ok",0.630530195711675
"us-or",1.12635284749015
"us-pa",1.08508116115962
"us-ri",1.54955763740831
"us-sc",0.408817520895802
"us-sd",1.11902307644782
"us-tn",0.397856353277111
"us-tx",0.588198871096985
"us-ut",1.25384930858893
"us-va",0.588266554273038
"us-vt",1.66914514572875
"us-wa",1.17160187396005
"us-wi",1.4042527536766
"us-wv",0.660020817001515
"us-wy",0.987089490419999
