"JS_KEY","NAME_REGIONALITY"
"us-ak",1.05267970988408
"us-al",0.711522079030884
"us-ar",0.676336087240262
"us-az",1.09790319027037
"us-ca",1.19087000918011
"us-co",1.18893615870558
"us-ct",1.14898283448883
"us-dc",0.855885571514463
"us-de",1.17794095504278
"us-fl",0.954566669123388
"us-ga",0.829175594118068
"us-hi",0.836115291693245
"us-ia",1.00145052988778
"us-id",1.14890055111459
"us-il",0.967381972383224
"us-in",0.947388891804842
"us-ks",0.944738205467013
"us-ky",0.783176030908567
"us-la",0.701472795992718
"us-ma",1.23987763504843
"us-md",0.927902830241564
"us-me",1.32119572873326
"us-mi",0.946247006411115
"us-mn",1.03852601454867
"us-mo",0.961270704234003
"us-ms",0.61818168380997
"us-mt",0.94472041915059
"us-nc",0.72935351285068
"us-nd",0.867806758394522
"us-ne",0.949525576310829
"us-nh",1.43755576497782
"us-nj",1.07474736042728
"us-nm",1.27109155484673
"us-nv",1.14468071242991
"us-ny",1.11458366822375
"us-oh",1.04557151984268
"us-ok",0.916939818567271
"us-or",1.16361768538948
"us-pa",1.03805563313929
"us-ri",1.21339999203181
"us-sc",0.835671884111506
"us-sd",0.923684257792681
"us-tn",0.677689965458647
"us-tx",0.987449696773547
"us-ut",1.12159467950827
"us-va",0.831000839731543
"us-vt",1.30471908817744
"us-wa",1.12506911072319
"us-wi",0.977959295864111
"us-wv",1.03747096075077
"us-wy",1.09360773453617
