"JS_KEY","NAME_REGIONALITY"
"us-ak",1.18627346370321
"us-al",0.709923414686279
"us-ar",0.722791020776127
"us-az",1.36650973155579
"us-ca",1.1663181677083
"us-co",1.00681601338043
"us-ct",1.19556367317538
"us-dc",0.927642721404068
"us-de",0.964658557632143
"us-fl",1.03285861704489
"us-ga",0.831322415646257
"us-hi",0.966900746305345
"us-ia",0.864938319894121
"us-id",1.23346516078634
"us-il",0.956681533073025
"us-in",0.866433051010765
"us-ks",0.99526831277604
"us-ky",0.757833697991283
"us-la",0.700130374003509
"us-ma",1.27483076253166
"us-md",0.917092781231048
"us-me",1.33687183807677
"us-mi",0.908183832434375
"us-mn",0.915500536957874
"us-mo",0.903081702741137
"us-ms",0.730654799148485
"us-mt",0.959861903273645
"us-nc",0.747751035910869
"us-nd",0.805041337952564
"us-ne",0.97020087597708
"us-nh",1.26765547430436
"us-nj",1.0988951978953
"us-nm",1.26580078916299
"us-nv",1.12014993826252
"us-ny",1.14340356870051
"us-oh",0.993751584780853
"us-ok",0.904467873762326
"us-or",1.0507172676923
"us-pa",1.04900739200275
"us-ri",1.16645488607788
"us-sc",0.822697730901121
"us-sd",1.07743201905309
"us-tn",0.703369729249816
"us-tx",1.01924668678259
"us-ut",1.26190433250211
"us-va",0.905902047303826
"us-vt",1.11947993621293
"us-wa",1.10549451433166
"us-wi",0.953555628470859
"us-wv",0.967121013801866
"us-wy",1.26338151788392
