"JS_KEY","NAME_REGIONALITY"
"us-ak",0.751137290302732
"us-al",0.939192117520557
"us-ar",0.894409375912347
"us-az",1.22333682824139
"us-ca",1.29188045974834
"us-co",0.944249809800658
"us-ct",0.9320584761336
"us-dc",0.915758249486711
"us-de",1.16247002963133
"us-fl",1.21279281424131
"us-ga",1.1361141065045
"us-hi",1.24476394300116
"us-ia",0.539480410319126
"us-id",0.829812475159572
"us-il",0.850218297245468
"us-in",0.793073063549435
"us-ks",0.753382100709564
"us-ky",0.775978849056145
"us-la",0.908624832314055
"us-ma",1.05540764005026
"us-md",1.09117560726932
"us-me",0.741195318859829
"us-mi",0.81167232998188
"us-mn",0.588069304965474
"us-mo",0.851263565603033
"us-ms",1.0017798284698
"us-mt",0.821349417967713
"us-nc",1.00583743253046
"us-nd",0.470991762216656
"us-ne",0.655504057730708
"us-nh",0.732532439386189
"us-nj",1.21780631103854
"us-nm",1.23039849073338
"us-nv",1.32681572052135
"us-ny",1.2933070452003
"us-oh",0.993952993216733
"us-ok",0.977263494363614
"us-or",0.765703887771047
"us-pa",1.04200867251119
"us-ri",1.04152444362913
"us-sc",1.07126395627477
"us-sd",0.417940492296648
"us-tn",0.835517083424557
"us-tx",1.08925985814992
"us-ut",1.04630737714199
"us-va",1.04704043035938
"us-vt",0.521798453767724
"us-wa",0.874731226809659
"us-wi",0.568981004217303
"us-wv",1.02416796757787
"us-wy",0.857803596757389
