"JS_KEY","NAME_REGIONALITY"
"us-ak",1.5592147774785
"us-al",1.10684328919263
"us-ar",0.944625389969414
"us-az",1.02256588138609
"us-ca",1.18572035729582
"us-co",0.917300734331767
"us-ct",1.0924501631322
"us-dc",1.15654377669279
"us-de",0.999362491605346
"us-fl",1.20597213597279
"us-ga",1.1538526845717
"us-hi",1.02532402112123
"us-ia",0.611212920059672
"us-id",1.24289803977158
"us-il",0.757491673264442
"us-in",0.88714382182025
"us-ks",0.888533038815344
"us-ky",0.839626634346157
"us-la",1.0446928925644
"us-ma",0.995087841578789
"us-md",0.988604836934667
"us-me",0.985717906490337
"us-mi",0.89823674761153
"us-mn",0.551920712938796
"us-mo",0.967442478637802
"us-ms",1.21205583144668
"us-mt",0.528383273450243
"us-nc",0.983764801171057
"us-nd",0.662352010004766
"us-ne",0.798150814066045
"us-nh",0.600189670900231
"us-nj",1.0075489836268
"us-nm",1.28215665263496
"us-nv",1.03271789336244
"us-ny",1.07534439244356
"us-oh",0.940048329610225
"us-ok",1.17443908639651
"us-or",0.588347417200831
"us-pa",1.08045237746267
"us-ri",1.29820052451325
"us-sc",0.973518461245526
"us-sd",1.16960244476541
"us-tn",0.907670436776711
"us-tx",0.933411800036833
"us-ut",0.736185455384208
"us-va",1.05559952008225
"us-vt",0.769534941856313
"us-wa",0.654028416040393
"us-wi",0.675025279316368
"us-wv",0.686099403883987
"us-wy",1.37262232591852
