"JS_KEY","NAME_REGIONALITY"
"us-ak",67.3140260404018
"us-al",88.5803371393277
"us-ar",87.841801870562
"us-az",117.424574821619
"us-ca",109.111486742097
"us-co",88.9862041849898
"us-ct",104.678488494828
"us-dc",44.9135391139136
"us-de",163.915858452101
"us-fl",116.30976137917
"us-ga",103.848628538047
"us-hi",166.994588954116
"us-ia",66.8856301912238
"us-id",59.3826912356415
"us-il",80.5787262525635
"us-in",63.0890043234231
"us-ks",77.6812621550841
"us-ky",119.334126321526
"us-la",114.271775538441
"us-ma",102.385747817212
"us-md",107.587670420572
"us-me",80.9216964408216
"us-mi",85.3626186512346
"us-mn",73.5268184320854
"us-mo",82.801324792561
"us-ms",124.775755167617
"us-mt",89.1150847967126
"us-nc",100.679688902808
"us-nd",98.1423741417308
"us-ne",124.104565530013
"us-nh",108.640300004981
"us-nj",92.0302310932888
"us-nm",119.976146311197
"us-nv",106.444769840534
"us-ny",100.729419340563
"us-oh",114.425878111755
"us-ok",90.7621590965418
"us-or",85.264432984509
"us-pa",107.979850467611
"us-ri",98.8648946875595
"us-sc",100.703974257391
"us-tn",81.034604716348
"us-tx",102.020178421785
"us-ut",93.3463697602918
"us-va",109.421978002777
"us-vt",245.821695773983
"us-wa",82.5839013867896
"us-wi",77.5291029817906
"us-wv",126.007645965812
