"JS_KEY","NAME_REGIONALITY"
"us-ak",147.493348861447
"us-al",116.105750357831
"us-ar",106.770794980677
"us-az",156.513692002592
"us-ca",114.160712144996
"us-co",87.588056460724
"us-ct",97.9780405000452
"us-dc",128.890868673141
"us-fl",134.928828983301
"us-ga",102.422831212611
"us-ia",117.691869818613
"us-id",70.4343664597055
"us-il",61.5712312503649
"us-in",93.4495107440119
"us-ks",80.1447354279368
"us-ky",85.6056497426384
"us-la",103.71976278637
"us-ma",125.567497643434
"us-md",86.5250778690118
"us-me",197.422857519391
"us-mi",106.479791579773
"us-mn",81.6994036923742
"us-mo",121.379382275371
"us-ms",103.467186369328
"us-nc",93.1482527973113
"us-ne",54.046902819751
"us-nh",143.44719211789
"us-nj",92.2822734344536
"us-nm",130.285791494279
"us-nv",69.2061347172828
"us-ny",92.4350008294887
"us-oh",110.953061143515
"us-ok",98.8040946648061
"us-or",69.3456632146967
"us-pa",100.968201682751
"us-ri",171.1216365895
"us-sc",150.923426741946
"us-sd",165.362735358123
"us-tn",84.4121022414209
"us-tx",82.4725429708979
"us-ut",85.6109271195201
"us-va",82.2029597654467
"us-wa",87.8779993727377
"us-wi",61.5817300450398
"us-wv",187.116685706916
