"JS_KEY","NAME_REGIONALITY"
"us-ca",265.063824823357
"us-il",144.991461769389
"us-la",300.948104925378
"us-mi",237.764208197554
"us-mn",307.420757634325
"us-mo",280.145304037691
"us-nc",167.772956256118
"us-nj",203.346288081206
"us-ny",174.648089471703
"us-oh",109.524492634536
"us-ok",344.618807848303
"us-pa",65.4699208274937
"us-tn",220.82273595593
"us-tx",203.032958175903
