"JS_KEY","NAME_REGIONALITY"
"us-al",1.24934093476197
"us-ar",1.8924544562847
"us-ca",2.21347579347178
"us-co",2.21359249796621
"us-ga",0.6982222204004
"us-hi",17.2935825964964
"us-ia",1.10769906085222
"us-il",0.98649242527219
"us-in",0.654059855315097
"us-ky",0.930000600579832
"us-la",5.26055850393765
"us-ma",0.511260852274006
"us-mi",1.24064204229904
"us-mn",1.51278729363649
"us-mo",1.45575943525229
"us-nc",2.53845259686359
"us-ne",2.06462267581392
"us-ny",1.12105540984946
"us-oh",0.95519496313971
"us-pa",0.4218818746956
"us-sc",2.76188485240859
"us-tn",0.968938428633188
"us-tx",1.72798527004287
"us-va",0.85702246343026
"us-wa",1.88075536946988
"us-wi",1.3454421587358
