"JS_KEY","NAME_REGIONALITY"
"us-al",1.21106509148713
"us-ar",2.04269071519807
"us-az",7.28645428803826
"us-ca",1.95131787008483
"us-co",1.63236422425604
"us-fl",1.29831367314136
"us-ga",1.32099024652218
"us-hi",6.94853177033214
"us-ia",0.62567875560597
"us-il",0.830590870748331
"us-in",0.989636712392812
"us-ks",1.10236191330939
"us-ky",1.39401862700834
"us-la",2.38123515718686
"us-ma",0.260804827722982
"us-md",0.775508167234943
"us-mi",0.868482185365143
"us-mn",1.05214773498979
"us-mo",0.648348665013175
"us-ms",1.24066654093624
"us-nc",1.24476216241778
"us-nd",2.19470366536125
"us-nj",0.415981760668124
"us-ny",1.26538590076554
"us-oh",0.816397197317003
"us-ok",0.899407971344077
"us-or",2.37302888035282
"us-pa",0.456478063867581
"us-sc",1.54487972088466
"us-tn",1.04406310314837
"us-tx",1.69342413468973
"us-ut",2.87340825776577
"us-va",0.672337525931872
"us-wa",2.62103994869131
"us-wi",0.764670960371479
"us-wv",0.68362456105454
