"JS_KEY","NAME_REGIONALITY"
"us-al",93.8279069858782
"us-ar",144.729603547782
"us-az",718.466628070466
"us-ca",245.817236083564
"us-co",266.404360859598
"us-ga",111.662658965269
"us-hi",455.252685824089
"us-ia",128.804915381439
"us-id",339.930477202914
"us-il",89.0746032097707
"us-in",46.156922055126
"us-ks",147.453813042448
"us-ky",82.6557470212956
"us-la",167.99482318114
"us-mi",77.4313104167503
"us-mn",90.5596530640966
"us-mo",112.736319585327
"us-ms",104.428624773004
"us-nc",96.5682387504295
"us-ne",138.98862225031
"us-nj",62.1947223825885
"us-ny",154.064005787614
"us-oh",92.5404897487193
"us-ok",84.8069245643012
"us-or",214.09195811028
"us-pa",48.206405749538
"us-sc",222.651213834851
"us-tn",87.3146283429399
"us-tx",138.55266305815
"us-va",63.4550175150897
"us-wa",357.858218412548
"us-wi",61.3987794731783
"us-wv",101.756882837579
