"JS_KEY","NAME_REGIONALITY"
"us-al",44.1835758508743
"us-ar",99.0594234804965
"us-az",147.936280810166
"us-ca",182.27747108408
"us-co",148.881738243915
"us-ct",56.0149114185026
"us-fl",76.2613949025252
"us-ga",115.622234556609
"us-hi",149.049839566735
"us-ia",118.070966955249
"us-id",296.981945053478
"us-il",100.199203594037
"us-in",95.3908715592652
"us-ks",108.549682154997
"us-ky",117.369846499031
"us-la",227.956415270265
"us-ma",25.3456271186441
"us-md",83.0643838088831
"us-mi",128.849123194
"us-mn",128.238269454314
"us-mo",100.655015671653
"us-ms",95.8319234673475
"us-mt",296.392084540851
"us-nc",80.8704162810314
"us-nd",269.92969484924
"us-ne",223.743177247917
"us-nj",72.2990769185069
"us-ny",99.7679339718673
"us-oh",94.4824100283057
"us-ok",94.8879551030768
"us-or",128.972252791798
"us-pa",39.8396367967449
"us-ri",85.2400825933736
"us-sc",109.467327407591
"us-sd",125.225430428083
"us-tn",85.0013685435924
"us-tx",123.719282639429
"us-ut",214.325244351132
"us-va",51.2350286749584
"us-wa",404.208174580069
"us-wi",117.755944715837
"us-wv",67.4085827623512
"us-wy",260.200672620771
