"JS_KEY","NAME_REGIONALITY"
"us-al",0.466932017375452
"us-ar",0.862670339838741
"us-az",0.83116420141503
"us-ca",1.03084562399356
"us-co",1.75653972072929
"us-ct",0.146161296313073
"us-dc",0.289363902458142
"us-de",0.250806041808916
"us-fl",0.621956505443692
"us-ga",0.755091045996325
"us-hi",0.374523003515474
"us-ia",3.08765223015403
"us-id",2.51406043345926
"us-il",1.25676619777642
"us-in",2.66378133834962
"us-ks",3.48430490671708
"us-ky",0.995775086427041
"us-la",0.842564666038548
"us-ma",0.0682701865821448
"us-md",0.314095403746444
"us-me",0.50752001899572
"us-mi",1.08007893171866
"us-mn",1.00762703897936
"us-mo",1.87422327914054
"us-ms",0.512749162986889
"us-mt",1.74479843883782
"us-nc",1.06870922977124
"us-nd",1.85312559337386
"us-ne",3.0367611483935
"us-nh",0.16863021324169
"us-nj",0.191125115196531
"us-nm",0.935353715061567
"us-nv",1.35653638207759
"us-ny",0.224853705785008
"us-oh",1.41962726737639
"us-ok",1.39901336656665
"us-or",1.70165052501764
"us-pa",0.581487359138094
"us-ri",0.108599120475313
"us-sc",0.690341719499186
"us-sd",2.52932429963141
"us-tn",0.845776761739198
"us-tx",0.822062980156448
"us-ut",1.94952134280896
"us-va",0.506207859423227
"us-vt",0.574615163368615
"us-wa",1.60398985252808
"us-wi",0.747644783945835
"us-wv",1.41966688453745
"us-wy",1.92990057302938
