"JS_KEY","NAME_REGIONALITY"
"us-ak",0.690495658258779
"us-al",2.0932112144167
"us-ar",2.73544747308949
"us-az",0.990670694340511
"us-ca",0.728638342063273
"us-co",1.02851673658637
"us-ct",0.19478253036347
"us-dc",0.725859754417232
"us-de",0.44918244829435
"us-fl",1.20513865404305
"us-ga",1.81648129716362
"us-hi",0.280749212692382
"us-ia",1.06045874839662
"us-id",1.16200423498915
"us-il",0.850559141873187
"us-in",1.21331874527511
"us-ks",1.34864847173534
"us-ky",1.95826796844971
"us-la",1.57448909709406
"us-ma",0.0982039082453033
"us-md",0.848953449356499
"us-me",0.538272432237618
"us-mi",0.862037291227456
"us-mn",0.78328157167597
"us-mo",1.34113412302376
"us-ms",2.43383187284253
"us-mt",0.930492184047351
"us-nc",1.86450960393264
"us-nd",1.30480527410548
"us-ne",0.950742498999736
"us-nh",0.27208229245843
"us-nj",0.239099850973261
"us-nm",1.12914443168367
"us-nv",1.03596885137483
"us-ny",0.307693369644871
"us-oh",0.801018557212858
"us-ok",2.01413980696712
"us-or",1.01488047373492
"us-pa",0.537025630768489
"us-ri",0.206125556097489
"us-sc",1.75485542475643
"us-sd",1.42719241300747
"us-tn",2.0230942655403
"us-tx",1.69628120323333
"us-ut",1.01250240898787
"us-va",1.54267119028555
"us-vt",0.573211126847452
"us-wa",0.796791960257198
"us-wi",0.627019807742258
"us-wv",1.53187773263239
"us-wy",0.745873017499588
