"JS_KEY","NAME_REGIONALITY"
"us-ak",0.792612553697669
"us-al",2.07632315493962
"us-ar",2.67135808404823
"us-az",1.20274764221654
"us-ca",0.798337815747844
"us-co",0.928408797655875
"us-ct",0.182346233275924
"us-dc",0.765240891684506
"us-de",0.570694427387891
"us-fl",1.29288269447741
"us-ga",1.78054303435749
"us-hi",0.393069505088458
"us-ia",0.981864333024205
"us-id",1.33815534126968
"us-il",0.814400245738752
"us-in",1.14311967417797
"us-ks",1.33263489844266
"us-ky",1.86805893884688
"us-la",1.6931472165809
"us-ma",0.124392894334916
"us-md",0.861891306768152
"us-me",0.514678952983174
"us-mi",0.885501747746874
"us-mn",0.774557784639505
"us-mo",1.31215688604487
"us-ms",2.8513207622926
"us-mt",1.06199851174697
"us-nc",1.93637745013555
"us-nd",1.21750360368191
"us-ne",1.09539247972092
"us-nh",0.29230471221881
"us-nj",0.277501768946006
"us-nm",1.32813679240032
"us-nv",0.997984741080046
"us-ny",0.30114135177456
"us-oh",0.849123981952403
"us-ok",1.97656967269044
"us-or",0.996625399700174
"us-pa",0.512138894662795
"us-ri",0.131069573647461
"us-sc",1.79728194163011
"us-sd",1.24321248613105
"us-tn",1.8315605795052
"us-tx",1.62558814298313
"us-ut",1.17436837197873
"us-va",1.4821922407424
"us-vt",0.488007145908579
"us-wa",0.790833973946563
"us-wi",0.672207436574515
"us-wv",1.54080001751902
"us-wy",0.921154428099247
