"JS_KEY","NAME_REGIONALITY"
"us-ak",0.938783476251091
"us-al",1.63416127575147
"us-ar",2.0794672691859
"us-az",1.30844046463041
"us-ca",0.951470789806018
"us-co",1.15811606019577
"us-ct",0.303134389333821
"us-dc",0.70236010243217
"us-de",0.703052701393949
"us-fl",1.16954078003179
"us-ga",1.61103818238925
"us-hi",0.725412913939203
"us-ia",1.37853369038262
"us-id",1.58390850310828
"us-il",0.866359174982806
"us-in",1.24610958376363
"us-ks",1.55762853850873
"us-ky",1.66282336315956
"us-la",1.61088159366376
"us-ma",0.174325293437683
"us-md",0.680258653547053
"us-me",0.677096189964317
"us-mi",0.861661589661835
"us-mn",0.770288497439478
"us-mo",1.4719375257744
"us-ms",2.60766220460116
"us-mt",1.40120104376247
"us-nc",1.66125072441057
"us-nd",1.35761566928625
"us-ne",1.2962928000837
"us-nh",0.383440330814113
"us-nj",0.310694441032114
"us-nm",1.4705492576695
"us-nv",0.871258802311046
"us-ny",0.371726052653454
"us-oh",0.938863272190356
"us-ok",2.07181679813247
"us-or",1.32322653924333
"us-pa",0.52101639044034
"us-ri",0.143836287813048
"us-sc",1.5590638623475
"us-sd",1.51154340676633
"us-tn",1.48431206037035
"us-tx",1.62386888517159
"us-ut",1.37412261317549
"us-va",1.28579796405189
"us-vt",0.536148658544842
"us-wa",1.01079255814141
"us-wi",0.690394388683205
"us-wv",1.4676801572427
"us-wy",1.5242475934767
