"JS_KEY","NAME_REGIONALITY"
"us-ak",0.619448279302756
"us-al",1.82705485395676
"us-ar",2.42884044596852
"us-az",0.960817906396962
"us-ca",0.78558436314434
"us-co",0.950552731670767
"us-ct",0.215758746342852
"us-dc",0.663589014264543
"us-de",0.865979961055475
"us-fl",1.25319344120105
"us-ga",1.616258290133
"us-hi",0.415821132170255
"us-ia",1.06057053880623
"us-id",1.15165546328827
"us-il",0.896362134334082
"us-in",1.42188820032754
"us-ks",1.55469538649858
"us-ky",1.85293203410922
"us-la",1.34525689413398
"us-ma",0.194791926160062
"us-md",0.895692624560941
"us-me",0.613806319472424
"us-mi",0.925125258848722
"us-mn",0.421631504125636
"us-mo",1.45022194721423
"us-ms",1.96187986066608
"us-mt",0.691196930574782
"us-nc",1.6654224774218
"us-nd",0.611829841162852
"us-ne",1.12927949220669
"us-nh",0.219450036066753
"us-nj",0.347047843946006
"us-nm",1.30157126924193
"us-nv",1.07678199515162
"us-ny",0.372593530656285
"us-oh",1.12639568359191
"us-ok",1.96035570335163
"us-or",1.05421872097936
"us-pa",0.633773425356079
"us-ri",0.166025670490308
"us-sc",1.60798757831348
"us-sd",0.627978666440274
"us-tn",1.80225615880445
"us-tx",1.52968603108539
"us-ut",0.855384563143426
"us-va",1.17371105637273
"us-vt",0.525083106179526
"us-wa",0.84710081439035
"us-wi",0.407821600341921
"us-wv",1.82007801022369
"us-wy",1.26033490189179
