"JS_KEY","NAME_REGIONALITY"
"us-ak",0.665124162731742
"us-al",1.82297282575115
"us-ar",2.17466316367344
"us-az",0.956559805855817
"us-ca",0.823236148744108
"us-co",0.815207033786432
"us-ct",0.191911544500879
"us-dc",1.0107341343713
"us-de",0.630740591845456
"us-fl",1.181439462118
"us-ga",1.84274368395652
"us-hi",0.679008164313497
"us-ia",0.94541903536311
"us-id",1.22245146946041
"us-il",0.876256323262567
"us-in",1.39184991843393
"us-ks",1.40601580562415
"us-ky",1.77782803261351
"us-la",1.55296365462192
"us-ma",0.167248161847465
"us-md",0.992796723036005
"us-me",0.378682741987768
"us-mi",0.872707787968607
"us-mn",0.465293907673131
"us-mo",1.62174578864558
"us-ms",2.17670145118217
"us-mt",0.990560252792683
"us-nc",1.83231914895492
"us-nd",0.716231181465908
"us-ne",0.975094707912508
"us-nh",0.158657869737729
"us-nj",0.290522782975783
"us-nm",1.29723945692388
"us-nv",0.639421150490166
"us-ny",0.365208791586262
"us-oh",1.03117832552636
"us-ok",1.7635933209375
"us-or",0.768381471277467
"us-pa",0.663730940773779
"us-ri",0.177837861980927
"us-sc",1.44166805139898
"us-sd",0.729841275175474
"us-tn",1.80542123922636
"us-tx",1.34633956070275
"us-ut",0.447601015124125
"us-va",1.12714977951913
"us-vt",0.388406934040401
"us-wa",0.648928200711467
"us-wi",0.51941289688359
"us-wv",2.06298751431369
"us-wy",1.03665039422697
