"JS_KEY","NAME_REGIONALITY"
"us-ak",95.062837602682
"us-al",207.893938083708
"us-ar",225.517241502739
"us-az",63.2012658528257
"us-ca",85.4694702622097
"us-co",63.6126526252463
"us-ct",23.7646862294553
"us-dc",157.669326935034
"us-de",134.392756689282
"us-fl",123.972997327662
"us-ga",201.676268546321
"us-hi",37.3998847769821
"us-ia",40.5014490714413
"us-id",83.4731833648723
"us-il",107.501626476051
"us-in",116.217604669748
"us-ks",88.0373603500276
"us-ky",202.226790978839
"us-la",221.625287858099
"us-ma",20.2661128695868
"us-md",115.43872579857
"us-me",42.2579329680133
"us-mi",93.6102174233539
"us-mn",24.2313898618921
"us-mo",93.1893145494532
"us-ms",181.976478241237
"us-mt",99.4067566009455
"us-nc",151.391160591631
"us-nd",65.4657232970671
"us-ne",48.3758399444462
"us-nh",29.6886823839762
"us-nj",53.0317520734645
"us-nm",129.125237438445
"us-nv",85.7189387607386
"us-ny",47.753168202765
"us-oh",92.197301087754
"us-ok",150.730028703874
"us-or",40.2492107474295
"us-pa",61.0849609245475
"us-sc",178.393376589619
"us-tn",177.740148728412
"us-tx",130.277158570871
"us-ut",67.08039487853
"us-va",149.163238367231
"us-wa",60.2160857943995
"us-wi",35.2820005738502
"us-wv",202.875051547295
"us-wy",81.5541621525903
