"JS_KEY","NAME_REGIONALITY"
"us-al",192.141228276604
"us-ar",242.17427933932
"us-az",65.0832841920644
"us-ca",73.5895991347924
"us-co",55.2773858362907
"us-ct",40.6106118698138
"us-dc",144.612809402192
"us-de",122.696049694361
"us-fl",130.82783441977
"us-ga",186.211044009163
"us-hi",175.26629111215
"us-ia",43.8036589634845
"us-id",107.569950443742
"us-il",121.663087476695
"us-in",156.119553427629
"us-ks",72.0862434666915
"us-ky",149.101074538193
"us-la",280.256099142493
"us-md",132.132916468975
"us-mi",145.49130596745
"us-mo",96.4843443550767
"us-ms",376.347283890533
"us-nc",164.504273509207
"us-nj",39.0513752080121
"us-nm",98.3263991302504
"us-nv",70.516755430857
"us-ny",54.9350017414948
"us-oh",114.36922289089
"us-ok",175.568886253552
"us-or",31.4965276899006
"us-pa",65.6388086914909
"us-sc",195.089671664541
"us-tn",166.322532299802
"us-tx",113.057959004361
"us-ut",49.0298487562469
"us-va",103.723787328567
"us-wa",36.1901760161447
"us-wi",77.2712941207458
"us-wv",283.596961222882
