"JS_KEY","NAME_REGIONALITY"
"us-al",1.47357915642956
"us-ar",2.16569308830427
"us-az",1.04060277834362
"us-ca",0.829086482447461
"us-fl",1.07736913510174
"us-ga",1.40693712897108
"us-il",1.47658696397657
"us-in",2.14548831489565
"us-ky",1.68135800974547
"us-la",4.11988386493923
"us-md",0.897788506699123
"us-mi",1.60528226848965
"us-mo",2.23164067185726
"us-ms",4.5525708466651
"us-nc",1.27975363941769
"us-nj",0.48559681701753
"us-nm",2.09110071800277
"us-ny",0.643679437221973
"us-oh",0.92536980466461
"us-ok",1.02315055689337
"us-or",1.47749335106383
"us-pa",0.680774474212276
"us-sc",1.88271925272444
"us-tn",1.83057898518556
"us-tx",1.0007574979689
"us-va",0.844418995899445
"us-wa",0.513854877013831
"us-wi",1.19695663883652
