"JS_KEY","NAME_REGIONALITY"
"us-al",275.641121705412
"us-az",139.949750336847
"us-ca",109.692929578551
"us-fl",128.864621597295
"us-ga",138.67783160236
"us-il",90.8489817158683
"us-in",158.332846558244
"us-ky",203.141437150549
"us-mi",145.124639396405
"us-mo",179.934752987213
"us-ms",394.764103939905
"us-nc",165.316543394813
"us-ny",35.7555427038481
"us-oh",163.498027741254
"us-ok",219.220970769643
"us-or",233.290262231664
"us-pa",70.5158863276944
"us-tn",189.125740652674
"us-tx",99.3761924325906
"us-va",125.5896128282
"us-wa",171.360943300095
"us-wi",307.020051328061
