"JS_KEY","NAME_REGIONALITY"
"us-al",1.62753222518127
"us-ar",1.3664926445146
"us-az",1.25007277621508
"us-ca",0.540205507953732
"us-co",0.792696693126766
"us-ct",0.730698535747871
"us-dc",1.33936959741176
"us-de",2.44038502002489
"us-fl",1.56982324266821
"us-ga",1.63063647932141
"us-hi",2.19497036105622
"us-ia",0.250109222953717
"us-id",0.712113813929693
"us-il",0.587861882180498
"us-in",0.513855430906503
"us-ks",0.488138212558277
"us-ky",1.07504411326467
"us-la",1.65733509527476
"us-ma",0.643222350060858
"us-md",1.30637849508274
"us-me",0.686492787820054
"us-mi",0.426512956228966
"us-mn",0.356741069152555
"us-mo",0.682158722288842
"us-ms",1.71639270305232
"us-mt",0.427268288357816
"us-nc",1.94657853792365
"us-nd",0.391590956432566
"us-ne",0.412930586442515
"us-nh",0.359343990670209
"us-nj",1.19552718998862
"us-nm",1.9080461308528
"us-ny",0.863473642043201
"us-oh",0.585407592084058
"us-ok",1.20461558435271
"us-or",0.260735873192133
"us-pa",1.329580591543
"us-ri",0.511952482701499
"us-sc",2.68609162926569
"us-sd",0.481734419175706
"us-tn",1.5421920324775
"us-tx",1.19664100016846
"us-ut",0.701044380579331
"us-va",1.92373081083308
"us-wa",0.578677168610208
"us-wi",0.265440132770029
"us-wv",1.1893346965685
