"JS_KEY","NAME_REGIONALITY"
"us-al",2.06481469434559
"us-ar",1.23907623763936
"us-az",0.957926499208714
"us-ca",0.526868817313365
"us-co",0.972350889996524
"us-ct",0.66337990953284
"us-dc",1.26405983114299
"us-de",2.78688335730915
"us-fl",2.09244235045642
"us-ga",1.82270735310368
"us-hi",2.31152628561458
"us-ia",0.187933365293446
"us-id",0.89442994155386
"us-il",0.539666483369528
"us-in",0.660939361316693
"us-ks",0.649126916369904
"us-ky",1.07828986900089
"us-la",1.81741474211697
"us-ma",0.377275866258309
"us-md",1.63271087835789
"us-me",0.494283468467396
"us-mi",0.499557635671316
"us-mn",0.264248821305373
"us-mo",0.726330984764502
"us-ms",2.34339486306069
"us-nc",1.96631318451747
"us-nd",0.340464654590923
"us-ne",0.262852601898911
"us-nh",0.478856600027513
"us-nj",0.832737653716771
"us-nm",1.54910498161251
"us-ny",0.699530680468611
"us-oh",0.592748375002109
"us-ok",0.860859061548024
"us-or",0.499783339100178
"us-pa",1.40569319140748
"us-ri",0.565932892295674
"us-sc",3.1211907144917
"us-sd",0.35986361959899
"us-tn",1.40427080408763
"us-tx",1.23640595687061
"us-ut",0.34806910912415
"us-va",1.90080087567022
"us-vt",0.595141826684257
"us-wa",0.267057215326884
"us-wi",0.20465902450416
"us-wv",1.4970727398006
