"JS_KEY","NAME_REGIONALITY"
"us-al",233.641774997612
"us-ar",140.483793361671
"us-az",92.5342919544545
"us-ca",53.3482872888668
"us-co",95.7439818622164
"us-ct",39.6926397427918
"us-dc",137.85742671505
"us-de",230.192666261553
"us-fl",212.305484552682
"us-ga",188.527698244971
"us-hi",215.776841814861
"us-ia",33.2231787353837
"us-id",53.8422056688017
"us-il",52.3123768246406
"us-in",70.7582091964243
"us-ks",72.1146346986012
"us-ky",107.311903102009
"us-la",195.231021557283
"us-ma",54.9304402908206
"us-md",140.234300376677
"us-me",62.990921098261
"us-mi",46.5161927393846
"us-mn",13.5461046840576
"us-mo",76.4858815928371
"us-ms",232.934489904198
"us-mt",31.0189552894804
"us-nc",201.954468155444
"us-ne",43.648079634751
"us-nh",85.3944099264908
"us-nj",85.5222436948591
"us-nm",128.647192978415
"us-ny",66.178915653434
"us-oh",67.878280090416
"us-ok",68.1415772736802
"us-or",33.4526377038668
"us-pa",141.339037625995
"us-ri",49.7580563559269
"us-sc",312.572599394968
"us-tn",143.987299892949
"us-tx",129.4474531652
"us-ut",72.6332955517258
"us-va",225.823180926754
"us-wa",34.9912405448017
"us-wi",22.988787377595
"us-wv",137.255479470945
