"JS_KEY","NAME_REGIONALITY"
"us-al",249.514582925565
"us-ar",139.091877552268
"us-az",86.5887876917258
"us-ca",54.5309695478731
"us-co",76.4656509622039
"us-ct",75.9253406789072
"us-dc",165.118053843229
"us-de",147.098480222702
"us-fl",204.553850166749
"us-ga",192.963622189396
"us-hi",108.819354414194
"us-ia",36.9428437440654
"us-id",44.8339854339766
"us-il",48.0846328351472
"us-in",73.8605111703376
"us-ks",57.4500856610482
"us-ky",98.8399296563572
"us-la",148.281624565462
"us-ma",44.8497131216553
"us-md",141.794029202605
"us-me",37.7133607279189
"us-mi",52.2561172660926
"us-mn",24.1554420319622
"us-mo",81.6139307142165
"us-ms",171.67355355477
"us-mt",36.2888432109557
"us-nc",226.240503961639
"us-ne",37.3557698764745
"us-nh",49.2645340282986
"us-nj",88.4509922255815
"us-nm",133.506718415819
"us-ny",71.0739146874176
"us-oh",70.5795689156239
"us-ok",69.7666665526508
"us-or",51.1109366307887
"us-pa",140.854449529188
"us-ri",51.9167706993765
"us-sc",303.958035621298
"us-sd",67.1145921649964
"us-tn",162.742783807516
"us-tx",129.41899166643
"us-ut",33.6509340161374
"us-va",229.130982718844
"us-vt",44.9001898727304
"us-wa",38.7547319849601
"us-wi",26.0076446548679
"us-wv",153.225753123598
