"JS_KEY","NAME_REGIONALITY"
"us-al",2.24607221058343
"us-ar",1.41794531821201
"us-az",1.13757412753969
"us-ca",0.742002667271341
"us-co",0.598889600048684
"us-ct",0.456800740258337
"us-dc",1.31895213813353
"us-de",1.44077455496955
"us-fl",1.75132679437398
"us-ga",2.08696559202301
"us-hi",1.71112976865834
"us-ia",0.298429939317963
"us-id",0.720814815775688
"us-il",0.565969865195248
"us-in",0.791883980140311
"us-ks",0.645704611682614
"us-ky",1.01260229018995
"us-la",1.57449219307284
"us-ma",0.314942372385128
"us-md",1.33725255924914
"us-me",0.468241059014955
"us-mi",0.516622788235117
"us-mn",0.148097873711785
"us-mo",0.600565365476484
"us-ms",2.21478918982058
"us-mt",0.610586662549635
"us-nc",2.08955235061675
"us-ne",0.392302069369585
"us-nh",0.533425844743316
"us-nj",0.819086361053025
"us-nm",1.82288082371759
"us-nv",2.15166498619778
"us-ny",0.736092129634404
"us-oh",0.689661491900403
"us-ok",0.831175551209723
"us-or",0.439046450112856
"us-pa",1.28846083651015
"us-ri",0.367881890970596
"us-sc",3.45308465906675
"us-sd",0.315757123307501
"us-tn",1.5598381946736
"us-tx",1.44624682426144
"us-ut",0.55978854351658
"us-va",2.13805766558705
"us-vt",0.383633970126338
"us-wa",0.570304348210863
"us-wi",0.204578639224846
"us-wv",1.34559570626584
"us-wy",0.643455482256234
