"JS_KEY","NAME_REGIONALITY"
"us-ak",1.28970359588267
"us-al",1.78876950411044
"us-ar",1.72958546131542
"us-az",1.75523765937821
"us-ca",0.950834937371508
"us-co",0.811074241535174
"us-ct",0.680599095104758
"us-dc",1.39602390658462
"us-de",0.509123821995833
"us-fl",1.52886499420466
"us-ga",1.66554654059196
"us-hi",1.64474735626037
"us-ia",0.274444203176936
"us-id",0.773822157529601
"us-il",0.696304438622722
"us-in",0.952900975594479
"us-ks",0.732896027238139
"us-ky",1.28506266883916
"us-la",1.23315371355706
"us-ma",0.29082380196161
"us-md",0.947031876092239
"us-me",0.634964616626012
"us-mi",0.656013610928378
"us-mn",0.291618320077423
"us-mo",0.745946799550814
"us-ms",1.7163390184741
"us-mt",0.613526277820346
"us-nc",1.56738303477119
"us-ne",0.547511704423783
"us-nh",0.4245169991496
"us-nj",0.766934640821703
"us-nm",1.86082893911015
"us-nv",1.08697176613545
"us-ny",0.891112033754809
"us-oh",0.789308295186228
"us-ok",1.43540954448859
"us-or",1.01380131955504
"us-pa",1.16963271285085
"us-ri",0.235173309954091
"us-sc",1.58042017742189
"us-sd",0.804265804642712
"us-tn",1.49176367783047
"us-tx",1.81459515974278
"us-ut",0.642606468547289
"us-va",1.32329964090684
"us-wa",0.803690918434961
"us-wi",0.281868466907199
"us-wv",1.53065329212418
