"JS_KEY","NAME_REGIONALITY"
"us-ak",165.953428301066
"us-al",140.752632039408
"us-ar",91.6377437538983
"us-az",115.604141060246
"us-ca",99.1306357871718
"us-co",98.9014781357259
"us-ct",69.5129143476821
"us-dc",126.445090882164
"us-de",96.257118010165
"us-fl",142.030933026162
"us-ga",135.19856276436
"us-hi",131.118140688997
"us-ia",54.3382330364296
"us-id",104.007096998246
"us-il",83.6375703209492
"us-in",85.6237073098713
"us-ks",43.9737424813739
"us-ky",95.2575424869102
"us-la",119.777454974576
"us-ma",54.680392824665
"us-md",79.100230712347
"us-me",86.9992414819224
"us-mi",64.0857866979463
"us-mn",49.4280561885107
"us-mo",75.6684960521741
"us-ms",165.180353324509
"us-mt",115.563441109162
"us-nc",135.575227662893
"us-nd",68.4702540939641
"us-ne",43.0367745690234
"us-nh",52.3920063408133
"us-nj",80.1173184930174
"us-nm",145.064976873017
"us-nv",102.052819025887
"us-ny",88.6782790407425
"us-oh",87.9346428619145
"us-ok",113.509641383075
"us-or",103.123083013203
"us-pa",102.763284082042
"us-ri",24.4869360390828
"us-sc",162.600665558457
"us-sd",114.145662287342
"us-tn",131.822763723696
"us-tx",151.197872038353
"us-ut",126.814401996007
"us-va",140.806278516545
"us-vt",75.2040633022153
"us-wa",83.6929810162939
"us-wi",53.3850646590838
"us-wv",145.814380865773
"us-wy",83.2690000320811
