"JS_KEY","NAME_REGIONALITY"
"us-ak",105.722643162318
"us-al",132.877000617401
"us-ar",133.836247696045
"us-az",120.926100810717
"us-ca",115.950449694091
"us-co",104.434296030337
"us-ct",77.4198145167939
"us-dc",179.845608086392
"us-de",65.2416964612778
"us-fl",100.948664719955
"us-ga",128.146113133716
"us-hi",124.78108498448
"us-ia",67.5645765851193
"us-id",192.543329607324
"us-il",78.5578272892217
"us-in",110.056760158925
"us-ks",93.2470179771237
"us-ky",90.4462072044564
"us-la",96.1988627810117
"us-ma",56.0170862837837
"us-md",83.3788693410124
"us-me",137.073116426372
"us-mi",65.1175160924942
"us-mn",90.6165029519097
"us-mo",98.094558832586
"us-ms",134.604806005412
"us-mt",122.837405015198
"us-nc",136.763003425694
"us-nd",53.9308717852833
"us-ne",64.0481325062357
"us-nh",80.7101832868108
"us-nj",74.0264256419985
"us-nm",106.373782703613
"us-nv",83.8559481950859
"us-ny",83.5124804955602
"us-oh",73.0060003744129
"us-ok",107.715364655018
"us-or",109.712078830126
"us-pa",86.9695188706693
"us-ri",56.6202339714346
"us-sc",118.285709467756
"us-sd",83.2174887097993
"us-tn",119.800556000394
"us-tx",133.465457485364
"us-ut",129.119553299171
"us-va",98.7437827123503
"us-vt",85.4808964339399
"us-wa",131.577430430148
"us-wi",78.4766466221418
"us-wv",101.025808283557
"us-wy",151.165302886226
