"JS_KEY","NAME_REGIONALITY"
"us-ak",132.415813826483
"us-al",99.8739079320066
"us-ar",96.0477786295232
"us-az",93.4233709023017
"us-ca",82.4175057601882
"us-co",137.609752328912
"us-ct",84.8433796994247
"us-dc",132.305969049562
"us-de",113.544649695221
"us-fl",82.3774697251579
"us-ga",102.342142541509
"us-hi",98.2993274710386
"us-ia",161.224803234993
"us-id",115.383726870348
"us-il",95.0506506060508
"us-in",141.928820604536
"us-ks",111.182705591839
"us-ky",92.9014623384826
"us-la",67.574912449247
"us-ma",107.27311183837
"us-md",103.465711382255
"us-me",177.088960285508
"us-mi",75.5314774910052
"us-mn",203.394524095329
"us-mo",133.092254723928
"us-ms",103.889466477885
"us-mt",148.738100375327
"us-nc",105.712535615706
"us-nd",133.967940581958
"us-ne",150.57411433425
"us-nh",163.724156288329
"us-nj",56.32003908155
"us-nm",82.7205748962401
"us-nv",87.5039687811937
"us-ny",73.5254879371418
"us-oh",104.06646552841
"us-ok",112.481941933421
"us-or",137.522400648259
"us-pa",88.6472945047218
"us-ri",90.9402234361626
"us-sc",96.4240919962028
"us-sd",174.469876106736
"us-tn",108.721520266379
"us-tx",97.2859177746962
"us-ut",162.930000311905
"us-va",104.713583258981
"us-vt",114.881763929175
"us-wa",135.18144194303
"us-wi",168.0900977593
"us-wv",87.4815385849679
"us-wy",135.909504938219
