"JS_KEY","NAME_REGIONALITY"
"us-ak",85.8378170907431
"us-al",128.591525834169
"us-ar",120.693924897822
"us-az",97.6195711788871
"us-ca",76.6392296955333
"us-co",131.838291725278
"us-ct",91.8412068806519
"us-dc",79.8549351666925
"us-de",78.447272413237
"us-fl",82.5504583034973
"us-ga",94.307790373282
"us-hi",135.584733813787
"us-ia",165.881852138886
"us-id",213.239869819176
"us-il",84.7232128649265
"us-in",118.215992892886
"us-ks",138.400678351679
"us-ky",131.958425333875
"us-la",79.7582645512905
"us-ma",110.172205541869
"us-md",103.058159959182
"us-me",162.753595599064
"us-mi",93.03767849983
"us-mn",169.671345264164
"us-mo",131.795734454943
"us-ms",100.170810802723
"us-mt",211.801004300828
"us-nc",121.887751623745
"us-nd",114.859412775741
"us-ne",147.042598643121
"us-nh",118.539795848626
"us-nj",59.4069678044891
"us-nm",127.059121748417
"us-nv",58.758249551594
"us-ny",78.3949156944012
"us-oh",104.776693334647
"us-ok",124.989777264352
"us-or",154.514015210505
"us-pa",98.5356454375482
"us-ri",91.0610340960585
"us-sc",105.292304841524
"us-sd",163.081824690041
"us-tn",111.908272793099
"us-tx",87.1444501477673
"us-ut",168.323705833457
"us-va",108.512122954178
"us-vt",190.395583653404
"us-wa",117.529381980988
"us-wi",145.959006643724
"us-wv",138.341221413559
"us-wy",205.307895980688
