"JS_KEY","NAME_REGIONALITY"
"us-ak",1.14189413462213
"us-al",1.31225626268458
"us-ar",1.3309523265775
"us-az",0.896170505664635
"us-ca",0.788774091362649
"us-co",1.30448585149057
"us-ct",0.913741555036545
"us-dc",1.22301516016805
"us-de",0.86646504011374
"us-fl",1.02059862843005
"us-ga",1.01338731434935
"us-hi",0.733272893451628
"us-ia",1.23040705850358
"us-id",1.558690724265
"us-il",0.853005095099713
"us-in",1.19673100721621
"us-ks",1.22985913094887
"us-ky",1.40064228753389
"us-la",0.948395908911361
"us-ma",1.01156684108973
"us-md",0.950780810610215
"us-me",1.49592022032046
"us-mi",1.02822422212427
"us-mn",0.994463842337317
"us-mo",1.11305317333965
"us-ms",0.866795684007288
"us-mt",1.64195679816688
"us-nc",1.1082459966297
"us-nd",1.17588991959759
"us-ne",1.4631285760383
"us-nh",1.02620888396538
"us-nj",0.841962612522746
"us-nm",1.01777836639415
"us-nv",0.88065334398912
"us-ny",0.87276278908887
"us-oh",1.00612346345129
"us-ok",1.28708677108363
"us-or",1.10277368741749
"us-pa",0.950827693293185
"us-ri",0.658126781002603
"us-sc",1.04511332742061
"us-sd",1.16635630545808
"us-tn",1.20117787485776
"us-tx",0.96642688057915
"us-ut",1.23588925977211
"us-va",1.02061257803272
"us-vt",1.39665269118837
"us-wa",1.21753454485482
"us-wi",1.04586465922241
"us-wv",1.09089368984812
"us-wy",1.26680924327782
