"JS_KEY","NAME_REGIONALITY"
"us-ak",134.39105515806
"us-al",115.990774838115
"us-ar",143.322661162757
"us-az",104.418479885658
"us-ca",87.5147955143429
"us-co",112.759822392047
"us-ct",71.3400473068981
"us-dc",98.855459057072
"us-de",100.39375039375
"us-fl",101.044729955057
"us-ga",104.352104278176
"us-hi",112.392398322807
"us-ia",118.70992411041
"us-id",169.486027280704
"us-il",80.6910068707822
"us-in",109.544923351894
"us-ks",107.138458914752
"us-ky",130.444722501579
"us-la",84.298412665909
"us-ma",93.4003178775469
"us-md",85.5750579298382
"us-me",110.577019452433
"us-mi",86.6851255494147
"us-mn",106.040766169758
"us-mo",109.30842518349
"us-ms",103.735087916419
"us-mt",113.421947009733
"us-nc",112.085223494652
"us-nd",113.467534609014
"us-ne",114.883570038209
"us-nh",86.1626775286569
"us-nj",81.226596832598
"us-nm",119.660542792825
"us-nv",101.499228069375
"us-ny",88.1953138066272
"us-oh",93.081293025192
"us-ok",109.153744805919
"us-or",121.189377976082
"us-pa",96.8688107640272
"us-ri",124.447481452558
"us-sc",107.788825757576
"us-sd",132.860879805738
"us-tn",126.569741194247
"us-tx",104.648151784951
"us-ut",125.729554997848
"us-va",97.2378898939688
"us-vt",123.818958818959
"us-wa",115.045811262027
"us-wi",83.9676469924048
"us-wv",120.505069410179
"us-wy",106.510932317384
