"JS_KEY","NAME_REGIONALITY"
"us-al",4.04333972887794
"us-ar",1.78065517495408
"us-ca",1.25104701179207
"us-ga",4.65557585209931
"us-il",0.480304916347856
"us-in",1.54323959100111
"us-ks",1.82116528354829
"us-ky",2.75680075473553
"us-la",2.62250196904018
"us-mo",0.87347300738107
"us-ms",2.11023258014295
"us-nc",3.46733506772068
"us-oh",0.967213296972229
"us-pa",0.586887448084287
"us-sc",4.13226190901168
"us-tn",3.46335975555409
"us-tx",1.49448202649942
"us-va",1.71916589108391
