"JS_KEY","NAME_REGIONALITY"
"us-al",382.500499795322
"us-ar",219.258921326217
"us-fl",263.981582588608
"us-ga",282.953278037447
"us-in",109.719452011701
"us-ky",371.49541567439
"us-la",235.528942115768
"us-mo",170.301054235539
"us-ms",514.171722312403
"us-nc",235.250663879005
"us-ny",37.1266109312161
"us-oh",95.7223522099517
"us-sc",610.049644911832
"us-tn",385.951978137169
"us-tx",246.801412401995
"us-va",193.83664621037
