"JS_KEY","NAME_REGIONALITY"
"us-al",506.426194767662
"us-ar",250.316518055077
"us-ca",87.7519749342984
"us-fl",265.727682957681
"us-ga",215.60245820486
"us-il",65.794785220962
"us-ky",341.379412735962
"us-mo",110.192062313514
"us-ms",192.556001938378
"us-nc",263.001870293937
"us-ny",34.2184899245894
"us-oh",91.7235998828899
"us-pa",101.862467529852
"us-sc",335.199428049803
"us-tn",224.939821484237
"us-tx",272.732701234192
"us-va",165.580701925897
