"JS_KEY","NAME_REGIONALITY"
"us-al",3.75573608644346
"us-ar",4.89363061276422
"us-ga",3.49602534242613
"us-il",0.756734688767142
"us-ky",2.33713342053269
"us-mi",0.710021927770936
"us-ms",2.34646329446695
"us-nc",3.09148112272183
"us-ny",0.48321577399891
"us-oh",1.12430697046272
"us-sc",4.28176005788932
"us-tn",2.28549018595692
"us-tx",3.96192361761686
"us-va",1.41154754675937
"us-wv",2.65217847834843
