"JS_KEY","NAME_REGIONALITY"
"us-al",4.1002682674538
"us-ar",2.44825298277212
"us-ca",0.554039960101132
"us-fl",3.52485220649296
"us-ga",2.91493573897057
"us-ky",4.25065073941955
"us-la",4.59898693568764
"us-md",1.83474407539762
"us-mi",0.680937946642611
"us-ms",1.95112761394311
"us-nc",2.15281044130661
"us-nj",0.922268632132523
"us-ny",0.507570996262463
"us-oh",1.11136049208322
"us-pa",0.322281418882121
"us-sc",3.15065269539715
"us-tn",2.3874255397553
"us-tx",1.83391633854774
"us-va",1.92280288407632
