"JS_KEY","NAME_REGIONALITY"
"us-al",521.869827753076
"us-ar",340.670011543999
"us-ca",46.5601544189979
"us-fl",168.167815334355
"us-ga",302.456950536282
"us-il",62.611398463231
"us-in",125.481768666844
"us-ky",240.28941355674
"us-la",342.468846258359
"us-mi",55.9587597014541
"us-ms",441.082224942082
"us-nc",350.445461908461
"us-ny",38.4967982476024
"us-oh",74.3824358432003
"us-pa",48.0132054110276
"us-sc",268.524460764967
"us-tn",150.061611488025
"us-tx",249.132278999712
"us-va",156.548830402671
