"JS_KEY","NAME_REGIONALITY"
"us-al",3.26235155380604
"us-ar",2.60227291869144
"us-az",1.54619014819042
"us-ca",0.915240528163726
"us-co",0.828685655653325
"us-ct",1.03225293340668
"us-dc",1.03236325219832
"us-fl",1.47116598145317
"us-ga",1.42372480716122
"us-hi",3.40374311163484
"us-il",0.366254552339533
"us-in",1.24482254520872
"us-ky",1.2263566866928
"us-la",2.11336479818939
"us-ma",0.4439324875145
"us-md",1.6250741218772
"us-me",1.50183814533888
"us-mi",0.740919840157579
"us-mo",0.666792500229148
"us-ms",1.94718041425821
"us-nc",3.37908947207569
"us-nj",0.797755585904381
"us-ny",0.993067767033363
"us-oh",0.681913497815837
"us-pa",0.679102654702688
"us-sc",2.54435432930982
"us-tn",1.0340485402435
"us-tx",1.76606331899777
"us-va",1.80422542973845
"us-wa",0.551397524420604
"us-wi",0.342466761354423
"us-wv",0.910102030414516
