"JS_KEY","NAME_REGIONALITY"
"us-al",230.932620856642
"us-ar",140.89083829165
"us-az",146.96895975677
"us-ca",112.332976026831
"us-co",108.029892194443
"us-ct",113.652367278258
"us-dc",138.092526142824
"us-fl",115.334360101087
"us-ga",186.067491241759
"us-ia",54.9797972532017
"us-il",76.421291151273
"us-in",88.7912976900741
"us-ks",68.1020171111895
"us-ky",98.6185629153199
"us-la",230.406372321266
"us-ma",61.2479524875964
"us-md",93.9532997552906
"us-mi",70.6172365865105
"us-mn",33.4667341838318
"us-mo",62.4027875356869
"us-ms",294.58602796452
"us-nc",349.189796549613
"us-nj",82.7564664148559
"us-nm",155.892730326566
"us-ny",64.7914961722347
"us-oh",85.6112135126728
"us-ok",110.076949752826
"us-or",75.8367752343526
"us-pa",55.1948072173327
"us-sc",189.504918503183
"us-tn",214.806225515258
"us-tx",146.524479071626
"us-va",117.143470447687
"us-wa",92.7090734066339
"us-wi",20.001650967112
"us-wv",51.3502727892735
