"JS_KEY","NAME_REGIONALITY"
"us-ak",124.95882654882
"us-al",205.275564359181
"us-ar",211.994885021284
"us-az",89.5124450197587
"us-ca",67.1354257380542
"us-co",86.240624930949
"us-ct",64.74033803061
"us-dc",55.676764979643
"us-de",77.8596188776857
"us-fl",95.0820218451512
"us-ga",177.185631847013
"us-hi",49.0922893289021
"us-ia",121.081118898073
"us-id",104.782416450212
"us-il",98.0700801546812
"us-in",156.950138064351
"us-ks",132.726898499589
"us-ky",116.942942197633
"us-la",119.189534415695
"us-ma",60.2000756609215
"us-md",75.7655664466685
"us-me",95.338858935377
"us-mi",90.1354120001826
"us-mn",66.3364395202746
"us-mo",105.55744740126
"us-ms",173.817529089557
"us-mt",82.4500686030739
"us-nc",139.049860194785
"us-nd",66.8333594660445
"us-ne",104.590870913308
"us-nh",96.9430338876687
"us-nj",47.9268689696476
"us-nm",91.6973747553242
"us-nv",85.1809163733167
"us-ny",49.083928974632
"us-oh",119.189610832028
"us-ok",144.743814963548
"us-or",95.3041500072775
"us-pa",67.3543226220032
"us-ri",53.9050198493631
"us-sc",155.638000415326
"us-sd",78.6011752751239
"us-tn",179.897533493747
"us-tx",129.872567828066
"us-ut",120.743587819056
"us-va",92.6617648261079
"us-vt",91.4990755842454
"us-wa",87.828933028153
"us-wi",69.2109575600111
"us-wv",105.853309001372
"us-wy",142.69721761489
