"JS_KEY","NAME_REGIONALITY"
"us-ak",0.904853757233922
"us-al",1.25756609362469
"us-ar",1.4859641607356
"us-az",0.768427381546598
"us-ca",0.628531093669943
"us-co",0.989273459721027
"us-ct",0.576959945593213
"us-dc",0.272465224170836
"us-de",0.912210065730699
"us-fl",0.981219855588199
"us-ga",1.22285959793102
"us-hi",0.452013439086104
"us-ia",1.24597334732284
"us-id",1.28062579675779
"us-il",0.887100957296753
"us-in",1.35327996385707
"us-ks",1.19859910419893
"us-ky",1.61351494557295
"us-la",1.05298774535366
"us-ma",0.700922375298684
"us-md",0.778087173775653
"us-me",1.53519573013541
"us-mi",1.08645863423898
"us-mn",1.01117200378582
"us-mo",1.26867909034443
"us-ms",1.16189648497029
"us-mt",1.16038666796833
"us-nc",1.14340699298523
"us-nd",1.53394214543744
"us-ne",1.1783952430053
"us-nh",1.09289301414234
"us-nj",0.539282045609997
"us-nm",1.29625619027691
"us-nv",1.06440521387604
"us-ny",0.668701547859974
"us-oh",1.1667092207537
"us-ok",1.40052401641418
"us-or",0.897868741264017
"us-pa",0.949657796076747
"us-ri",0.843526701416
"us-sc",1.1308323629336
"us-sd",1.25431744786512
"us-tn",1.43199594860116
"us-tx",1.17616448599905
"us-ut",0.896976412206646
"us-va",1.02523298408958
"us-vt",1.37046228874267
"us-wa",0.891531111392528
"us-wi",1.16929279736643
"us-wv",1.68712538428906
"us-wy",1.2873159402101
