"JS_KEY","NAME_REGIONALITY"
"us-al",5.28532509324947
"us-ma",3.9528634722678
"us-ny",3.40912039312039
"us-sc",12.7313367099758
