"JS_KEY","NAME_REGIONALITY"
"us-ar",2.23629846983989
"us-ct",1.62184640579922
"us-ga",1.54015619878612
"us-il",0.800010990226448
"us-in",1.62308445649067
"us-ky",1.28213675031394
"us-la",3.05365072073233
"us-ma",1.76211264618711
"us-mo",1.45961404982048
"us-nc",1.74980712987684
"us-nj",2.07479679253083
"us-ny",2.18192851899883
"us-oh",0.823044203676207
"us-pa",0.623168095077413
"us-sc",5.43949582582551
"us-va",2.16613121015868
