"JS_KEY","NAME_REGIONALITY"
"us-al",1.29195857129433
"us-ca",1.13568295010952
"us-ct",2.08158630695797
"us-fl",4.78645014053998
"us-ga",0.854827946381942
"us-il",0.584156709830006
"us-ky",1.49563971934659
"us-la",1.63161718556337
"us-ma",1.29913158507159
"us-mi",0.746790867778321
"us-mo",1.13677793001354
"us-nc",0.769611830910231
"us-nj",2.31640771246724
"us-ny",2.38014733764557
"us-ok",1.69118752477142
"us-pa",0.978118311606187
"us-sc",4.67770103993014
"us-tx",0.685150138644035
"us-va",1.93361389303218
