"JS_KEY","NAME_REGIONALITY"
"us-al",0.912689640680815
"us-ar",1.40782432541933
"us-ca",0.956452518579686
"us-ct",4.14194022988506
"us-fl",1.93581727019499
"us-ga",1.53615915119363
"us-il",0.816941360866754
"us-ky",0.804014993752603
"us-ma",1.55913490876458
"us-mo",0.993405921993057
"us-nc",2.06656030925919
"us-nj",2.41994010724981
"us-ny",2.14088943107464
"us-oh",0.546307994654508
"us-ok",1.13429261604753
"us-pa",1.2226572836031
"us-sc",3.24868362004488
"us-tx",0.878526515390936
"us-va",1.86716389038152
