"JS_KEY","NAME_REGIONALITY"
"us-al",1.30413681584888
"us-ca",1.48410889667551
"us-co",2.53448418906746
"us-ga",0.873960065195677
"us-il",0.570012514201657
"us-la",1.43617408883091
"us-ma",3.63523372764955
"us-md",1.92705861148928
"us-mo",1.06688084445205
"us-nc",1.79111934750971
"us-nj",1.93344936708861
"us-ny",2.67618677534634
"us-pa",0.951495583043953
"us-sc",2.83289284555107
"us-tn",1.45726764658843
"us-tx",1.02947354738491
"us-va",1.63810325115178
