"JS_KEY","NAME_REGIONALITY"
"us-ca",140.805691889989
"us-ct",308.940892806758
"us-ga",157.251334195288
"us-il",79.9798994658484
"us-ma",184.228082329252
"us-mi",98.2861131237875
"us-mo",80.3694399442606
"us-nc",178.120860385835
"us-nj",127.269098278085
"us-ny",384.345846006191
"us-oh",58.5369074940691
"us-pa",95.5210950427384
"us-sc",293.376380146342
"us-tx",66.306574153267
"us-va",221.407222988069
