"JS_KEY","NAME_REGIONALITY"
"us-al",95.2409056376961
"us-ca",162.152212460633
"us-co",145.44479885381
"us-ct",271.296156141454
"us-dc",315.941507342894
"us-fl",114.62522261536
"us-ga",87.0531917118675
"us-hi",439.053452964204
"us-ia",52.9678533371342
"us-il",70.8019164814359
"us-in",60.7135172851407
"us-la",102.552122473954
"us-ma",233.430063156253
"us-md",122.738051940392
"us-mi",90.1557927918342
"us-mn",77.3250278286529
"us-mo",71.4011972262321
"us-nj",246.786365012013
"us-ny",254.660620538581
"us-oh",58.0829567521939
"us-pa",113.187456941876
"us-sc",167.656205342842
"us-tn",63.5212359519532
"us-tx",35.7824480998252
"us-va",90.4421830710468
"us-wa",129.044168669647
"us-wv",60.2998552191609
