"JS_KEY","NAME_REGIONALITY"
"us-ak",1.21686542847833
"us-al",0.637075703928511
"us-ar",0.366944845973467
"us-az",1.11061678463094
"us-ca",1.5161515515583
"us-co",1.34798451807798
"us-ct",1.45792874048487
"us-dc",1.68644389403091
"us-de",1.11435760084409
"us-fl",0.861759606732943
"us-ga",0.653226286054118
"us-hi",1.68117812525854
"us-ia",0.648568855822742
"us-id",0.53603834422658
"us-il",0.803485713716228
"us-in",0.855948981053235
"us-ks",1.0305975308642
"us-ky",0.61008034307267
"us-la",0.839847476953661
"us-ma",1.43410731258944
"us-md",1.09296861514718
"us-me",1.35007447683927
"us-mi",1.06583545884068
"us-mn",0.501498055395477
"us-mo",0.969808068279762
"us-ms",0.361858236736461
"us-mt",0.587693953986089
"us-nc",0.765812246237132
"us-nd",0.462020319679027
"us-ne",0.432371031118422
"us-nh",0.844731092583853
"us-nj",1.25472885521303
"us-nm",0.825937721160651
"us-nv",0.96135836506061
"us-ny",1.57830610644552
"us-oh",1.12895637587146
"us-ok",0.913933872091693
"us-or",0.837086982355525
"us-pa",0.903734933909786
"us-ri",0.958085095593083
"us-sc",0.520309149837946
"us-sd",0.218689648306953
"us-tn",0.583789529630614
"us-tx",0.634906498538872
"us-ut",0.742395056364207
"us-va",0.944093209817591
"us-vt",2.22392098765432
"us-wa",0.953632788087673
"us-wi",0.618337907254943
"us-wv",0.537993705579524
"us-wy",0.546060154113845
