"JS_KEY","NAME_REGIONALITY"
"us-ak",1.13051024075042
"us-al",0.958865585757087
"us-ar",0.636053570791237
"us-az",0.778883475882171
"us-ca",1.16102159462136
"us-co",1.11612523437586
"us-ct",1.43886916802796
"us-dc",1.6558838409886
"us-de",1.22267356242581
"us-fl",0.867042908036915
"us-ga",0.928569831233984
"us-hi",0.906093698361182
"us-ia",0.781042770125017
"us-id",0.648687897927838
"us-il",0.84701212648766
"us-in",1.07183670400082
"us-ks",0.962444240197584
"us-ky",0.713937830182043
"us-la",0.794193323458475
"us-ma",1.32623894333813
"us-md",0.953531615666868
"us-me",1.05573463141652
"us-mi",1.04935744970795
"us-mn",0.74323059961541
"us-mo",0.989688347039653
"us-ms",0.426232844313694
"us-mt",0.662273085398882
"us-nc",1.01392059623531
"us-nd",0.250483934008049
"us-ne",0.693513980752083
"us-nh",0.981565346478872
"us-nj",1.21990210732185
"us-nm",0.907773961313863
"us-nv",1.07159288925708
"us-ny",1.32979730003745
"us-oh",1.05562992000911
"us-ok",0.883892240258419
"us-or",0.781487915588668
"us-pa",0.970651064958941
"us-ri",1.03788232784524
"us-sc",0.812374394502362
"us-sd",0.460246908861132
"us-tn",0.853797733109829
"us-tx",0.701501036702895
"us-ut",0.606589192379023
"us-va",1.06388202534497
"us-vt",1.3462428943883
"us-wa",0.953255030915405
"us-wi",0.840946595833135
"us-wv",0.610799235945045
"us-wy",0.454912957115838
