"JS_KEY","NAME_REGIONALITY"
"us-ak",80.2059416172483
"us-al",96.7954828987432
"us-ar",61.9367697966505
"us-az",91.9775319055449
"us-ca",105.558507183199
"us-co",112.324928994293
"us-ct",159.185530348867
"us-dc",123.497862743689
"us-de",111.140517896461
"us-fl",89.7842839421449
"us-ga",95.5163357628394
"us-hi",109.274392047408
"us-ia",72.5370055427973
"us-id",62.6370210725177
"us-il",83.4058502899656
"us-in",93.8793201367041
"us-ks",91.1567838685365
"us-ky",75.5624781043794
"us-la",90.4124553390678
"us-ma",147.789836124798
"us-md",88.9740919246486
"us-me",97.3099423818051
"us-mi",100.935091158048
"us-mn",82.9055057897732
"us-mo",92.6009122397887
"us-ms",62.4283684578446
"us-mt",59.9576282203387
"us-nc",92.6701539340324
"us-nd",42.9811036873806
"us-ne",80.6886010235849
"us-nh",116.377597617615
"us-nj",112.009016850365
"us-nm",100.69482699656
"us-nv",100.431556593186
"us-ny",136.177834280293
"us-oh",105.796990787767
"us-ok",83.4314350694425
"us-or",95.2149454536095
"us-pa",95.1890480909678
"us-ri",156.699599385776
"us-sc",83.9326476333969
"us-sd",38.9741596911639
"us-tn",85.1987245636919
"us-tx",73.9474092013054
"us-ut",60.6037388455399
"us-va",99.2768225176203
"us-vt",140.996745575449
"us-wa",86.6338831284176
"us-wi",91.186596196928
"us-wv",56.1492160152909
"us-wy",69.7756155968518
