"JS_KEY","NAME_REGIONALITY"
"us-ak",87.3435585332669
"us-al",128.763009329191
"us-ar",99.788522138452
"us-az",101.199406334265
"us-ca",88.9678057202468
"us-co",96.2621238995705
"us-ct",108.393833669259
"us-dc",98.6067813203913
"us-de",82.3375016714157
"us-fl",106.373582193466
"us-ga",117.072698068686
"us-hi",94.8781313584882
"us-ia",93.7599075827975
"us-id",76.6425584901685
"us-il",87.6821560839345
"us-in",96.6123477712335
"us-ks",111.046161270285
"us-ky",110.310979549207
"us-la",102.941306454421
"us-ma",109.576681059536
"us-md",91.8017942164258
"us-me",119.658737571579
"us-mi",87.6868695236839
"us-mn",91.3135648207848
"us-mo",104.376297130276
"us-ms",108.4772841667
"us-mt",65.6681829026371
"us-nc",118.250068101207
"us-nd",79.750709016016
"us-ne",87.8160706223702
"us-nh",119.17517662662
"us-nj",102.458348094107
"us-nm",102.947542445365
"us-nv",96.6412474870116
"us-ny",105.662533034592
"us-oh",95.5513035580042
"us-ok",122.658846258589
"us-or",93.7278831133841
"us-pa",91.437927598152
"us-ri",113.357253970484
"us-sc",106.588443474587
"us-sd",79.0697791643674
"us-tn",116.496299424054
"us-tx",99.157627217417
"us-ut",79.3238943424069
"us-va",123.190354652284
"us-vt",131.804118916964
"us-wa",92.6274164093035
"us-wi",86.4327530087993
"us-wv",93.9191923951435
"us-wy",84.5783558554555
