"JS_KEY","NAME_REGIONALITY"
"us-ak",98.372961767152
"us-al",121.218933959179
"us-ar",109.322744166581
"us-az",101.420059191332
"us-ca",99.6197802273196
"us-co",96.1922397741285
"us-ct",111.51328806519
"us-dc",105.849493058595
"us-de",94.5500578666803
"us-fl",111.725311794034
"us-ga",123.579125604807
"us-hi",123.567146898169
"us-ia",81.929847837233
"us-id",85.6859380964746
"us-il",87.8678703269382
"us-in",88.7662185766073
"us-ks",100.9814775257
"us-ky",108.660765824502
"us-la",116.035274489813
"us-ma",98.6086226057027
"us-md",101.457495746273
"us-me",98.1276531608429
"us-mi",88.3898820010942
"us-mn",77.1970739621447
"us-mo",91.3707967105502
"us-ms",124.785701973123
"us-mt",99.1500122190224
"us-nc",118.898320965515
"us-nd",97.0380632013112
"us-ne",87.0239382839901
"us-nh",102.901712048786
"us-nj",103.891721704067
"us-nm",100.350228550718
"us-nv",115.777927969277
"us-ny",97.9842537975964
"us-oh",88.7881709368543
"us-ok",112.302712724327
"us-or",103.314998237777
"us-pa",80.86098083933
"us-ri",100.380853250439
"us-sc",117.31076481978
"us-sd",85.9383645326442
"us-tn",109.205821438911
"us-tx",114.507913282483
"us-ut",87.6547892962965
"us-va",121.989091572812
"us-vt",114.276544067055
"us-wa",96.2250768135892
"us-wi",71.334837060684
"us-wv",93.2476025687083
"us-wy",99.7729196433288
