"JS_KEY","NAME_REGIONALITY"
"us-ak",104.037388792275
"us-al",117.443770367005
"us-ar",111.783207206993
"us-az",107.187235346746
"us-ca",101.140409138818
"us-co",104.691260019079
"us-ct",108.330098430155
"us-dc",95.572943680737
"us-de",97.8795007422046
"us-fl",116.845912464602
"us-ga",126.954953229719
"us-hi",117.724487594334
"us-ia",72.1767365419688
"us-id",79.6262099552652
"us-il",85.1623060648306
"us-in",86.4737960971411
"us-ks",103.905385580104
"us-ky",109.406329245808
"us-la",114.917562616105
"us-ma",101.782142442224
"us-md",96.0190804744277
"us-me",101.441598169738
"us-mi",84.9315449602539
"us-mn",74.7021206568912
"us-mo",94.9048545277304
"us-ms",135.132112229759
"us-mt",92.595936827907
"us-nc",115.756202400897
"us-nd",96.5301324569751
"us-ne",82.070934341748
"us-nh",114.777052123276
"us-nj",97.5849078304688
"us-nm",105.257036146761
"us-nv",119.081225236858
"us-ny",96.9456654995561
"us-oh",84.3488660391993
"us-ok",116.972914382885
"us-or",101.445787157226
"us-pa",82.863823384219
"us-ri",98.6019869543811
"us-sc",119.874503025727
"us-sd",89.0827901184344
"us-tn",106.281644556647
"us-tx",115.035591966639
"us-ut",90.1432874755811
"us-va",114.001905286689
"us-vt",121.9418280147
"us-wa",94.6525627690612
"us-wi",73.6046832271876
"us-wv",102.853102406952
"us-wy",108.244504633275
