"JS_KEY","NAME_REGIONALITY"
"us-ak",98.2060397250626
"us-al",115.979719007446
"us-ar",109.045116988838
"us-az",104.021969194528
"us-ca",99.2810627402718
"us-co",104.402868042082
"us-ct",97.4253870299551
"us-dc",104.772393036153
"us-de",96.988822183157
"us-fl",117.191469083391
"us-ga",126.029764583301
"us-hi",110.847163814809
"us-ia",68.2459981013928
"us-id",85.7848413942548
"us-il",80.4708748073571
"us-in",88.1879207464418
"us-ks",90.3409725874157
"us-ky",109.36364332164
"us-la",126.141663350973
"us-ma",99.9505487116904
"us-md",102.995549326804
"us-me",94.7186873928153
"us-mi",83.4302375148797
"us-mn",71.9451308026808
"us-mo",100.061192306077
"us-ms",130.827315998857
"us-mt",79.2487892871391
"us-nc",123.36495364185
"us-nd",101.808512119866
"us-ne",76.301755063738
"us-nh",99.0796142775726
"us-nj",101.624944181063
"us-nm",100.590792661154
"us-nv",109.54602600138
"us-ny",102.066999106225
"us-oh",86.680212580109
"us-ok",118.772966864081
"us-or",94.8681173305794
"us-pa",84.2403260233394
"us-ri",102.893499322019
"us-sc",124.553520095498
"us-sd",85.3053847288529
"us-tn",115.06891291402
"us-tx",112.053844444385
"us-ut",88.9933769729077
"us-va",110.71836716616
"us-vt",91.527356955052
"us-wa",92.9013686164346
"us-wi",68.3758314877269
"us-wv",103.106687774931
"us-wy",110.273924042231
