"JS_KEY","NAME_REGIONALITY"
"us-ak",96.9864794345083
"us-al",127.969503594909
"us-ar",116.25484471481
"us-az",107.250755388269
"us-ca",93.0030726807839
"us-co",78.6588900902938
"us-ct",90.3491079789069
"us-dc",95.4506853807687
"us-de",157.656528459336
"us-fl",118.768962241743
"us-ga",130.110226444708
"us-hi",74.759897487656
"us-ia",90.4493314888935
"us-id",55.1924121765318
"us-il",87.8189121468732
"us-in",84.5928841870959
"us-ks",88.9983018045138
"us-ky",102.690860777957
"us-la",126.599639415209
"us-ma",85.3123693135798
"us-md",111.380462455465
"us-me",80.1620758071581
"us-mi",93.126099861032
"us-mn",62.1447180693604
"us-mo",86.3706615357277
"us-ms",132.893199752159
"us-mt",83.311578438482
"us-nc",110.933636120759
"us-nd",80.7513144596237
"us-ne",56.4452665691588
"us-nh",55.0614471306891
"us-nj",109.894890975222
"us-nm",125.720796467131
"us-nv",114.211788697639
"us-ny",97.5523648898798
"us-oh",84.5247139924252
"us-ok",118.145324204113
"us-or",63.4497144670051
"us-pa",89.3300515654179
"us-ri",80.3987828836684
"us-sc",112.294168626965
"us-sd",85.0425492332634
"us-tn",112.58112382664
"us-tx",119.475205295588
"us-ut",64.5815275554988
"us-va",115.748139613277
"us-vt",108.722402299554
"us-wa",69.6338568363514
"us-wi",49.9744586519309
"us-wv",105.787964505754
"us-wy",110.671200076621
