"JS_KEY","NAME_REGIONALITY"
"us-ak",1.05397161000936
"us-al",1.19977763232939
"us-ar",1.27275455026552
"us-az",0.973533753763807
"us-ca",0.980309098161312
"us-co",0.713252216266704
"us-ct",1.29959319902519
"us-dc",0.89725061408623
"us-de",1.21193117946813
"us-fl",1.21515902421641
"us-ga",1.16344834778201
"us-hi",0.727158707680877
"us-ia",0.450436846534613
"us-id",0.568192844823329
"us-il",0.835554770346614
"us-in",0.858406257688539
"us-ks",0.716811785358145
"us-ky",0.986858246138333
"us-la",1.30043375568452
"us-ma",0.779761678023749
"us-md",1.15495526489338
"us-me",0.587250458832428
"us-mi",0.776504691118513
"us-mn",0.498019689551581
"us-mo",0.840050246178503
"us-ms",1.49404162579922
"us-mt",0.58688304457247
"us-nc",1.11490977379642
"us-nd",0.683983659412325
"us-ne",0.526766592939371
"us-nh",0.944330268028522
"us-nj",1.16441749648967
"us-nm",1.42400453429458
"us-nv",1.17384769134802
"us-ny",1.05231340171671
"us-oh",0.873498600977303
"us-ok",1.01211756498452
"us-or",0.58899855322151
"us-pa",0.876449544887565
"us-ri",1.32215578080551
"us-sc",1.20199222566419
"us-sd",1.25349852949888
"us-tn",1.13268952542598
"us-tx",1.1869112896416
"us-ut",0.601426706424027
"us-va",1.0645095475546
"us-vt",1.0376490408278
"us-wa",0.62763881155667
"us-wi",0.730048558481397
"us-wv",1.26457648235096
"us-wy",1.11010027563116
