"JS_KEY","NAME_REGIONALITY"
"us-ak",0.90928607016207
"us-al",1.23066741301897
"us-ar",1.16337186070078
"us-az",0.995675471028236
"us-ca",0.948399012301115
"us-co",0.881088740631442
"us-ct",1.04902853284535
"us-dc",1.08396223969682
"us-de",1.37600556086245
"us-fl",1.25582130818495
"us-ga",1.26167530051281
"us-hi",0.677418122270742
"us-ia",0.637232301458071
"us-id",0.478740722452821
"us-il",0.817182917407237
"us-in",0.863743217408099
"us-ks",0.755484894725735
"us-ky",0.887587415519969
"us-la",1.31688723601963
"us-ma",0.880197889134682
"us-md",0.965306628550094
"us-me",0.904564258225027
"us-mi",0.957341255500769
"us-mn",0.566383380404035
"us-mo",0.90202488967007
"us-ms",1.49285717936642
"us-mt",1.0137419083277
"us-nc",1.03577580599188
"us-nd",0.546958412120516
"us-ne",0.839180071241481
"us-nh",0.775669605653522
"us-nj",1.05183659381809
"us-nm",1.22214609688021
"us-nv",1.24649142063793
"us-ny",0.992195429643122
"us-oh",0.746061253433825
"us-ok",0.936283045882265
"us-or",0.714464425832424
"us-pa",0.941256161016511
"us-ri",1.14966522056392
"us-sc",1.30477025118801
"us-sd",0.587734232047238
"us-tn",1.17952202374854
"us-tx",1.1966284496597
"us-ut",0.593116497435275
"us-va",1.11067984119098
"us-vt",0.938376026892189
"us-wa",0.650634712736726
"us-wi",0.656460691736434
"us-wv",1.19936323287279
"us-wy",0.785665347994418
