"JS_KEY","NAME_REGIONALITY"
"us-ak",58.7124826078314
"us-al",257.793857726308
"us-ar",254.782128241754
"us-az",69.1976079603619
"us-ca",50.721687102573
"us-co",36.3002928626946
"us-ct",20.6804357092315
"us-dc",105.386260202631
"us-de",63.3125338989252
"us-fl",156.950558481686
"us-ga",234.88371044721
"us-hi",56.4309951102116
"us-ia",38.7081240821674
"us-id",77.98245191878
"us-il",63.7867303518232
"us-in",125.845932393938
"us-ks",99.1881555951603
"us-ky",228.385796720574
"us-la",202.181698422634
"us-ma",35.9797943557741
"us-md",99.4185699641731
"us-me",121.118151267572
"us-mi",69.4705600578358
"us-mn",35.6163803401011
"us-mo",136.23450185544
"us-ms",181.313660386131
"us-mt",34.6784146658233
"us-nc",235.413165498821
"us-nd",92.2660032563087
"us-ne",29.8822295277459
"us-nh",91.1138970603204
"us-nj",33.4390548086981
"us-nm",66.7525941739633
"us-nv",54.616262891006
"us-ny",33.4389111968744
"us-oh",93.9143358661064
"us-ok",158.877437122803
"us-or",43.7996075187726
"us-pa",47.3588500384154
"us-ri",28.3645886914604
"us-sc",207.310496439695
"us-sd",33.7826768665663
"us-tn",264.31086149865
"us-tx",160.918536914794
"us-ut",56.2943829754758
"us-va",214.686502138257
"us-vt",115.289030060524
"us-wa",32.2622126653134
"us-wi",26.4012193310767
"us-wv",214.150114932593
"us-wy",38.9489389676208
