"JS_KEY","NAME_REGIONALITY"
"us-ak",125.962032250079
"us-al",73.5842265547923
"us-ar",63.3509745414384
"us-az",135.278447546929
"us-ca",101.542601612758
"us-co",145.552904743541
"us-ct",79.1442087365879
"us-dc",50.941065918684
"us-de",65.2101216979273
"us-fl",86.8798429242223
"us-ga",68.8551222228221
"us-hi",111.686602710498
"us-ia",186.32535780148
"us-id",157.026525189347
"us-il",85.5551130337484
"us-in",76.9373574498905
"us-ks",111.912989809205
"us-ky",83.2302665903836
"us-la",64.0384460951065
"us-ma",91.7707720093304
"us-md",74.6656368433656
"us-me",64.7373719531046
"us-mi",89.2481511189719
"us-mn",171.136494406851
"us-mo",71.417086130849
"us-ms",110.646429228058
"us-mt",202.284654824463
"us-nc",61.9633938235936
"us-nd",216.063925072429
"us-ne",196.174151622049
"us-nh",72.4751576456455
"us-nj",79.8427655659891
"us-nm",185.863679758431
"us-nv",131.266441244327
"us-ny",85.7273066500713
"us-oh",74.3190188377971
"us-ok",84.6840386629913
"us-or",134.264181668001
"us-pa",104.380609679962
"us-ri",88.6576405186777
"us-sc",79.4094892697507
"us-sd",179.792216834054
"us-tn",80.1245158684433
"us-tx",148.641453190605
"us-ut",141.133172352856
"us-va",60.7188761982201
"us-vt",74.775477964544
"us-wa",130.915736746665
"us-wi",209.258603845429
"us-wv",75.9403778438136
"us-wy",162.431635036529
