"JS_KEY","NAME_REGIONALITY"
"us-ak",0.808786825745328
"us-al",0.619357993997857
"us-ar",0.81984127261301
"us-az",1.34605757654896
"us-ca",2.14306921985526
"us-co",1.36511744854042
"us-ct",0.445848542094505
"us-dc",0.566225874291529
"us-fl",0.717673984687732
"us-ga",0.651614321942894
"us-hi",0.755803269526175
"us-ia",1.23754737214419
"us-id",1.93232836892748
"us-il",0.83452257816247
"us-in",0.495640053018338
"us-ks",0.841771606566915
"us-ky",0.599631530591915
"us-la",0.302128732839114
"us-ma",0.485542556818369
"us-md",0.506439300781094
"us-me",0.405900736562817
"us-mi",0.677196008957675
"us-mn",0.812125804517215
"us-mo",0.603646764434821
"us-ms",0.815056491061183
"us-mt",0.719840959998399
"us-nc",0.576361375821836
"us-nd",0.909169238333175
"us-ne",1.07762019192786
"us-nh",0.816001694842075
"us-nj",0.489200325696945
"us-nm",2.06720429359992
"us-nv",0.776141248415244
"us-ny",0.77203760534818
"us-oh",0.514725567081105
"us-ok",0.78171988578196
"us-or",0.990750478279282
"us-pa",0.703666567316017
"us-ri",0.48291516203039
"us-sc",0.593696511385991
"us-sd",0.985974562024215
"us-tn",0.618693202514688
"us-tx",2.40990918341652
"us-ut",0.899326710380982
"us-va",0.47285965023147
"us-wa",1.23737146020764
"us-wi",1.01364168344945
"us-wv",0.572426720849791
"us-wy",0.818118146782905
