"JS_KEY","NAME_REGIONALITY"
"us-al",0.266794812184111
"us-ar",0.272629071144401
"us-az",1.64799838330198
"us-ca",3.35431164080233
"us-co",0.95536949202858
"us-ct",0.28774473606021
"us-dc",0.907974370680657
"us-fl",0.491131591413628
"us-ga",0.492532094726228
"us-ia",0.413699905259948
"us-id",1.1491998950369
"us-il",0.985834718758407
"us-in",0.297213909998389
"us-ks",0.598179600725087
"us-ky",0.371855063843074
"us-ma",0.390794358679754
"us-md",0.348480260835659
"us-mi",0.354198750658409
"us-mn",0.237317630946523
"us-mo",0.314117834860805
"us-ms",0.249158769815616
"us-nc",0.286437914544396
"us-ne",0.434216992872823
"us-nj",0.535290010195664
"us-nm",1.66500268218318
"us-nv",2.24918983694131
"us-ny",0.646746416973103
"us-oh",0.294695681039344
"us-ok",0.599968009899045
"us-or",0.809118249355281
"us-pa",0.243537539739043
"us-sc",0.310812981993826
"us-tn",0.285104726125614
"us-tx",2.27158055634951
"us-ut",0.394499209330217
"us-va",0.321208137584878
"us-wa",1.05551187281815
"us-wi",0.287668864448694
