"JS_KEY","NAME_REGIONALITY"
"us-ak",1.21652982322975
"us-al",0.256093783339726
"us-ar",0.762417413986786
"us-az",1.63324578918153
"us-ca",2.92112779763987
"us-co",0.822030835371807
"us-ct",0.302405939682767
"us-de",0.920584382683332
"us-fl",0.65411584571217
"us-ga",0.766167656228151
"us-ia",0.71808445595884
"us-id",0.742438597559406
"us-il",1.08582078763211
"us-in",0.550621360134005
"us-ks",0.352422189248619
"us-ky",0.197987163711968
"us-la",0.286553227040541
"us-ma",0.375399449073965
"us-md",0.380165569759297
"us-mi",0.354912621324265
"us-mn",0.350405761496029
"us-nc",0.895828974135301
"us-ne",0.597138114451189
"us-nj",0.530262525602356
"us-nm",1.66278792694288
"us-nv",1.88684431876611
"us-ny",0.68118033440272
"us-oh",0.278539148536146
"us-ok",0.735221368234404
"us-or",1.29195396792001
"us-pa",0.29010363139368
"us-sc",0.341642625492618
"us-tn",0.321675357130328
"us-tx",2.0374079999903
"us-ut",0.926744197890313
"us-va",0.472270825233941
"us-wa",1.19881956862085
"us-wi",0.27684880541838
"us-wv",0.397103963457501
