"JS_KEY","NAME_REGIONALITY"
"us-ca",2.44868795928383
"us-fl",2.26063706371742
"us-in",2.07377643640623
"us-ky",2.52943891343047
"us-nc",1.8892899280797
"us-nj",1.91550631923857
"us-ny",1.46632108261768
"us-pa",0.874497803155933
"us-tx",1.88752767527675
"us-va",1.1999061693643
