"JS_KEY","NAME_REGIONALITY"
"us-az",2.4243263837879
"us-ca",1.83466860223696
"us-fl",2.35631722780705
"us-il",1.79858501484734
"us-nc",1.67052150149614
"us-nj",1.18505265853735
"us-ny",0.991019766279883
"us-oh",1.88816619963653
"us-tn",1.638096966283
"us-tx",2.36703135518572
