"JS_KEY","NAME_REGIONALITY"
"us-al",69.6429985029909
"us-ar",130.137737714068
"us-ca",101.335340161688
"us-co",210.873086191231
"us-ct",75.4139913954994
"us-dc",189.274713045545
"us-fl",108.814246141743
"us-ga",43.6665689243802
"us-ia",136.470532633512
"us-id",202.993014250985
"us-il",107.38290376283
"us-in",44.27304904833
"us-ks",91.8811100844055
"us-ky",215.600950052904
"us-la",256.278416754973
"us-ma",132.377966747794
"us-md",43.5159041951182
"us-me",459.14406547343
"us-mi",143.330487045042
"us-mn",174.579926193157
"us-mo",62.8229280412914
"us-ms",57.9304388293152
"us-mt",189.262951738576
"us-nc",111.952921770377
"us-ne",81.0837225337967
"us-nh",213.56673466936
"us-nj",46.3268633410291
"us-ny",123.866986411959
"us-oh",69.7309583186654
"us-ok",76.7765119275469
"us-or",168.649428700382
"us-pa",38.7659287372004
"us-ri",75.0950132972605
"us-sc",67.7920617290575
"us-sd",330.007983350009
"us-tn",87.6718770999369
"us-tx",97.9534903092846
"us-ut",155.70424979316
"us-va",108.0316625127
"us-vt",244.879295893947
"us-wa",170.633539626269
"us-wi",54.8702412447807
"us-wv",201.68247135008
