"JS_KEY","NAME_REGIONALITY"
"us-al",41.1626229962781
"us-ar",58.3363388154609
"us-az",72.2802721651458
"us-ca",122.220181247789
"us-co",130.256016870356
"us-ct",72.2129093765482
"us-dc",168.328706359459
"us-de",109.593073376584
"us-fl",86.3940178945893
"us-ga",48.0185520786373
"us-hi",81.4422598262782
"us-ia",148.293239911184
"us-id",184.985183572242
"us-il",110.053699899231
"us-in",109.265070279237
"us-ks",159.118772224176
"us-ky",64.8337987673579
"us-la",119.664358079377
"us-ma",83.887221624911
"us-md",139.309435130602
"us-me",91.1945179138603
"us-mi",115.307006286406
"us-mn",105.524596806965
"us-mo",169.262225596772
"us-ms",42.1782981848472
"us-mt",150.8404218394
"us-nc",91.3566940047889
"us-nd",114.848495693236
"us-ne",169.280501662638
"us-nh",100.701998636559
"us-nj",64.4546885649777
"us-nm",52.4429453543393
"us-nv",153.768048287825
"us-ny",62.2256783379355
"us-oh",127.309559192825
"us-ok",115.097199699921
"us-or",156.383151149863
"us-pa",122.988806714908
"us-ri",121.945409228499
"us-sc",47.5636705209169
"us-sd",132.558599382721
"us-tn",63.6986801153215
"us-tx",95.4972082365966
"us-ut",127.251264462735
"us-va",111.964059524774
"us-vt",116.752061920195
"us-wa",131.116120807756
"us-wi",105.181571257791
"us-wv",69.5878443864542
"us-wy",120.310145521916
