"JS_KEY","NAME_REGIONALITY"
"us-ak",85.3527147138195
"us-al",275.722182832059
"us-ar",256.047195871228
"us-az",118.033310608165
"us-ca",83.5485671071209
"us-co",108.784650209112
"us-ct",60.7786763934932
"us-dc",110.890108882907
"us-de",102.355857810076
"us-fl",140.120955613053
"us-ga",221.958945449916
"us-hi",116.575629839424
"us-ia",46.9653742162712
"us-il",68.8544128757699
"us-in",63.7024211457671
"us-ks",85.5816539632348
"us-ky",120.370153552642
"us-la",155.90871611538
"us-ma",43.1528012225478
"us-md",115.973464694861
"us-me",92.7138173111571
"us-mi",67.698403686051
"us-mn",49.6670591063086
"us-mo",73.0616308937855
"us-ms",477.239170284746
"us-mt",90.2532726747588
"us-nc",181.630166295672
"us-nd",50.3496121226892
"us-ne",88.9745459778069
"us-nh",74.6456688309258
"us-nj",58.6837690746207
"us-nm",164.136326852123
"us-nv",97.8178268961053
"us-ny",58.0315182039058
"us-oh",73.6245294434401
"us-ok",114.309054063347
"us-or",70.1192786833829
"us-pa",67.1346506441476
"us-ri",56.8904578272062
"us-sc",263.289270401163
"us-sd",99.049468516454
"us-tn",159.570032624
"us-tx",137.913947229265
"us-ut",99.2937654384834
"us-va",132.976080079771
"us-vt",56.6812601587897
"us-wa",64.5799244792491
"us-wi",38.096500785501
"us-wv",113.635666562547
"us-wy",87.4627100536348
