"JS_KEY","NAME_REGIONALITY"
"us-ak",171.037876608853
"us-al",229.539297433156
"us-ar",270.391628213964
"us-az",103.745728592423
"us-ca",71.8817165809316
"us-co",56.6682492797487
"us-ct",82.0600690451643
"us-dc",127.728983397831
"us-de",141.636423566221
"us-fl",141.161620728113
"us-ga",208.546830624656
"us-hi",100.30818355548
"us-ia",41.0235881080744
"us-id",162.004056899386
"us-il",74.7088214756181
"us-in",86.4402171091027
"us-ks",40.5053537742115
"us-ky",122.319060869176
"us-la",150.901466167589
"us-ma",52.1476014329026
"us-md",111.537260810355
"us-me",84.6003058687963
"us-mi",63.371596109058
"us-mn",34.0700004979072
"us-mo",95.1026383421129
"us-ms",534.93270152326
"us-nc",165.268616702746
"us-ne",39.0590030350171
"us-nj",63.7209471718705
"us-nm",151.521959828396
"us-ny",80.2178121057195
"us-oh",74.8185191171507
"us-ok",126.020031843562
"us-or",97.049072898443
"us-pa",62.3967914789912
"us-ri",61.3645754037361
"us-sc",267.266738891951
"us-sd",199.212956432807
"us-tn",159.893611967481
"us-tx",121.448075173301
"us-ut",46.9423914437387
"us-va",105.76601175452
"us-wa",49.4518543576507
"us-wi",39.6381497978011
"us-wv",187.437110663535
