"JS_KEY","NAME_REGIONALITY"
"us-al",1.81232940462352
"us-ar",2.11781701280912
"us-az",0.723584993150472
"us-ca",0.98605162593596
"us-co",0.642849571198827
"us-ct",0.803247802623915
"us-dc",1.74116854844188
"us-fl",1.42777913049363
"us-ga",1.47518410879532
"us-hi",3.69310330304762
"us-ia",0.340111778167039
"us-il",1.01376396353058
"us-in",0.69772359360967
"us-ky",1.0868032635359
"us-la",1.24089341641085
"us-ma",0.684506823105598
"us-md",1.08022062890132
"us-mi",0.714500862302713
"us-mn",0.237983221618903
"us-mo",0.701205620248419
"us-ms",3.10167154219724
"us-nc",1.33815681770193
"us-ne",0.577230265767464
"us-nh",1.093100102977
"us-nj",0.851548140501779
"us-nm",1.08958214819311
"us-ny",1.32754627008618
"us-oh",0.86823209917958
"us-ok",1.02896405572442
"us-or",0.704142583299558
"us-pa",0.834862916037799
"us-ri",0.91960612917224
"us-sc",2.22053199627285
"us-tn",1.12696581581862
"us-tx",1.17793098816159
"us-ut",0.635001461768336
"us-va",0.900080928558765
"us-wa",0.474428275587295
"us-wi",0.360877402787791
"us-wv",1.1978869404348
