"JS_KEY","NAME_REGIONALITY"
"us-al",217.275937833347
"us-ar",156.011107537962
"us-az",106.930421378689
"us-ca",109.505042629336
"us-co",65.8895761545412
"us-ct",47.2207854774163
"us-fl",171.905793880988
"us-ga",167.690457149639
"us-hi",323.822505190592
"us-il",87.5203786825996
"us-in",63.2158661119984
"us-ks",115.726089214178
"us-ky",103.290805757991
"us-la",154.192296725231
"us-ma",49.0069235764457
"us-md",84.8593831387723
"us-mi",77.454216357904
"us-mo",39.5417089873339
"us-ms",328.346208775638
"us-nc",203.38819055542
"us-nj",116.498426619363
"us-nm",107.012652547254
"us-ny",180.186587811928
"us-oh",80.1793914445528
"us-ok",115.576088746185
"us-or",64.2615021845478
"us-pa",57.135686133189
"us-ri",141.001195839713
"us-sc",208.877523505348
"us-tn",96.0613263487422
"us-tx",107.799218850179
"us-va",129.685931106474
"us-wi",41.1771473697415
