"JS_KEY","NAME_REGIONALITY"
"us-al",143.496507768215
"us-ar",223.390151539518
"us-az",69.0397537216131
"us-ca",93.4474860106788
"us-co",72.9070906131355
"us-fl",141.98122960278
"us-ga",112.506054319141
"us-hi",272.651501181607
"us-ia",55.1491877157638
"us-il",104.107218668657
"us-in",83.752994454783
"us-ks",77.4460467196164
"us-ky",116.915939203195
"us-la",182.285545754438
"us-ma",94.7569867980508
"us-md",85.4904523584432
"us-mi",79.3590811981509
"us-mo",86.5249802141408
"us-ms",356.973056042763
"us-nc",134.856610784575
"us-nj",137.517936587962
"us-nm",194.223621451838
"us-ny",218.446070406272
"us-oh",26.8511919057841
"us-ok",77.5325374929519
"us-pa",77.7538732185449
"us-sc",177.835117335172
"us-tn",170.205570742728
"us-tx",113.415253402533
"us-ut",102.017499141258
"us-va",115.584726900137
"us-wi",69.3125337834752
