"JS_KEY","NAME_REGIONALITY"
"us-al",1.75012906989118
"us-ar",2.09069890390766
"us-ca",1.46451659051079
"us-ct",0.9136172308123
"us-fl",1.9801881486529
"us-ga",1.00028214773814
"us-il",1.36530928930421
"us-in",0.567457194000562
"us-ky",1.14685980301554
"us-la",1.81151567790993
"us-ma",0.662960350985815
"us-md",0.6928354744986
"us-mi",0.771822623509486
"us-nc",1.03576183636831
"us-nj",1.00186248578124
"us-ny",2.90451183600114
"us-oh",0.42981954726025
"us-pa",0.415415037001584
"us-sc",1.42851045239022
"us-tn",1.32256723092456
"us-tx",0.901374368284035
"us-ut",1.47138481405936
"us-va",1.05739969981744
"us-wa",0.852648924069143
"us-wi",0.602293965138532
