"JS_KEY","NAME_REGIONALITY"
"us-ca",2.06987127214019
"us-fl",1.85166406029163
"us-ga",0.880712872707104
"us-hi",4.27207206056063
"us-il",1.02666984780702
"us-ky",1.02509470664786
"us-ma",1.25106358651872
"us-md",1.061779088747
"us-mi",0.395846537897989
"us-mo",0.865930199932373
"us-ms",1.7171430544285
"us-nc",0.789624825726793
"us-nj",1.58700544011707
"us-ny",2.36079104310562
"us-oh",0.790432590895837
"us-or",1.67287523106645
"us-pa",0.732393980531836
"us-sc",1.16839049396321
"us-tn",0.884193320893878
"us-tx",0.560783053797725
"us-va",0.577484395283157
