"JS_KEY","NAME_REGIONALITY"
"us-az",127.348366496499
"us-ca",217.894759582149
"us-fl",134.108467137999
"us-ga",65.5082806303267
"us-il",137.643292582531
"us-in",87.5559960814632
"us-la",169.523933752019
"us-ma",78.2436430385417
"us-md",171.362343591675
"us-mo",92.3251439977965
"us-nj",122.938913533474
"us-ny",262.95539025754
"us-oh",85.5968841075121
"us-or",169.451903187433
"us-pa",72.118198851987
"us-tx",60.8712044713335
"us-va",188.611758216321
