"JS_KEY","NAME_REGIONALITY"
"us-al",3.05321432843389
"us-ca",2.0572293135454
"us-fl",1.66925125426025
"us-ga",0.717599449900023
"us-il",0.365431977930351
"us-ky",1.45258623548128
"us-la",1.31398440663994
"us-ma",1.00153430024732
"us-md",1.11567490231766
"us-mi",0.60090281247209
"us-nc",0.744055576650017
"us-nj",1.36164492184316
"us-ny",1.99906531127121
"us-oh",0.817431040721198
"us-or",2.28797867645035
"us-pa",0.394152509243673
"us-tn",0.842877868769329
"us-tx",1.00822242887327
"us-ut",1.88869689050765
"us-va",0.69298846176939
"us-wa",1.68423762601811
