"JS_KEY","NAME_REGIONALITY"
"us-ca",2.01291077910398
"us-fl",1.57550797804952
"us-ga",1.13943518130443
"us-il",0.873919120708034
"us-ky",1.72148621869933
"us-ma",1.3435269802885
"us-mi",1.22348676899125
"us-mo",1.26736890595145
"us-nc",0.867415536553928
"us-nj",1.38518550372824
"us-ny",2.49727658423739
"us-oh",0.599859262380872
"us-pa",1.04581343002332
"us-tx",0.920082234667281
"us-ut",2.63758972783095
"us-va",0.984427603068534
