"JS_KEY","NAME_REGIONALITY"
"us-ca",193.247010221395
"us-fl",181.284914587822
"us-ga",129.997777857424
"us-il",150.736635873566
"us-ma",129.649270803546
"us-nc",169.952955729655
"us-nj",184.79340021947
"us-ny",248.897437609425
"us-oh",112.570390090488
"us-tn",144.743056294562
"us-tx",114.681308660055
"us-va",137.210743623
