"JS_KEY","NAME_REGIONALITY"
"us-ca",165.112116161332
"us-fl",85.3232266046004
"us-nc",154.689947234767
"us-nj",379.963870393116
"us-ny",494.655464227939
"us-pa",122.587651910899
"us-tx",138.550668382739
