"JS_KEY","NAME_REGIONALITY"
"us-ca",240.649602482063
"us-fl",164.062192741977
"us-nc",321.736453401516
"us-ny",412.910090108075
"us-pa",226.647308057564
"us-tx",106.483221361339
