"JS_KEY","NAME_REGIONALITY"
"us-ak",233.762521456957
"us-al",89.2390587460836
"us-ar",69.0982217845869
"us-az",183.714148716825
"us-ca",146.915220735426
"us-co",150.60760431242
"us-ct",131.826733411792
"us-dc",47.9013000036891
"us-de",67.9704808813726
"us-fl",83.8194734917974
"us-ga",78.8294637128305
"us-hi",83.910581615158
"us-ia",69.2677697243941
"us-id",90.1120840450937
"us-il",136.58615963783
"us-in",60.2295515750763
"us-ks",107.558047324067
"us-ky",54.4380226390736
"us-la",109.181172949672
"us-ma",96.1776633993593
"us-md",55.5488762131492
"us-me",87.2124023322172
"us-mi",117.199243171191
"us-mn",71.9283754464944
"us-mo",93.9010801703686
"us-ms",97.5970952447153
"us-mt",112.446310396982
"us-nc",62.1896519347753
"us-nd",80.3139149874588
"us-ne",99.6764595678022
"us-nh",90.8636241595403
"us-nj",125.292360262371
"us-nm",172.836181022926
"us-nv",324.251239440295
"us-ny",132.384075908952
"us-oh",90.9381825430333
"us-ok",78.8197920478121
"us-or",84.0079821742006
"us-pa",99.6115908646826
"us-ri",88.1306340027689
"us-sc",79.9234390155856
"us-sd",84.0063009385663
"us-tn",94.6255566209535
"us-tx",100.27006846792
"us-ut",139.245553906828
"us-va",53.6035823005398
"us-vt",80.2453697606444
"us-wa",102.802381595275
"us-wi",117.892468739849
"us-wv",70.6515480186202
"us-wy",110.156585453689
