"JS_KEY","NAME_REGIONALITY"
"us-al",0.927988754810909
"us-ar",0.579434528820581
"us-az",1.63466440197777
"us-ca",1.6143059442242
"us-co",1.08203946318157
"us-ct",1.37144320294508
"us-dc",0.600148743615634
"us-de",0.746411253276323
"us-fl",1.21407169985266
"us-ga",0.84178061810172
"us-hi",1.43134286205529
"us-ia",0.740185258081774
"us-id",0.86316274610163
"us-il",1.22693324262317
"us-in",0.627825801738776
"us-ks",0.977047555269862
"us-ky",0.600980496568088
"us-la",1.22502352871019
"us-ma",0.817540927737183
"us-md",0.728083107966171
"us-me",0.963591647481632
"us-mi",0.96267580411345
"us-mn",0.968988863603131
"us-mo",0.83048305762676
"us-ms",0.927501762705677
"us-mt",1.0317492199496
"us-nc",0.672163546215873
"us-nd",0.774005059652304
"us-ne",1.08802314427323
"us-nh",0.769236378972223
"us-nj",1.27330565648205
"us-nm",2.163907003509
"us-nv",1.83422083546596
"us-ny",1.31193784524303
"us-oh",0.884800294615018
"us-ok",0.768408502338871
"us-or",1.31496076188191
"us-pa",1.08617965131101
"us-ri",1.2088830991552
"us-sc",0.767185900373912
"us-sd",0.989266197463399
"us-tn",0.786190967094711
"us-tx",1.009742197072
"us-ut",1.03308326341993
"us-va",0.548824892336683
"us-vt",0.445477737408477
"us-wa",0.938438566982586
"us-wi",1.04110141972686
"us-wv",0.7055231795863
"us-wy",1.55203301462505
