"JS_KEY","NAME_REGIONALITY"
"us-ak",256.105462000588
"us-al",100.445336527678
"us-ar",63.9928158685266
"us-az",281.896318810051
"us-ca",138.472890301462
"us-co",103.959035076244
"us-ct",138.50952798696
"us-dc",105.077443317361
"us-de",122.233351037213
"us-fl",120.387294071928
"us-ga",90.2863848549528
"us-hi",96.0675290839342
"us-ia",40.7956877763249
"us-id",50.1967768824458
"us-il",105.018666391919
"us-in",50.8131427320889
"us-ks",69.0679147752852
"us-ky",59.1074172422917
"us-la",131.829239773649
"us-ma",93.6877900506459
"us-md",89.2956080984803
"us-me",77.4007908911531
"us-mi",85.5512719658754
"us-mn",44.4128472579927
"us-mo",65.9638210094064
"us-ms",123.162285392071
"us-mt",102.88167935281
"us-nc",73.021785831912
"us-nd",51.1584338254546
"us-ne",69.4398787233246
"us-nh",73.9655724072233
"us-nj",193.719033857869
"us-nm",236.369736434234
"us-nv",220.374791863497
"us-ny",159.218373377763
"us-oh",84.7259955767801
"us-ok",57.9666925110334
"us-or",76.5725745664285
"us-pa",109.678418550811
"us-ri",143.099174304621
"us-sc",98.523235367799
"us-sd",46.5967832166409
"us-tn",72.2739027185102
"us-tx",110.282892547004
"us-ut",104.883680410476
"us-va",82.6752650052244
"us-vt",78.9872300867449
"us-wa",89.5473095641597
"us-wi",47.8357277590168
"us-wv",68.6086440973269
"us-wy",107.933152970788
