"JS_KEY","NAME_REGIONALITY"
"us-ak",1.00111279002443
"us-al",0.971365846359209
"us-ar",0.741118083435128
"us-az",2.0048635584152
"us-ca",1.20659639885005
"us-co",1.21335840346446
"us-ct",1.22112492677508
"us-dc",0.723628206091627
"us-de",0.819032648583125
"us-fl",1.10716184490562
"us-ga",0.924138574608223
"us-hi",0.983927469410574
"us-ia",0.378996051544645
"us-id",0.753762947890971
"us-il",1.05358781756417
"us-in",0.597580849338745
"us-ks",0.595075706763559
"us-ky",0.48935436531412
"us-la",1.2602188123196
"us-ma",0.857831094781512
"us-md",0.821262934368447
"us-me",0.759673181377745
"us-mi",0.800811683505134
"us-mn",0.466980966268234
"us-mo",0.696469007800625
"us-ms",1.24919787328671
"us-mt",0.901558141048343
"us-nc",0.65978518633102
"us-nd",0.545638700080353
"us-ne",0.76833146411177
"us-nh",0.694874349661687
"us-nj",1.7114193949627
"us-nm",1.83648568300537
"us-nv",1.20985206983672
"us-ny",1.60325516996814
"us-oh",0.856688733786434
"us-ok",0.743328205215055
"us-or",0.687490485604561
"us-pa",1.20949767381238
"us-ri",1.19652406180186
"us-sc",1.06337626892882
"us-sd",0.434309855534759
"us-tn",0.704930130448641
"us-tx",1.08383743074908
"us-ut",0.589502991535172
"us-va",0.903222795309721
"us-vt",0.481700361138694
"us-wa",0.7343740960269
"us-wi",0.504198037406585
"us-wv",0.83854338513024
"us-wy",1.18296821003146
