"JS_KEY","NAME_REGIONALITY"
"us-ak",152.427547043757
"us-al",62.0411707423754
"us-ar",48.7704605965954
"us-az",187.986800251152
"us-ca",134.026853321314
"us-co",86.101415869225
"us-ct",130.46600553945
"us-dc",56.8212725089212
"us-de",110.325214472763
"us-fl",97.9575706438743
"us-ga",73.810749268186
"us-hi",127.310509936422
"us-ia",27.9943912600169
"us-id",44.6898676232916
"us-il",116.68581480249
"us-in",44.7238135918622
"us-ks",56.6868407087784
"us-ky",47.7196033329191
"us-la",105.888050594049
"us-ma",75.7561942233443
"us-md",79.866819131639
"us-me",69.2519818206468
"us-mi",77.2128731267008
"us-mn",39.3030676762006
"us-mo",58.0199581500572
"us-ms",89.5105067911003
"us-mt",100.869962872139
"us-nc",41.9333213005327
"us-nd",32.2260833648936
"us-ne",50.377668957165
"us-nh",82.5416106136354
"us-nj",198.10461280181
"us-nm",169.366211453847
"us-nv",129.66666024689
"us-ny",184.263495601244
"us-oh",82.6000615222425
"us-ok",59.5357450368331
"us-or",62.5399154051126
"us-pa",126.024033816645
"us-ri",136.861366997431
"us-sc",61.702004075094
"us-sd",31.2346280053818
"us-tn",54.237241716936
"us-tx",112.955300237146
"us-ut",56.0830917065307
"us-va",66.4735192226493
"us-vt",57.8583436979042
"us-wa",67.2284317106015
"us-wi",50.6208704926158
"us-wv",65.672920593144
"us-wy",82.1349674521635
