"JS_KEY","NAME_REGIONALITY"
"us-ak",2.42327322581937
"us-al",0.991706324310263
"us-az",1.10091447014524
"us-ca",1.15533014920251
"us-co",0.689583788992073
"us-ct",1.05931388440154
"us-de",1.55895259531623
"us-fl",1.2613187696511
"us-ga",0.825717996722785
"us-ia",0.449612887112887
"us-il",1.22269524209249
"us-in",0.398877799091161
"us-ks",0.693467323240992
"us-la",0.836694997310382
"us-ma",0.786237554267294
"us-md",0.810854576733171
"us-me",1.04869214857645
"us-mi",0.846132630496691
"us-mn",0.726903036424225
"us-mo",0.549543448251496
"us-nc",0.683171649454245
"us-nj",1.80661637111643
"us-nm",1.64688393367639
"us-nv",1.15826879542476
"us-ny",1.9770145433024
"us-oh",0.829866045948374
"us-ok",0.501972868903249
"us-or",1.00474062754348
"us-pa",1.23435974571135
"us-ri",0.901013499423042
"us-sc",0.763071204201691
"us-tn",0.690254788998284
"us-tx",1.11357637744324
"us-ut",0.481711025909432
"us-va",0.657747264587766
"us-wa",0.476784115942503
"us-wi",0.700659299474038
