"JS_KEY","NAME_REGIONALITY"
"us-ak",2.35348363142185
"us-al",0.361591411670117
"us-az",1.16259932232944
"us-ca",1.15118603448904
"us-co",0.637067412487185
"us-ct",1.0481664692631
"us-fl",1.20689766206406
"us-ga",0.637018486336161
"us-hi",2.23261673949805
"us-ia",0.968092636622684
"us-il",1.16888391259988
"us-in",0.77680545821235
"us-ks",0.72855667198798
"us-la",1.43845126984039
"us-ma",0.957650073793206
"us-md",1.03682721382289
"us-mi",0.880292367477517
"us-mn",1.15131066841324
"us-mo",0.882057606023184
"us-nc",0.74204846220998
"us-ne",0.958427818287016
"us-nj",1.50901836009391
"us-nm",1.11039059043951
"us-nv",0.640728719455502
"us-ny",1.92280852294796
"us-oh",1.11063388373277
"us-ok",0.922649356015924
"us-or",0.857324827967251
"us-pa",1.03333969236118
"us-sc",0.551116464245136
"us-tn",0.824350796122357
"us-tx",0.99224767399535
"us-ut",0.656561096117806
"us-va",0.738730155721866
"us-wa",0.356744599118202
"us-wi",1.44981450664275
