"JS_KEY","NAME_REGIONALITY"
"us-al",87.2665786905502
"us-az",118.828134800324
"us-ca",95.9235581144007
"us-co",105.765181592647
"us-ct",186.437774497476
"us-fl",131.219867238543
"us-ga",103.097391705503
"us-il",156.6374980913
"us-la",97.6556325790826
"us-ma",79.1446828921106
"us-md",65.7086228758334
"us-mi",159.742672891651
"us-mn",112.500387382881
"us-mo",104.950113030397
"us-nc",76.4547816700662
"us-nj",222.857616419349
"us-nv",101.647358066888
"us-ny",185.962003189123
"us-oh",135.892295661101
"us-ok",107.546535097556
"us-pa",115.455675424512
"us-ri",312.186918296144
"us-sc",93.7776015383529
"us-tn",73.6198534464167
"us-tx",77.0419459296634
"us-va",81.9402172171852
"us-wa",80.8156945655312
"us-wi",141.933156675315
