"JS_KEY","NAME_REGIONALITY"
"us-al",107.329286327771
"us-az",113.528558532841
"us-ca",110.462821974128
"us-co",100.858317350292
"us-ct",169.648389439824
"us-fl",99.8901442404465
"us-ga",103.497024765183
"us-ia",110.917595091285
"us-il",181.085412354006
"us-in",73.3949141230798
"us-ks",112.867854935634
"us-ky",76.9021173087131
"us-la",126.179512245318
"us-ma",75.8433842420782
"us-md",102.279278368871
"us-mi",100.067505778495
"us-mn",70.2520845056013
"us-mo",100.090128083911
"us-ms",128.094547001149
"us-nc",75.9935929568094
"us-nj",190.901845671755
"us-nv",121.64152885303
"us-ny",160.108890337585
"us-oh",92.8418004135442
"us-or",121.118248238268
"us-pa",80.0844136759952
"us-sc",85.7632864789252
"us-tn",85.9155282020997
"us-tx",102.112213463183
"us-ut",61.7436020090887
"us-va",45.8457657448075
"us-wa",55.6038459085853
"us-wi",109.585328055149
