"JS_KEY","NAME_REGIONALITY"
"us-al",0.747823133617877
"us-ar",1.01312624088808
"us-az",1.33067327161419
"us-ca",1.13386670299776
"us-co",0.910602172667118
"us-ct",1.23306728988447
"us-fl",1.0855603729235
"us-ga",1.088493617985
"us-id",2.1832351825827
"us-il",1.58912415893799
"us-in",0.640729093273301
"us-ky",0.59853279360823
"us-la",1.04978732829529
"us-ma",1.2677393046393
"us-md",0.919541023627537
"us-mi",1.25003293854139
"us-mn",1.08532050983497
"us-mo",1.28995343516179
"us-nc",0.582310876772119
"us-ne",1.43595202589731
"us-nj",1.81434187397503
"us-nv",1.83871201062585
"us-ny",1.45817346590391
"us-oh",0.849386428528036
"us-or",1.00495586797769
"us-pa",1.1736316090207
"us-ri",3.40985025851136
"us-sc",0.902211367214723
"us-tn",0.725583843084416
"us-tx",0.671962562532819
"us-ut",1.3379793108068
"us-va",0.689690467381921
"us-wa",0.933919130588703
"us-wi",1.09076136223567
