"JS_KEY","NAME_REGIONALITY"
"us-ak",0.823530149813086
"us-al",2.25727385409584
"us-ar",2.0517731849616
"us-az",0.736710074277731
"us-ca",0.630756431170139
"us-co",0.713611734762329
"us-ct",0.526531611745519
"us-dc",1.16632351113004
"us-de",0.787087085886222
"us-fl",1.58761143456527
"us-ga",1.94507957463652
"us-hi",0.660775402919493
"us-ia",0.615636751312988
"us-id",0.780667565365962
"us-il",0.731607452672801
"us-in",0.870208822184418
"us-ks",0.735840492631676
"us-ky",1.68205720723944
"us-la",1.29341850299411
"us-ma",0.64738302892398
"us-md",0.893684415735781
"us-me",0.501593476279302
"us-mi",0.588817634503022
"us-mn",0.676696096038408
"us-mo",1.09648830560506
"us-ms",2.12734071970974
"us-mt",0.73708807887958
"us-nc",1.95848216479692
"us-nd",0.726596169524716
"us-ne",0.60728682601619
"us-nh",0.468861509124353
"us-nj",0.598912584728286
"us-nm",0.767219831753722
"us-nv",0.734766421090717
"us-ny",0.575665447194623
"us-oh",0.722367598885591
"us-ok",1.31646507295897
"us-or",0.754655506088075
"us-pa",0.639546863615606
"us-ri",0.587833483467827
"us-sc",2.13709664775888
"us-sd",0.725838803504323
"us-tn",2.10867589559797
"us-tx",1.42854862177052
"us-ut",0.567226976868545
"us-va",1.47759876446262
"us-vt",0.482619438828514
"us-wa",0.726620084874907
"us-wi",0.590830764942906
"us-wv",1.2130299077653
"us-wy",0.969816181166961
