"JS_KEY","NAME_REGIONALITY"
"us-ak",75.0290259195509
"us-al",186.862830769909
"us-ar",175.523730195531
"us-az",68.4102793136969
"us-ca",64.0747575846536
"us-co",69.0733137671793
"us-ct",51.2628086082167
"us-dc",92.5998250923513
"us-de",101.708601906472
"us-fl",130.046548264584
"us-ga",167.592171691431
"us-hi",84.1164841488959
"us-ia",80.0865678320762
"us-id",71.6313022709596
"us-il",87.1472467721842
"us-in",90.3231260394031
"us-ks",79.697496489062
"us-ky",157.727117990736
"us-la",116.920363218421
"us-ma",61.0080556435683
"us-md",90.8843155310135
"us-me",46.6082419974186
"us-mi",77.5585871780678
"us-mn",87.8130574359989
"us-mo",99.9717623941778
"us-ms",197.537288474497
"us-mt",79.8411485638175
"us-nc",168.69249067478
"us-nd",92.2117898536135
"us-ne",67.6656401113305
"us-nh",51.2522219309609
"us-nj",64.5704761759324
"us-nm",67.7059469154194
"us-nv",100.345215821935
"us-ny",65.6189028777108
"us-oh",90.0379583592416
"us-ok",117.283186027568
"us-or",89.3957613967345
"us-pa",77.1249150748478
"us-ri",47.2918699038556
"us-sc",177.248609840438
"us-sd",87.5874330352558
"us-tn",180.048223193099
"us-tx",131.531605004356
"us-ut",66.3732190845052
"us-va",140.36415291399
"us-vt",49.4865062162043
"us-wa",75.7498281919441
"us-wi",84.1949966936192
"us-wv",118.721371003894
"us-wy",99.8512170971789
