"JS_KEY","NAME_REGIONALITY"
"us-ak",0.908448022000754
"us-al",1.40070925087879
"us-ar",1.3574014697284
"us-az",0.92614651376845
"us-ca",0.805429958503071
"us-co",0.797262224866605
"us-ct",0.840641219286192
"us-dc",1.01966511204744
"us-de",1.0429938538325
"us-fl",1.20485229854334
"us-ga",1.3269675857114
"us-hi",0.798232425949459
"us-ia",0.75604858511621
"us-id",0.850091119476112
"us-il",0.981534116628006
"us-in",1.03840047237095
"us-ks",0.911580408582526
"us-ky",1.43370524633221
"us-la",1.04883790640737
"us-ma",0.857645747063544
"us-md",0.961911658795185
"us-me",0.815165859431728
"us-mi",0.92790827011503
"us-mn",0.680478990064716
"us-mo",1.00879583186094
"us-ms",1.5055766376949
"us-mt",0.848500377833555
"us-nc",1.27751916223505
"us-nd",0.716961546641612
"us-ne",0.847159551335857
"us-nh",0.79156842201844
"us-nj",0.937632299506529
"us-nm",0.888691600735006
"us-nv",1.05734804227592
"us-ny",0.836321518440404
"us-oh",1.0330039866469
"us-ok",1.06235961714937
"us-or",0.924730651419242
"us-pa",0.916608335465053
"us-ri",0.756187791578729
"us-sc",1.42904872423142
"us-sd",0.762912311901534
"us-tn",1.50165730442104
"us-tx",1.07201533045871
"us-ut",0.660851694731199
"us-va",1.18450016773053
"us-vt",0.747130933905207
"us-wa",0.824116929621066
"us-wi",0.821668966427705
"us-wv",1.30201776897728
"us-wy",0.869347877545566
