"JS_KEY","NAME_REGIONALITY"
"us-ak",2.02217803985311
"us-al",1.65292118200866
"us-ar",1.37336338228765
"us-az",0.726763751086446
"us-ca",0.645116219143178
"us-co",1.11849379739235
"us-ct",0.964495001094731
"us-dc",1.00126305533021
"us-de",1.25184245333437
"us-fl",0.935655711605761
"us-ga",1.20252314379817
"us-hi",1.56624972589755
"us-ia",0.784523300204041
"us-id",1.04603106693872
"us-il",0.925883034383297
"us-in",1.03752957045838
"us-ks",1.0104274234738
"us-ky",1.64901383771916
"us-la",1.24890641829823
"us-ma",0.925236324564963
"us-md",1.08655718861775
"us-me",1.15439139089541
"us-mi",1.06062094840603
"us-mn",0.934727602431213
"us-mo",1.23897335761352
"us-ms",1.81818381272077
"us-mt",1.50132384022406
"us-nc",1.20594281376385
"us-nd",1.4153485895154
"us-ne",1.00599001692304
"us-nh",0.950505285723509
"us-nj",0.866307582464694
"us-nm",0.997048176854864
"us-nv",0.718176166108473
"us-ny",0.899196659370952
"us-oh",1.18270828234928
"us-ok",1.28948934094533
"us-or",1.06862388676697
"us-pa",1.05271913404445
"us-ri",1.01662857387089
"us-sc",1.41866781230387
"us-sd",1.29405905188295
"us-tn",1.57715053596839
"us-tx",0.825554717954116
"us-ut",1.18931685371122
"us-va",1.16699560029564
"us-vt",1.14409647946423
"us-wa",0.96559424691724
"us-wi",0.848509243128484
"us-wv",1.57682699677374
"us-wy",2.1551393841451
