"JS_KEY","NAME_REGIONALITY"
"us-ak",157.114302801535
"us-al",166.142879093486
"us-ar",140.159473882243
"us-az",75.9141841129059
"us-ca",65.2091563744281
"us-co",98.9513999002496
"us-ct",102.711695056201
"us-dc",116.722336366921
"us-de",137.553864351898
"us-fl",83.7923931777297
"us-ga",125.123065215165
"us-hi",139.572912010076
"us-ia",96.2265375351348
"us-id",130.504864394242
"us-il",80.8193052539766
"us-in",110.310401148664
"us-ks",101.329352602227
"us-ky",163.249816144319
"us-la",130.03841200688
"us-ma",112.377427014067
"us-md",98.9245886632782
"us-me",108.214768865294
"us-mi",100.101855260871
"us-mn",106.779998694707
"us-mo",129.323431588912
"us-ms",181.551335905735
"us-mt",149.856623556215
"us-nc",119.492515735414
"us-nd",148.400708411828
"us-ne",107.169357140069
"us-nh",106.107966576523
"us-nj",79.3024411461423
"us-nm",102.927583764685
"us-nv",75.5020128969777
"us-ny",88.0466353825428
"us-oh",116.160015678339
"us-ok",138.211602724287
"us-or",108.891962772698
"us-pa",107.952981163684
"us-ri",101.753701057255
"us-sc",162.491994633787
"us-sd",140.470033340372
"us-tn",145.464064795868
"us-tx",76.6774144866016
"us-ut",147.539915439602
"us-va",115.257953994932
"us-vt",119.84371051281
"us-wa",97.1545669216208
"us-wi",118.566472774181
"us-wv",174.65887028681
"us-wy",219.527169923366
