"JS_KEY","NAME_REGIONALITY"
"us-ak",1.37238982523939
"us-al",1.56571237187752
"us-ar",1.29290557360439
"us-az",0.819569611866435
"us-ca",0.785555097963778
"us-co",1.00558044027272
"us-ct",1.18224102820104
"us-dc",1.01088804160926
"us-de",0.984895368196426
"us-fl",0.82933126781243
"us-ga",1.17015985231498
"us-hi",1.3573089292957
"us-ia",0.969473124548272
"us-id",1.40099467924516
"us-il",0.887007156710716
"us-in",1.00164926261448
"us-ks",1.12990466647831
"us-ky",1.37181854855931
"us-la",1.1915452607513
"us-ma",1.13441086717688
"us-md",0.957650700073692
"us-me",1.16923440319963
"us-mi",1.07918075554344
"us-mn",1.13828543969157
"us-mo",1.20771885577351
"us-ms",1.7531518728049
"us-mt",1.78852480053605
"us-nc",1.04999430117711
"us-nd",1.39955170719725
"us-ne",0.975083286637231
"us-nh",1.12982040811392
"us-nj",0.846864881279384
"us-nm",0.881706812511653
"us-nv",0.842652484583296
"us-ny",0.859416201737848
"us-oh",1.08358451680739
"us-ok",1.05570047125153
"us-or",1.07033504138747
"us-pa",1.05236536343488
"us-ri",1.16636672359389
"us-sc",1.32847291181226
"us-sd",0.955008509863071
"us-tn",1.35198197117444
"us-tx",0.807821137515546
"us-ut",1.36736173306468
"us-va",1.22527731483681
"us-vt",1.01191462166022
"us-wa",1.14447521327231
"us-wi",0.989335470266164
"us-wv",1.62715749902973
"us-wy",1.18405986055212
