"JS_KEY","NAME_REGIONALITY"
"us-az",3983.87878787879
"us-ca",373.598518280778
"us-co",649.741632574614
"us-nm",8094.87712768869
"us-tx",1723.43950557324
