"JS_KEY","NAME_REGIONALITY"
"us-az",39.8387878787879
"us-ca",3.73598518280778
"us-co",6.49741632574614
"us-nm",80.9487712768869
"us-tx",17.2343950557324
