"JS_KEY","NAME_REGIONALITY"
"us-az",4720.04986224498
"us-ca",279.195022565552
"us-co",464.791185098421
"us-fl",219.85377424023
"us-ma",23.916223562161
"us-mi",65.8163915652422
"us-nm",7263.40126827288
"us-ny",8.12555479076038
"us-tx",1681.1118454986
