"JS_KEY","NAME_REGIONALITY"
"us-az",3726.10849941983
"us-ca",277.93602729328
"us-co",474.554829519061
"us-fl",181.639680432412
"us-ks",58.4710606626022
"us-mi",40.4845565914861
"us-nm",7097.1767852655
"us-ny",15.4744615272757
"us-tx",1751.43686967666
