"JS_KEY","NAME_REGIONALITY"
"us-az",37.2610849941983
"us-ca",2.7793602729328
"us-co",4.74554829519061
"us-fl",1.81639680432412
"us-ks",0.584710606626022
"us-mi",0.404845565914861
"us-nm",70.971767852655
"us-ny",0.154744615272757
"us-tx",17.5143686967666
