"JS_KEY","NAME_REGIONALITY"
"us-az",2191.79145647665
"us-ca",545.013333547051
"us-co",354.652447850065
"us-fl",37.0449863403004
"us-hi",108.604411403
"us-il",24.1434003595859
"us-in",14.48043247512
"us-ks",30.7588464699922
"us-ma",7.6949845626072
"us-mi",26.5212603486793
"us-nm",3693.80048233991
"us-ny",14.7037621883966
"us-tx",1418.31955387012
"us-wv",15.7426034423224
