"JS_KEY","NAME_REGIONALITY"
"us-az",12.8602130870182
"us-ca",2.85768229632561
"us-co",3.16093984208667
"us-hi",2.5276970550346
"us-mi",0.317682340674464
"us-nj",0.183694310477393
"us-nm",35.7461938357155
"us-ny",0.151974944092059
"us-tx",15.9575948513416
