"JS_KEY","NAME_REGIONALITY"
"us-ar",0.23528524051708
"us-az",5.63561682648945
"us-ca",2.19287546751853
"us-co",1.17320021563004
"us-fl",0.342759311526595
"us-hi",0.697963922468158
"us-il",0.179891945817246
"us-in",0.123592155370164
"us-la",0.197302685648061
"us-ma",0.0729922513236929
"us-mi",0.255134976755478
"us-mo",0.0743675972636489
"us-nj",0.129562084146671
"us-nm",11.0433421846925
"us-ny",1.28886079439456
"us-oh",0.0462802738731844
"us-pa",0.0712674971634153
"us-tx",12.7038420885524
