"JS_KEY","NAME_REGIONALITY"
"us-az",323.607602134439
"us-ca",233.066482443467
"us-co",93.518562056934
"us-ct",70.6243067904981
"us-dc",46.6293808748373
"us-fl",43.8056167305432
"us-ga",9.32886977359955
"us-il",90.234887723219
"us-in",26.2157903643798
"us-ks",12.9790116413837
"us-la",15.5451021488047
"us-ma",12.9922118566322
"us-md",7.91926469251849
"us-mi",19.748275155987
"us-mo",8.30137981834015
"us-nc",9.42008665978736
"us-nj",79.2771518357464
"us-nm",450.382797128359
"us-ny",225.487112681113
"us-oh",17.4537422852997
"us-ok",19.7559590192344
"us-or",22.2559991260107
"us-pa",17.9415628254583
"us-tn",7.68930209601897
"us-tx",774.249974809018
"us-ut",31.7591533654882
"us-wa",30.5076154602752
"us-wi",15.9508545231622
