"JS_KEY","NAME_REGIONALITY"
"us-az",2.1508155006211
"us-ca",3.61175891734686
"us-co",0.784374283033498
"us-ct",1.00903926066767
"us-dc",0.402727990568053
"us-de",0.460874568867785
"us-fl",0.850288042143194
"us-ga",0.0736511095100449
"us-hi",0.404060323769932
"us-id",0.627124667072002
"us-il",1.22915626627135
"us-in",0.24911644849935
"us-ks",0.233423030078853
"us-ky",0.0573327818350974
"us-la",0.210067143698533
"us-ma",0.712438439124159
"us-md",0.0662377644596472
"us-mi",0.161632296192412
"us-mn",0.0351376100821496
"us-mo",0.0292093282082422
"us-nc",0.115640569856431
"us-ne",0.0897030537440259
"us-nj",1.26265593551851
"us-nm",2.04825045547406
"us-nv",0.907464084116869
"us-ny",1.65249753700567
"us-oh",0.163770665221917
"us-ok",0.171069570792131
"us-or",0.35879139817771
"us-pa",0.32771279346189
"us-sc",0.0554514774617814
"us-tx",4.02034630195047
"us-ut",0.238141295114973
"us-va",0.101458963909587
"us-wa",0.441410437731859
"us-wi",0.203196842319335
