"JS_KEY","NAME_REGIONALITY"
"us-ak",0.203894153127045
"us-al",0.0461274111779738
"us-ar",0.101831030663672
"us-az",2.03771760719856
"us-ca",3.5049048089186
"us-co",0.686091640362957
"us-ct",0.908216670414811
"us-dc",0.858443664218485
"us-de",0.329428984660167
"us-fl",0.906832357699347
"us-ga",0.0786477144401905
"us-hi",0.16043320451938
"us-ia",0.0694951580835763
"us-id",0.549044502330933
"us-il",1.22426234460242
"us-in",0.172390710858764
"us-ks",0.33449116877595
"us-la",0.168478408402196
"us-ma",0.521609750972332
"us-md",0.111593051220997
"us-mi",0.157253107930433
"us-mn",0.076590826108248
"us-mo",0.0592224457148285
"us-ms",0.0659678229194032
"us-nc",0.103316545334775
"us-ne",0.118580824053092
"us-nj",1.08267805286201
"us-nm",2.47410809820603
"us-nv",0.796696449289796
"us-ny",1.40267009474527
"us-oh",0.0977375412390765
"us-ok",0.311605901983357
"us-or",0.426561575413204
"us-pa",0.236970231813949
"us-ri",0.308869887337702
"us-sc",0.0839907340584143
"us-tx",3.51706885868293
"us-ut",0.166011248455433
"us-va",0.132034857273706
"us-wa",0.459912823822728
"us-wi",0.221977327557302
"us-wy",0.262380398777708
