"JS_KEY","NAME_REGIONALITY"
"us-az",204.673383453952
"us-ca",338.144738642018
"us-co",63.1540135616507
"us-ct",105.838385199844
"us-dc",61.310100756931
"us-de",34.6087360156017
"us-fl",80.3549605888134
"us-ga",13.8264207374529
"us-hi",23.6663147721536
"us-ia",5.95400548545199
"us-id",59.6720084896029
"us-il",109.095900772522
"us-in",13.7791457035933
"us-ks",23.7957440303857
"us-la",14.658860835638
"us-ma",50.2871456607985
"us-md",5.72994994839434
"us-mi",11.7802364415026
"us-mn",4.84212626733186
"us-mo",3.85339691200849
"us-nc",10.7535834948561
"us-ne",11.5945341186586
"us-nj",114.940637238823
"us-nm",201.212481236814
"us-nv",80.2883107186867
"us-ny",139.50694804826
"us-oh",9.12541736794049
"us-ok",19.8535964417536
"us-or",35.2891283323793
"us-pa",24.3130086346802
"us-ri",37.7561642771626
"us-sc",6.01794677855241
"us-tx",360.296016242731
"us-ut",19.6331393088435
"us-va",13.8847299623153
"us-wa",54.7279993583766
"us-wi",19.051088916616
"us-wy",26.6495789169963
