"JS_KEY","NAME_REGIONALITY"
"us-al",0.0382799882328263
"us-az",2.14040538791993
"us-ca",3.22416659926061
"us-co",0.585232316381962
"us-ct",0.868845188661777
"us-dc",0.998508770077247
"us-de",0.424033812459918
"us-fl",0.925039504876991
"us-ga",0.149761200567581
"us-hi",0.290309896301624
"us-ia",0.0760803111191898
"us-id",0.517108203852291
"us-il",0.965812304405074
"us-in",0.144755022558782
"us-ks",0.263419732978914
"us-la",0.131694596791956
"us-ma",0.652187338026747
"us-md",0.138401616272457
"us-mi",0.143260628395819
"us-mn",0.0641945640057602
"us-mo",0.0515924147675463
"us-nc",0.126755173486796
"us-ne",0.277830535285236
"us-nj",0.792212424545498
"us-nm",2.23134143692436
"us-nv",0.71965887893864
"us-ny",1.08344406984332
"us-oh",0.0955894927820483
"us-ok",0.282831415039081
"us-or",0.500994870812934
"us-pa",0.253971539295319
"us-ri",0.850451518939363
"us-tn",0.0340371104185257
"us-tx",3.39082513607062
"us-ut",0.220071091867772
"us-va",0.201542264976453
"us-wa",0.546262979260304
"us-wi",0.17837534054575
"us-wv",0.0837704122967418
