"JS_KEY","NAME_REGIONALITY"
"us-al",0.0303169195310635
"us-az",2.16616764650347
"us-ca",3.26360069516491
"us-co",0.672324413611273
"us-ct",0.772466768087222
"us-dc",0.908911386979254
"us-de",0.550533897866447
"us-fl",0.906296613335589
"us-ga",0.197700526216059
"us-ia",0.141378335131641
"us-id",0.663079850631078
"us-il",0.972873403566489
"us-in",0.108847061179894
"us-ks",0.322294190809676
"us-la",0.113295004880408
"us-ma",0.504678604272046
"us-md",0.163433628401882
"us-mi",0.160924045362347
"us-mn",0.0571872938488197
"us-mo",0.0500186207266586
"us-nc",0.17222513221391
"us-ne",0.132795494850865
"us-nj",0.753688719421694
"us-nm",1.48439288407085
"us-nv",1.01909869445952
"us-ny",0.907752478034542
"us-oh",0.0772891525684074
"us-ok",0.29633490138756
"us-or",0.751716473802039
"us-pa",0.280920347096392
"us-ri",0.43476271880478
"us-sc",0.0534354148680745
"us-tn",0.049559505563279
"us-tx",3.11116099392514
"us-ut",0.274306410780025
"us-va",0.262366873133647
"us-wa",0.695622076232712
"us-wi",0.193223025343317
