"JS_KEY","NAME_REGIONALITY"
"us-al",42.1839614457872
"us-ar",80.6411667793141
"us-az",187.960888966473
"us-ca",165.943991532661
"us-co",109.571258565067
"us-ct",65.4984281473854
"us-dc",66.8081929879989
"us-de",126.237971087765
"us-fl",86.833965861685
"us-ga",69.3119531101916
"us-hi",33.5556496406229
"us-ia",79.8074559283066
"us-id",74.8039777115006
"us-il",85.1840934849026
"us-in",59.9834348308069
"us-ks",74.5179184170602
"us-ky",46.0253980445109
"us-la",26.1852868872087
"us-ma",44.1529083873581
"us-md",45.2582296345247
"us-mi",29.9762687167155
"us-mn",35.7704179810566
"us-mo",27.6336305941569
"us-ms",28.8353047480706
"us-nc",84.4224825726873
"us-ne",72.3454013985905
"us-nj",57.3545670210783
"us-nm",247.311210077525
"us-nv",145.020783394941
"us-ny",53.8879070432955
"us-oh",26.596377823684
"us-ok",115.098883250886
"us-or",84.8830509390136
"us-pa",36.1747280897615
"us-ri",79.3447044781517
"us-sc",38.3776187443322
"us-sd",58.0944643184091
"us-tn",47.795873301369
"us-tx",271.902163274416
"us-ut",72.4997166306031
"us-va",38.1508813957748
"us-wa",105.946038486148
"us-wi",48.1097645222776
"us-wy",91.943706912917
