"JS_KEY","NAME_REGIONALITY"
"us-al",0.65745711193854
"us-ar",0.529466208236746
"us-az",2.25885709227979
"us-ca",1.59603189234615
"us-co",1.29507496352129
"us-ct",0.634722168141742
"us-dc",0.469634391761605
"us-de",0.488791879960039
"us-fl",1.07011124595311
"us-ga",0.713428968291797
"us-ia",0.572115867911156
"us-id",0.685361795690483
"us-il",0.671632181690576
"us-in",0.56414954308083
"us-ks",1.05343848290227
"us-ky",0.317983288941036
"us-la",0.568420347276125
"us-ma",0.362866048871425
"us-md",0.72555471982352
"us-mi",0.248900125566056
"us-mn",0.387023115948905
"us-mo",0.372225404783887
"us-ms",0.350082692295786
"us-nc",0.898249911554059
"us-ne",1.04824302137593
"us-nh",0.500297805656693
"us-nj",0.464989757231253
"us-nm",1.99570474908975
"us-nv",1.62856204833668
"us-ny",0.4957782539904
"us-oh",0.357816679437413
"us-ok",1.0726453531261
"us-or",1.04982686880183
"us-pa",0.333266143777325
"us-ri",1.01351120368567
"us-sc",0.575661543983294
"us-tn",0.691663494087654
"us-tx",2.66197846531139
"us-ut",0.538327980885805
"us-va",0.492046923366564
"us-wa",1.09383696380247
"us-wi",0.483572487657344
