"JS_KEY","NAME_REGIONALITY"
"us-ca",2.24536667294526
"us-ct",2.84630793906458
"us-ia",1.30425802898351
"us-il",2.02042139851271
"us-la",1.98569826124693
"us-ma",2.3182153492823
"us-mi",0.998734830498949
"us-mn",1.82454219162368
"us-mo",1.41093056120502
"us-nj",1.02865327810944
"us-ny",2.21485091490479
"us-oh",0.813724105506939
"us-pa",1.18500719182569
"us-tx",0.754391644955449
"us-wi",3.09495495681123
