"JS_KEY","NAME_REGIONALITY"
"us-ca",263.992072388782
"us-ct",296.798174708025
"us-il",239.268058167337
"us-ma",229.1138320358
"us-md",199.548744361276
"us-mi",120.173409910559
"us-mn",130.966893166623
"us-mo",211.422250941822
"us-nj",150.909228166789
"us-ny",201.643292982445
"us-oh",108.450021597828
"us-pa",88.7599931967535
"us-tx",62.5087436734336
"us-wi",261.498902652234
