"JS_KEY","NAME_REGIONALITY"
"us-ak",154.760789927846
"us-al",48.2186885994685
"us-ar",16.2752629486635
"us-az",68.9024229270263
"us-ca",145.359285412728
"us-co",103.230130789677
"us-ct",90.8960321548542
"us-dc",161.186819605516
"us-de",64.4321019812361
"us-fl",68.6371915581224
"us-ga",40.2886489684477
"us-hi",119.493375442387
"us-ia",115.456542547895
"us-id",117.227570064089
"us-il",158.210901307561
"us-in",127.17866985948
"us-ks",106.209248859056
"us-ky",52.2558503743065
"us-la",79.2564252530715
"us-ma",62.5082862321294
"us-md",109.611509237376
"us-me",123.739571774182
"us-mi",164.081178856192
"us-mn",198.592595021766
"us-mo",88.83838887511
"us-ms",31.3986993291814
"us-mt",125.521073818993
"us-nc",36.7450076569008
"us-nd",185.530935408708
"us-ne",86.2116899964264
"us-nh",92.2959111346488
"us-nj",107.569045802333
"us-nm",54.9846072457487
"us-nv",86.9209648654367
"us-ny",89.9427442305162
"us-oh",121.382526545823
"us-ok",54.5628693597179
"us-or",155.278026921579
"us-pa",92.8195860540355
"us-ri",67.5916931742078
"us-sc",16.0390958950032
"us-sd",158.781904679361
"us-tn",28.0795144457948
"us-tx",40.6403260631172
"us-ut",172.565508930653
"us-va",57.2576485742728
"us-vt",85.5343826028975
"us-wa",167.54425007586
"us-wi",151.317415329617
"us-wv",67.9690833335925
"us-wy",96.2829587663845
