"JS_KEY","NAME_REGIONALITY"
"us-ak",0.899747852097828
"us-al",1.18148618079876
"us-ar",0.83274566046255
"us-az",0.853166742079167
"us-ca",1.11192225959639
"us-co",1.10202468084883
"us-ct",0.637744589948428
"us-dc",1.35025904130577
"us-de",0.746145552597785
"us-fl",1.18755539484962
"us-ga",1.30909259561981
"us-hi",0.892513267429761
"us-ia",1.10545067299196
"us-id",1.20888549174839
"us-il",1.09356968319055
"us-in",1.25481477480699
"us-ks",1.52391415695143
"us-ky",1.27882660591102
"us-la",1.28303331820421
"us-ma",0.44230240940956
"us-md",0.967442276818864
"us-me",0.804567044833242
"us-mi",1.10985723900268
"us-mn",1.3528782492525
"us-mo",1.22905054601973
"us-ms",0.860407204554641
"us-mt",0.999976141223968
"us-nc",0.921943721292464
"us-nd",1.34513350403291
"us-ne",1.30968655777754
"us-nh",0.617512204732094
"us-nj",0.68891907220089
"us-nm",0.784242279412904
"us-nv",1.46929267473118
"us-ny",0.738080408812038
"us-oh",1.12372069843991
"us-ok",0.821787869211165
"us-or",1.07773789906455
"us-pa",0.943101767784661
"us-ri",0.532502687149827
"us-sc",0.664827487254111
"us-sd",1.07387368031917
"us-tn",1.03909689785816
"us-tx",0.813487579030989
"us-ut",0.922179135929503
"us-va",0.925913921558658
"us-vt",0.496707740401212
"us-wa",1.17459769158078
"us-wi",1.09807756671934
"us-wv",1.36835183923596
"us-wy",0.838244148083293
