"JS_KEY","NAME_REGIONALITY"
"us-ak",1.08366768991515
"us-al",1.10123402777013
"us-ar",0.912370881102376
"us-az",0.727370774137668
"us-ca",0.916455526498059
"us-co",0.866267771603798
"us-ct",0.990079666369022
"us-dc",1.69907457078669
"us-de",1.27126504285586
"us-fl",1.00187406124958
"us-ga",1.09391186252014
"us-hi",0.777434709126349
"us-ia",0.728221797681921
"us-id",0.759199068629198
"us-il",1.01467899944912
"us-in",0.988184635079609
"us-ks",0.676067066134771
"us-ky",1.09889659115508
"us-la",1.1778634198847
"us-ma",0.984032586424423
"us-md",1.29029529758158
"us-me",0.669189198245432
"us-mi",0.959685759612922
"us-mn",0.863617222310896
"us-mo",0.984918825965775
"us-ms",1.14138581564909
"us-mt",0.886628920314794
"us-nc",1.11285927712732
"us-nd",0.643547122056691
"us-ne",0.834470125490432
"us-nh",0.860110169139749
"us-nj",1.14126384269743
"us-nm",0.856388392533616
"us-nv",0.713233162550267
"us-ny",1.14082013987395
"us-oh",1.12457657093284
"us-ok",1.06365669176274
"us-or",0.822823144705346
"us-pa",1.09737315517453
"us-ri",1.17352346623737
"us-sc",1.00294843086237
"us-sd",0.78079331516436
"us-tn",1.09885799945831
"us-tx",0.838719616131151
"us-ut",0.91371306604826
"us-va",1.06274351670768
"us-vt",0.769082777127364
"us-wa",0.774435317650202
"us-wi",0.972106653809812
"us-wv",0.859932068640652
"us-wy",0.305734930951768
