"JS_KEY","NAME_REGIONALITY"
"us-ak",1.25915306572563
"us-al",1.13251849221228
"us-ar",0.911823187973989
"us-az",0.662188956651724
"us-ca",0.783973078484041
"us-co",1.0176636070167
"us-ct",1.1786271535778
"us-dc",2.28516413136251
"us-de",1.81110837024903
"us-fl",1.10333646027245
"us-ga",1.53225409334931
"us-ia",0.607541513655591
"us-id",0.797095434881867
"us-il",0.694133927060672
"us-in",1.22328937292185
"us-ks",0.920465337584424
"us-ky",1.11234632064883
"us-la",1.78923442505326
"us-ma",0.911921973671984
"us-md",1.40881983839586
"us-me",1.13546673542353
"us-mi",1.25930349618229
"us-mn",0.693553755758067
"us-mo",0.983762144410668
"us-ms",1.96415863550852
"us-mt",1.1204547420041
"us-nc",0.964006181741014
"us-ne",0.901517632777327
"us-nh",0.85222864784556
"us-nj",1.04740885703703
"us-nm",0.566665618740071
"us-nv",0.951350939456585
"us-ny",1.15088392616474
"us-oh",1.2256311834723
"us-ok",1.1503789988995
"us-or",0.65854967684406
"us-pa",1.17363390846629
"us-ri",0.974175004394039
"us-sc",0.992037675462684
"us-tn",1.73974162166391
"us-tx",0.695953180360023
"us-ut",0.781761181683638
"us-va",0.96628443372275
"us-wa",0.627677554579905
"us-wi",0.61463961589046
"us-wv",1.83784449614684
