"JS_KEY","NAME_REGIONALITY"
"us-ak",2.14503487008579
"us-al",1.42218068106441
"us-ar",1.09065804750996
"us-az",0.634700425354978
"us-ca",0.748514670239295
"us-co",0.547483428686645
"us-ct",1.13557948664332
"us-dc",2.09824646134413
"us-de",1.51759671644398
"us-fl",1.19905409474107
"us-ga",1.05860136452242
"us-ia",0.784347355118252
"us-il",0.901252385637573
"us-in",0.924749063770063
"us-ks",0.775249821556031
"us-ky",1.75771532338496
"us-la",1.95667349742158
"us-ma",1.22262105117947
"us-md",1.46279461279461
"us-mi",1.27378603274477
"us-mn",0.528626588901417
"us-mo",1.12687772812498
"us-ms",2.2389713461142
"us-mt",1.32268769408756
"us-nc",1.07828972263023
"us-nj",1.16687705996785
"us-nm",1.25843360071301
"us-nv",1.17509182017481
"us-ny",1.06889987643566
"us-oh",1.39728230280614
"us-ok",1.75510190783987
"us-or",0.447540561421581
"us-pa",1.16043644910987
"us-sc",1.34295456960423
"us-tn",1.23013806560424
"us-tx",0.670344082703286
"us-ut",0.626166540554174
"us-va",1.1661018898853
"us-wa",0.642252242105115
"us-wi",0.820258661380157
"us-wv",1.37895098791229
