"JS_KEY","NAME_REGIONALITY"
"us-ak",148.201053946286
"us-al",18.2030341654942
"us-ar",73.2235280561487
"us-az",82.6965845381948
"us-ca",106.024317541666
"us-co",146.006550216507
"us-ct",56.6989875368405
"us-dc",59.7314137967785
"us-de",38.1958175792373
"us-fl",63.9635358572645
"us-ga",20.3192611345724
"us-hi",71.3471955993426
"us-ia",238.650229662389
"us-id",200.269525759157
"us-il",126.686986063277
"us-in",142.983765219794
"us-ks",212.737086105008
"us-ky",96.5785178190627
"us-la",29.1559096062011
"us-ma",70.9265994061226
"us-md",81.4663915530762
"us-me",173.23086224578
"us-mi",138.582059032844
"us-mn",203.525537517502
"us-mo",155.038815713115
"us-ms",30.7314233395534
"us-mt",170.215085501223
"us-nc",45.4091733292134
"us-nd",229.567658330925
"us-ne",223.67939830348
"us-nh",119.902029165592
"us-nj",64.2837767345544
"us-nm",56.6430962096905
"us-nv",132.227287652674
"us-ny",77.6125753471801
"us-oh",104.939532940934
"us-ok",184.170814366722
"us-or",189.414318917874
"us-pa",70.6614491523901
"us-ri",66.039497683728
"us-sc",26.599760030713
"us-sd",277.480707144129
"us-tn",71.4104598558202
"us-tx",65.9946415127762
"us-ut",173.087393122674
"us-va",47.001406387537
"us-vt",204.100684520322
"us-wa",157.766335584045
"us-wi",219.425359367358
"us-wv",94.7198498043457
"us-wy",146.602204401637
