"JS_KEY","NAME_REGIONALITY"
"us-al",0.259600792006684
"us-ar",0.896543051272856
"us-az",0.738661389767991
"us-ca",1.11293369709358
"us-co",1.48558260185418
"us-ct",0.570920997548703
"us-dc",0.449903715420592
"us-de",0.296641612364087
"us-fl",0.576556180763144
"us-ga",0.293416472908059
"us-hi",1.05962459830689
"us-ia",2.01365456464991
"us-id",2.24278359312777
"us-il",1.18838109839167
"us-in",1.34791676261501
"us-ks",2.16676751879973
"us-ky",1.04417381455154
"us-la",0.329227855222535
"us-ma",0.800175032258852
"us-md",0.668736348048172
"us-me",1.49552218079714
"us-mi",1.28717263105734
"us-mn",1.91808969655189
"us-mo",1.53213394262481
"us-ms",0.344041861113575
"us-mt",1.32637893032252
"us-nc",0.4298709951382
"us-nd",1.818519112898
"us-ne",2.09877806821963
"us-nh",1.52323562772636
"us-nj",0.574280865976811
"us-nm",0.483656765851461
"us-nv",1.64839000011181
"us-ny",0.753905838668598
"us-oh",1.01387049270276
"us-ok",2.20853346053475
"us-or",1.93557183945723
"us-pa",0.704143644813069
"us-ri",0.816647111590755
"us-sc",0.229230774539864
"us-sd",2.65665492153173
"us-tn",0.732688911610765
"us-tx",0.961137922740759
"us-ut",2.38626920219774
"us-va",0.54878966838517
"us-vt",1.8575195678536
"us-wa",1.5036459681841
"us-wi",2.14249159236457
"us-wv",0.831906331371379
"us-wy",1.17233903399524
