"JS_KEY","NAME_REGIONALITY"
"us-ak",147.602173669624
"us-al",83.0005355892084
"us-ar",91.178379240713
"us-az",90.2024495383726
"us-ca",94.1308895459315
"us-co",111.348397295005
"us-ct",89.6474103418724
"us-dc",76.6899136723176
"us-de",75.8988026196697
"us-fl",78.128273135159
"us-ga",66.9799602585811
"us-hi",130.988419112107
"us-ia",118.754520402501
"us-id",145.019775894316
"us-il",114.462661864721
"us-in",100.531362568057
"us-ks",136.172219024106
"us-ky",122.084102593353
"us-la",99.187504613218
"us-ma",94.6734747046332
"us-md",70.0799539893508
"us-me",105.225365823039
"us-mi",110.440226021861
"us-mn",116.517081493379
"us-mo",130.537727223068
"us-ms",61.3092613864482
"us-mt",136.043399023511
"us-nc",93.5689469329105
"us-nd",138.293851371748
"us-ne",134.205238225757
"us-nh",87.0327322918769
"us-nj",100.013343884784
"us-nm",84.3866784531324
"us-nv",119.855587831331
"us-ny",89.7186876260446
"us-oh",101.326523725498
"us-ok",143.736415045694
"us-or",115.204932775336
"us-pa",87.9930604141052
"us-ri",111.697501343261
"us-sc",70.4130420744023
"us-sd",129.702027981485
"us-tn",94.3748386041894
"us-tx",109.242769035267
"us-ut",131.206925944106
"us-va",82.3902977729485
"us-vt",79.1735206602949
"us-wa",103.828029010428
"us-wi",128.719445944787
"us-wv",94.1367513511323
"us-wy",131.041224247603
