"JS_KEY","NAME_REGIONALITY"
"us-ak",1.06913366405778
"us-al",1.3644946621133
"us-ar",1.2473024469908
"us-az",0.824544631534179
"us-ca",0.97430111161487
"us-co",1.05691908159565
"us-ct",0.736514809675781
"us-dc",0.903792605665479
"us-de",0.87236753575666
"us-fl",1.23400993107904
"us-ga",1.27871481337269
"us-hi",0.894960563902578
"us-ia",0.763214050096042
"us-id",0.872661189238054
"us-il",0.938385604806384
"us-in",0.982577925255251
"us-ks",1.13980573767312
"us-ky",1.24299153035646
"us-la",1.34138062074528
"us-ma",0.793511107006737
"us-md",0.87510767774266
"us-me",0.880982096402481
"us-mi",1.01069032880627
"us-mn",0.723879796358933
"us-mo",1.00748744798401
"us-ms",1.07546783421727
"us-mt",1.11136291416503
"us-nc",1.29407192473144
"us-nd",1.0841993855474
"us-ne",0.900156193980914
"us-nh",0.677129955353734
"us-nj",0.946123362931711
"us-nm",0.884398104706867
"us-nv",1.37382065690365
"us-ny",0.864576637197264
"us-oh",0.851541126001622
"us-ok",1.17294683662423
"us-or",1.0714888200767
"us-pa",0.850402289320077
"us-ri",0.948371112150865
"us-sc",1.31376637950739
"us-sd",0.939130676436807
"us-tn",1.26752838645785
"us-tx",1.29799015540719
"us-ut",1.00899791674409
"us-va",1.04232744383681
"us-vt",0.766985677171373
"us-wa",1.10512492582488
"us-wi",0.832483766882529
"us-wv",1.08863271198395
"us-wy",1.06541067856095
