"JS_KEY","NAME_REGIONALITY"
"us-ak",0.918033837522903
"us-al",1.3963362287323
"us-ar",1.41030153733418
"us-az",0.853861351761283
"us-ca",0.914013428583619
"us-co",0.927983991506568
"us-ct",0.869644861850514
"us-dc",1.25672988818799
"us-de",1.08715170994069
"us-fl",1.23608478633099
"us-ga",1.25223005144223
"us-hi",1.09162064985521
"us-ia",0.645271650374263
"us-id",1.11874465751365
"us-il",1.08128322038621
"us-in",0.844544284590915
"us-ks",0.756800501377292
"us-ky",1.07391675526463
"us-la",1.35412901995338
"us-ma",0.96886916361106
"us-md",1.10825229054639
"us-me",0.77484315824246
"us-mi",1.02366103695561
"us-mn",0.520217898539103
"us-mo",0.958948796189535
"us-ms",1.23463483967975
"us-mt",0.699215410946033
"us-nc",1.29901315499795
"us-nd",0.618655994337712
"us-ne",0.583281577885241
"us-nh",1.14964352355722
"us-nj",1.12095922218932
"us-nm",0.914828919175626
"us-nv",0.862211999783415
"us-ny",0.96408832640016
"us-oh",0.947994012720302
"us-ok",1.17464587156585
"us-or",0.726045268170489
"us-pa",0.914430674119258
"us-ri",0.83442559953258
"us-sc",1.43100167756542
"us-sd",0.618810890680811
"us-tn",1.14542032088016
"us-tx",1.0168139966486
"us-ut",0.589278131701767
"us-va",0.970615292609807
"us-vt",0.374417618145608
"us-wa",0.917222979974304
"us-wi",0.694591638411905
"us-wv",0.970473251630284
"us-wy",1.1822934407989
