"JS_KEY","NAME_REGIONALITY"
"us-ak",95.6707844102961
"us-al",168.134653235197
"us-ar",103.626732398561
"us-az",89.684741548355
"us-ca",92.7939426152153
"us-co",65.169270567376
"us-ct",75.0238026166883
"us-dc",139.545635609529
"us-de",120.795034201094
"us-fl",119.800231024236
"us-ga",120.752735818812
"us-hi",74.9096082869244
"us-ia",52.5366163314571
"us-id",100.792716443812
"us-il",92.1272415851625
"us-in",85.7046943394283
"us-ks",76.4481483328293
"us-ky",117.874331783909
"us-la",176.475539813684
"us-ma",83.9238653118167
"us-md",117.683227016716
"us-me",84.7664348743828
"us-mi",109.773199565116
"us-mn",36.285060437399
"us-mo",94.782681050317
"us-ms",170.67991177541
"us-mt",95.6591559171633
"us-nc",144.409841608933
"us-nd",44.1273394549792
"us-ne",80.7751650256182
"us-nh",62.4516629952265
"us-nj",117.262086365081
"us-nm",89.4951720005574
"us-nv",117.560478143716
"us-ny",100.782071919742
"us-oh",91.0653220700687
"us-ok",108.281771393098
"us-or",69.6821179848125
"us-pa",97.6543095421759
"us-ri",83.7484519255779
"us-sc",120.279665099043
"us-sd",38.6434067841772
"us-tn",112.14119607904
"us-tx",98.975835673465
"us-ut",85.8956193858182
"us-va",116.343566254415
"us-vt",52.4035007954657
"us-wa",93.1664054047996
"us-wi",62.6720802160772
"us-wv",93.7548425225772
"us-wy",125.450184628009
