"JS_KEY","NAME_REGIONALITY"
"us-ak",1.25551707467737
"us-al",1.28790836894686
"us-ar",1.2838470758151
"us-az",0.890948857208339
"us-ca",0.965895919461707
"us-co",0.734528184669138
"us-ct",0.654583010858257
"us-dc",1.45076211228014
"us-de",0.893085803495633
"us-fl",1.24331176779292
"us-ga",1.17009718965904
"us-hi",1.41975829634464
"us-ia",0.606811880941548
"us-id",0.713755824889915
"us-il",1.01350987731928
"us-in",0.857343192445872
"us-ks",0.746943132897115
"us-ky",1.21950641073118
"us-la",1.47951740582305
"us-ma",0.750858276655646
"us-md",1.02340298983405
"us-me",0.613147712766766
"us-mi",1.05106889290427
"us-mn",0.414696546735763
"us-mo",0.958371649465136
"us-ms",1.69720154299977
"us-mt",0.726477963133189
"us-nc",1.45178213550266
"us-nd",0.519054917914365
"us-ne",0.720984730215197
"us-nh",0.712526483131579
"us-nj",1.1208320318364
"us-nm",0.998802953426946
"us-nv",1.53829070153635
"us-ny",0.91704881943503
"us-oh",0.919976751584162
"us-ok",1.20241187109737
"us-or",0.894001646314943
"us-pa",0.973829417256726
"us-ri",1.25230933846595
"us-sc",1.49257283767199
"us-sd",0.470433418867159
"us-tn",1.11925909859591
"us-tx",1.05043693064896
"us-ut",0.821589094696076
"us-va",1.15795694598572
"us-vt",0.682661511726394
"us-wa",0.853191313480566
"us-wi",0.569635551428043
"us-wv",1.25163987930013
"us-wy",0.873958003135006
