"JS_KEY","NAME_REGIONALITY"
"us-ak",1.24574678896067
"us-al",1.47516042839161
"us-ar",1.01298992591333
"us-az",0.879459892262186
"us-ca",0.9796513544046
"us-co",0.766212039639822
"us-ct",0.791156136990314
"us-dc",1.54403488611921
"us-de",0.783238973854041
"us-fl",1.26102241544268
"us-ga",1.31262915898841
"us-hi",1.02682122968519
"us-ia",0.559922713244377
"us-id",0.785210803674928
"us-il",0.984211954112582
"us-in",0.868558963405977
"us-ks",0.905911510923444
"us-ky",1.02344261480342
"us-la",1.59245782770741
"us-ma",0.724274693105292
"us-md",1.21906913220674
"us-me",0.935207420662131
"us-mi",1.21345533024098
"us-mn",0.389506584148837
"us-mo",0.9769256044537
"us-ms",1.590310355395
"us-mt",0.767371550170886
"us-nc",1.19835262068068
"us-nd",0.418553297794036
"us-ne",0.596734196976073
"us-nh",0.583554301003049
"us-nj",1.00687362007399
"us-nm",0.713069004547544
"us-nv",1.02208102764958
"us-ny",1.00773661584317
"us-oh",0.941514130386725
"us-ok",1.17265175704223
"us-or",1.01722578576517
"us-pa",0.893142667697509
"us-ri",1.03538977893427
"us-sc",1.41079621749052
"us-sd",0.594667333748131
"us-tn",1.14417066911046
"us-tx",0.920713970177044
"us-ut",0.84420107398568
"us-va",1.14666464660038
"us-vt",0.589713076385501
"us-wa",0.811602812269723
"us-wi",0.64604902749385
"us-wv",1.1744005155615
"us-wy",0.63308925514501
