"JS_KEY","NAME_REGIONALITY"
"us-ak",135.153847379575
"us-al",133.389436839372
"us-ar",160.336130142073
"us-az",75.3388752315293
"us-ca",81.0691552622275
"us-co",54.6941286135068
"us-ct",79.0130184680593
"us-dc",103.060458871382
"us-de",146.925034341433
"us-fl",144.398993677758
"us-ga",133.623558093418
"us-hi",139.705660892359
"us-ia",83.1342010859977
"us-id",138.391065280882
"us-il",80.3431342844534
"us-in",97.8152910883816
"us-ks",94.6956457778802
"us-ky",164.157695540222
"us-la",186.750344194172
"us-ma",59.8938760206594
"us-md",78.3353698400722
"us-mi",115.325887734069
"us-mn",69.2947571038807
"us-mo",126.666222801045
"us-ms",151.834026572831
"us-mt",170.405956880423
"us-nc",120.572970504605
"us-ne",88.9923292333745
"us-nj",93.0843179698102
"us-nm",101.674112597224
"us-nv",119.945452663827
"us-ny",86.1807006751026
"us-oh",106.66757493188
"us-ok",139.143628852035
"us-or",81.5213682606961
"us-pa",76.8475148131334
"us-ri",85.0722990254259
"us-sc",154.500823061726
"us-sd",233.211986901184
"us-tn",151.97456119618
"us-tx",88.2518741355467
"us-ut",93.30526272492
"us-va",113.979004019127
"us-wa",81.9953764135868
"us-wi",57.1826174892553
"us-wv",160.634633549313
"us-wy",194.2126714446
