"JS_KEY","NAME_REGIONALITY"
"us-ny",735.701535166012
"us-tx",822.744210806494
