"JS_KEY","NAME_REGIONALITY"
"us-ny",7.35701535166012
"us-tx",8.22744210806495
