"JS_KEY","NAME_REGIONALITY"
"us-ca",990.656887061839
"us-il",267.014568322544
"us-ny",452.335091111872
