"JS_KEY","NAME_REGIONALITY"
"us-ca",5.1405272819818
"us-ct",9.12184177171265
"us-il",3.38293825201918
"us-nj",3.88956770942847
"us-ny",3.80555645506929
