"JS_KEY","NAME_REGIONALITY"
"us-ak",101.127526075952
"us-al",44.07988246651
"us-ar",49.6611102734228
"us-az",104.989426108493
"us-ca",129.266737052646
"us-co",158.731687991008
"us-ct",79.8432513543483
"us-dc",142.905151712074
"us-de",96.5038525194435
"us-fl",99.0461564955989
"us-ga",50.3291600283791
"us-hi",104.781472606231
"us-ia",156.574845648127
"us-id",162.410344366143
"us-il",101.379949065932
"us-in",114.591622494899
"us-ks",142.919828870956
"us-ky",54.0367980352567
"us-la",106.317421037658
"us-ma",111.248047737305
"us-md",83.6536011406611
"us-me",111.47248671138
"us-mi",147.751232805388
"us-mn",150.784349149826
"us-mo",109.087949043836
"us-ms",33.5011138973649
"us-mt",126.711525614421
"us-nc",56.2145431445391
"us-nd",148.109416867484
"us-ne",158.547549327685
"us-nh",93.1548031224965
"us-nj",72.2657052746151
"us-nm",114.958731424551
"us-nv",185.833929246249
"us-ny",89.1381127970549
"us-oh",113.647381086582
"us-ok",80.8792233224008
"us-or",163.701793511938
"us-pa",89.8280731503497
"us-ri",93.3298624692978
"us-sc",36.2750997900404
"us-sd",171.831159756607
"us-tn",45.8493135007349
"us-tx",73.2052887860213
"us-ut",213.654408815938
"us-va",66.5192636894151
"us-vt",102.819742898287
"us-wa",144.396073992096
"us-wi",114.659528705573
"us-wv",45.994918502406
"us-wy",111.488884547024
