"JS_KEY","NAME_REGIONALITY"
"us-ak",136.396030146864
"us-al",53.6279708818699
"us-ar",61.7551177650318
"us-az",128.548245798341
"us-ca",126.115889708937
"us-co",141.060531016308
"us-ct",80.1854267563368
"us-dc",111.31188528527
"us-de",99.1231046088598
"us-fl",94.2744793735547
"us-ga",61.8579818734264
"us-hi",149.578764736758
"us-ia",124.792218683081
"us-id",158.549653650753
"us-il",108.120741594973
"us-in",108.656887247981
"us-ks",146.076879892989
"us-ky",63.8774846078321
"us-la",109.086778614557
"us-ma",109.584458508414
"us-md",95.7847226317378
"us-me",122.334744463278
"us-mi",123.219878490851
"us-mn",124.899139119591
"us-mo",106.284537164082
"us-ms",47.3386219362731
"us-mt",129.667628626425
"us-nc",66.8092404979614
"us-nd",133.633560536781
"us-ne",145.362141136355
"us-nh",112.796669951221
"us-nj",77.2446391155062
"us-nm",107.812218787619
"us-nv",130.178891622658
"us-ny",82.9493450764092
"us-oh",109.307827265443
"us-ok",93.9348071583208
"us-or",130.36965711754
"us-pa",93.9477179183666
"us-ri",104.603583953829
"us-sc",67.7812190544103
"us-sd",142.47446565731
"us-tn",58.5065679576234
"us-tx",83.5909499208109
"us-ut",157.810367204377
"us-va",81.1774154178839
"us-vt",95.9696701279515
"us-wa",127.641232119773
"us-wi",121.695917567892
"us-wv",72.6211424068296
"us-wy",140.49473709329
