"JS_KEY","NAME_REGIONALITY"
"us-ak",98.6677011047728
"us-al",43.6251685961802
"us-ar",58.6222517228227
"us-az",131.446605715162
"us-ca",128.014218066444
"us-co",114.885186335515
"us-ct",111.523862691946
"us-dc",117.866942833149
"us-de",124.449380302778
"us-fl",116.97250130973
"us-ga",59.1709036477262
"us-hi",159.453084509425
"us-ia",106.433438178339
"us-id",97.4080991654063
"us-il",108.95638739244
"us-in",93.4910227246606
"us-ks",101.1527824093
"us-ky",65.6619202875751
"us-la",98.9056793870704
"us-ma",118.631589087854
"us-md",94.785695610825
"us-me",118.332914783749
"us-mi",107.940917901527
"us-mn",100.693233211941
"us-mo",88.6613907825321
"us-ms",45.9092636764348
"us-mt",85.4310611389031
"us-nc",60.4649716636607
"us-nd",96.39642110414
"us-ne",102.16506966893
"us-nh",85.2105964587453
"us-nj",103.880691277461
"us-nm",127.108808215317
"us-nv",99.2545760508113
"us-ny",111.896657348659
"us-oh",101.295435510567
"us-ok",89.0063793380478
"us-or",106.040337736471
"us-pa",100.241191937638
"us-ri",101.838765549501
"us-sc",62.7314902206467
"us-sd",112.517676647241
"us-tn",50.0214978659863
"us-tx",94.6345586302369
"us-ut",95.6490209356386
"us-va",91.0677739009205
"us-vt",107.297054501725
"us-wa",108.834789908834
"us-wi",107.869785484828
"us-wv",90.3258458773598
"us-wy",97.548351568743
