"JS_KEY","NAME_REGIONALITY"
"us-ak",0.952894461108138
"us-al",0.368094401055866
"us-ar",0.617097983673736
"us-az",1.58356719344442
"us-ca",1.66567553042872
"us-co",0.916420031974812
"us-ct",0.689055062016504
"us-dc",1.32212462045147
"us-fl",1.10740255883224
"us-ga",1.04261432986865
"us-hi",1.02423415338361
"us-ia",0.412784023023137
"us-id",0.472085389710968
"us-il",1.40331904097031
"us-in",0.540063090662881
"us-ks",0.764816033530605
"us-ky",0.386519512536385
"us-la",0.316146002777556
"us-ma",0.614386703118249
"us-md",0.820919499186446
"us-mi",0.452986032785124
"us-mn",0.506966084390513
"us-mo",0.526765089886512
"us-ms",0.386294399250109
"us-nc",0.853655266748191
"us-ne",0.848290102359475
"us-nj",1.0445507671404
"us-nm",1.64518852512186
"us-nv",1.54102099065316
"us-ny",1.17175012917683
"us-oh",0.430247368063053
"us-ok",0.830073553841712
"us-or",0.664307000949107
"us-pa",0.524831766215252
"us-sc",0.649407052495714
"us-tn",0.556446638902465
"us-tx",1.43692359173696
"us-ut",0.875448817861383
"us-va",0.894109268329264
"us-wa",0.774322055147925
"us-wi",0.509393049688127
"us-wv",0.443214051827818
