"JS_KEY","NAME_REGIONALITY"
"us-ar",157.059068397233
"us-az",111.269571908973
"us-ca",184.687075310826
"us-co",95.1511212850159
"us-ct",83.8349912829453
"us-fl",108.482972263029
"us-ga",85.6123348157426
"us-il",109.257157311358
"us-in",126.943244325123
"us-ky",47.5033122588443
"us-la",49.5997850778789
"us-ma",50.4531147136274
"us-md",190.509205313447
"us-mi",25.452344281895
"us-mn",78.1119204907396
"us-nc",77.3164106013157
"us-nj",191.966438308984
"us-ny",122.408005889194
"us-oh",76.4659143347704
"us-ok",110.728959725483
"us-or",117.83538755579
"us-pa",75.8525477929706
"us-sc",107.131180133964
"us-tn",47.7638987872825
"us-tx",133.621262146287
"us-va",88.1049579789667
"us-wa",90.161210601134
"us-wi",94.7689444150394
