"JS_KEY","NAME_REGIONALITY"
"us-ca",401.342174149257
"us-il",235.635566987141
"us-ks",531.996137353105
"us-la",804.324448529412
"us-ma",355.521405289524
"us-mn",383.996247920762
"us-ny",206.179003642693
"us-oh",257.604769158344
