"JS_KEY","NAME_REGIONALITY"
"us-il",1.2831187885538
"us-in",1.97319664031621
"us-ma",3.18695470988793
"us-mi",2.20030931242917
"us-mo",4.36125873616773
"us-nj",2.01297883064516
"us-ny",2.49890501814541
"us-oh",1.29000267633017
"us-pa",0.744528473068032
"us-tx",2.41830494106249
