"JS_KEY","NAME_REGIONALITY"
"us-il",383.552097751897
"us-nj",447.133843020733
"us-ny",472.391925753378
"us-pa",185.984111340198
