"JS_KEY","NAME_REGIONALITY"
"us-la",10.9400689773797
"us-mn",6.43133513554275
"us-ny",2.56410880136091
"us-oh",2.08482078569486
"us-pa",1.70794054784246
"us-tx",4.54561190887612
