"JS_KEY","NAME_REGIONALITY"
"us-ca",2.62155493316145
"us-il",2.10860649854854
"us-la",8.70442405388684
"us-mo",6.28485334934422
"us-ny",3.20223652926562
"us-oh",2.62931628614809
