"JS_KEY","NAME_REGIONALITY"
"us-az",1692.14151471529
"us-ca",248.228201540975
"us-ks",622.536969365298
"us-la",917.752669537307
"us-mi",149.425966180504
"us-ny",226.762109462078
"us-oh",143.622005688259
"us-pa",114.91304890931
"us-tx",193.064680225927
