"JS_KEY","NAME_REGIONALITY"
"us-az",1338.431850931
"us-ca",160.402807819013
"us-fl",261.697466250498
"us-hi",1450.72673856415
"us-ia",236.734423375516
"us-il",88.4724062315771
"us-la",341.268842854402
"us-ma",238.110741093941
"us-mi",195.924120437477
"us-mo",163.940421823312
"us-nj",141.789690625404
"us-ny",185.243722173445
"us-ok",402.756507946018
"us-pa",59.3099848037262
"us-tx",168.742731998203
