"JS_KEY","NAME_REGIONALITY"
"us-ak",120.583033020251
"us-al",112.424851719151
"us-ar",66.287092933169
"us-az",77.6313861895004
"us-ca",97.0713982429584
"us-co",67.5576277947991
"us-ct",94.9923165501109
"us-dc",145.591046454424
"us-de",114.230342874844
"us-fl",137.634215945268
"us-ga",132.780005819753
"us-hi",168.074383897112
"us-ia",61.7955524532719
"us-id",88.004727309879
"us-il",64.725773973528
"us-in",91.9823577856733
"us-ks",58.6161630791372
"us-ky",109.478217150851
"us-la",135.550473103943
"us-ma",89.0772672835081
"us-md",141.68225277422
"us-me",76.5553802067195
"us-mi",99.7162228542286
"us-mn",41.1122951095337
"us-mo",102.761534449915
"us-ms",116.877280539011
"us-mt",141.344997145027
"us-nc",80.3266902699253
"us-ne",111.35168589518
"us-nj",128.004679459982
"us-nm",66.627842211441
"us-nv",101.944790966958
"us-ny",137.932207047002
"us-oh",84.4006066402458
"us-ok",99.9374822392725
"us-or",81.2113799385901
"us-pa",102.536463838889
"us-ri",112.789002797961
"us-sc",80.5950435729847
"us-tn",98.4232779629199
"us-tx",97.6024908742695
"us-ut",44.9310347445211
"us-va",138.415146026769
"us-wa",64.9216466068612
"us-wi",50.824861459953
"us-wv",101.366028974445
