"JS_KEY","NAME_REGIONALITY"
"us-al",111.113563239129
"us-ar",91.133497448074
"us-az",56.1083099960157
"us-ca",81.049149053651
"us-co",104.014190431688
"us-ct",105.636000897189
"us-dc",78.581384500385
"us-de",177.330233049728
"us-fl",158.963728075346
"us-ga",112.854270314207
"us-ia",175.796438618825
"us-il",75.0767319183302
"us-in",102.920263801381
"us-ks",45.6046683484953
"us-ky",142.290567752911
"us-la",71.6665837505521
"us-ma",77.1676539848407
"us-md",165.430498486945
"us-mi",97.2259353110019
"us-mn",94.1408719397011
"us-mo",65.1216087402263
"us-ms",170.319325683774
"us-nc",95.0954927893996
"us-ne",92.2627443411183
"us-nj",129.177743638452
"us-nm",86.4924397076628
"us-nv",110.757062057384
"us-ny",138.892080150582
"us-oh",91.4929633249097
"us-ok",74.4119768063801
"us-or",64.5703927771492
"us-pa",76.7547151276304
"us-ri",182.574659510845
"us-sc",112.717220680894
"us-sd",141.144256006461
"us-tn",86.8830817975384
"us-tx",99.0207344801872
"us-ut",55.8790729489707
"us-va",131.095495138579
"us-wa",70.0071663244445
"us-wi",56.0668517533422
"us-wv",116.15432343954
