"JS_KEY","NAME_REGIONALITY"
"us-ak",1.0682835228224
"us-al",0.841368583538292
"us-ar",1.17968470141486
"us-az",1.47100003774053
"us-ca",1.20930112519433
"us-co",1.34268724780469
"us-ct",0.383283509781052
"us-dc",0.488434054270959
"us-de",0.708420342983436
"us-fl",1.06350444353748
"us-ga",1.31208494554161
"us-hi",0.532530449983747
"us-ia",1.07513839741475
"us-id",1.4757664620118
"us-il",0.920106293223857
"us-in",1.52972274278795
"us-ks",1.53809972359436
"us-ky",0.894712292950332
"us-la",0.761050288766666
"us-ma",0.208842795405229
"us-md",0.550661257834319
"us-me",0.463154627345194
"us-mi",1.24401267606381
"us-mn",0.698863337252763
"us-mo",0.98161531212542
"us-ms",0.81472676267968
"us-mt",1.74873986228585
"us-nc",0.971477718149135
"us-nd",0.736458157616928
"us-ne",1.45557631352659
"us-nh",0.260705541686004
"us-nj",0.494264479512596
"us-nm",0.967408569106103
"us-nv",0.906976786565791
"us-ny",0.703563275097112
"us-oh",1.24596632465812
"us-ok",1.85969795431425
"us-or",1.61606191614031
"us-pa",0.823997420216002
"us-ri",0.354406623670549
"us-sc",0.85009783686643
"us-sd",1.18745601038334
"us-tn",1.01940434276846
"us-tx",1.32520410775872
"us-ut",1.62175637808446
"us-va",0.836472439177483
"us-vt",0.582858842625232
"us-wa",1.78850679057901
"us-wi",0.938648252277936
"us-wv",1.33100838850557
"us-wy",2.10310442939912
