"JS_KEY","NAME_REGIONALITY"
"us-ak",171.444448598355
"us-al",93.6874660613831
"us-ar",114.23934565994
"us-az",150.600446289975
"us-ca",114.666419930918
"us-co",136.383835240935
"us-ct",48.1275000478161
"us-dc",51.471850930543
"us-de",47.2038006442314
"us-fl",121.572550028132
"us-ga",128.940085085031
"us-hi",60.8316660546104
"us-ia",82.3727353118994
"us-id",165.291313897339
"us-il",90.4796352012365
"us-in",133.675745813074
"us-ks",130.39716646251
"us-ky",106.792902552948
"us-la",87.1778847118051
"us-ma",34.2260124609128
"us-md",74.3285507588229
"us-me",44.852196030591
"us-mi",118.720467845627
"us-mn",58.1935514522985
"us-mo",95.8328716548964
"us-ms",99.125933950153
"us-mt",191.425764193737
"us-nc",100.042905382058
"us-nd",94.8724299379387
"us-ne",113.61130412254
"us-nj",74.1097532237755
"us-nm",121.681248806387
"us-nv",156.271518254532
"us-ny",73.986207764406
"us-oh",131.772303859085
"us-ok",170.45255193518
"us-or",178.294023458624
"us-pa",81.4347940885256
"us-ri",43.2988461383266
"us-sc",92.8716919570412
"us-sd",117.365727773789
"us-tn",108.940570078607
"us-tx",145.210807890655
"us-ut",98.586654830562
"us-va",93.606121829346
"us-vt",55.2144609288276
"us-wa",117.832967936834
"us-wi",85.9654263475856
"us-wv",144.849042825393
"us-wy",178.438642219529
