"JS_KEY","NAME_REGIONALITY"
"us-ak",2.46867124867107
"us-al",0.974977853982161
"us-ar",1.41450533554521
"us-az",1.37474570683366
"us-ca",1.26091726930648
"us-co",1.22496189200215
"us-ct",0.416054949678191
"us-dc",0.437427635449331
"us-de",0.765592000979697
"us-fl",1.6045826429254
"us-ga",1.15012857085852
"us-hi",0.777319139889343
"us-ia",1.00990446557805
"us-id",1.331169360087
"us-il",0.923402353855779
"us-in",1.1831800997782
"us-ks",1.23849362006218
"us-ky",0.917539230239551
"us-la",0.858612759467124
"us-ma",0.16674604219838
"us-md",0.759760023745061
"us-me",0.556623388175644
"us-mi",1.17797240004875
"us-mn",0.724565533559014
"us-mo",1.05313542456298
"us-ms",1.04871223324548
"us-mt",1.74629313839537
"us-nc",1.06942993557974
"us-nd",0.804634404286568
"us-ne",0.73153807106599
"us-nj",0.618453146543125
"us-nm",1.56080373993956
"us-nv",1.92682880137106
"us-ny",0.593613655317306
"us-oh",1.38756634636708
"us-ok",2.07732957680424
"us-or",1.20880934820021
"us-pa",0.86556547510119
"us-sc",1.07027230613873
"us-tn",0.95830877476788
"us-tx",1.47017353159485
"us-ut",1.07750188725093
"us-va",0.885273938416996
"us-wa",1.48427002922642
"us-wi",0.783675135891853
"us-wv",1.63238555277058
"us-wy",1.24874593136653
