"JS_KEY","NAME_REGIONALITY"
"us-ak",227.402023541359
"us-al",130.599468459728
"us-ar",112.209755090648
"us-az",139.735595852589
"us-ca",124.773287373046
"us-co",145.489693661088
"us-ct",67.2386741981675
"us-dc",80.7838822329614
"us-fl",122.837104798588
"us-ga",107.087612278591
"us-hi",97.2035800575933
"us-ia",127.628390326021
"us-id",191.932976247793
"us-il",81.8232112288645
"us-in",124.73821076917
"us-ks",133.553713240025
"us-ky",66.8767936575761
"us-la",72.4782469440445
"us-ma",26.1041356691417
"us-md",84.7436736273418
"us-me",35.6906109293572
"us-mi",108.883626383838
"us-mn",77.9067122192427
"us-mo",96.9348205185887
"us-ms",100.285457478803
"us-mt",116.967755081249
"us-nc",108.056536157268
"us-nd",69.2019066287173
"us-ne",54.0902023971054
"us-nh",48.3406006527956
"us-nj",78.369309767264
"us-nm",91.8808371013565
"us-nv",158.273794206308
"us-ny",80.4502372158982
"us-oh",130.786896549645
"us-ok",175.866683614355
"us-or",148.090180483885
"us-pa",76.7360601474331
"us-ri",41.4909833399588
"us-sc",94.840778769628
"us-tn",120.875317885328
"us-tx",123.891603875491
"us-ut",96.3457291853983
"us-va",86.4324140981066
"us-wa",150.96509868336
"us-wi",72.6518996380512
"us-wv",112.820196421953
"us-wy",396.84520887918
