"JS_KEY","NAME_REGIONALITY"
"us-ak",200.079628595904
"us-al",85.4033019297015
"us-ar",84.3972251531812
"us-az",161.780685632284
"us-ca",104.158703764877
"us-co",151.254541894842
"us-ct",47.6465640219145
"us-dc",80.9154105187385
"us-fl",119.846708078339
"us-ga",133.759515484575
"us-ia",73.2856976439297
"us-id",140.367836607866
"us-il",78.3644867047641
"us-in",124.184650645337
"us-ks",155.723143978472
"us-ky",117.977940503325
"us-la",144.458713231251
"us-ma",27.0715368376943
"us-md",100.468008104598
"us-me",59.6779110341978
"us-mi",100.742551492631
"us-mn",57.8793986468658
"us-mo",57.6845093034224
"us-ms",107.098959048451
"us-mt",140.404987336567
"us-nc",99.4912957268834
"us-ne",54.011605353534
"us-nh",85.518029632455
"us-nj",66.4312119433575
"us-nm",115.982482085994
"us-nv",121.007491747262
"us-ny",83.4930816855692
"us-oh",149.380230854844
"us-ok",184.859514233753
"us-or",133.963849449494
"us-pa",85.2853202232748
"us-ri",82.5890260228328
"us-sc",123.755095758942
"us-sd",132.592641278504
"us-tn",84.4142785427858
"us-tx",116.373485012221
"us-ut",104.08248156566
"us-va",89.5575605257193
"us-wa",128.72980915285
"us-wi",80.516570447232
"us-wv",127.144872406071
