"JS_KEY","NAME_REGIONALITY"
"us-ak",198.991444833394
"us-al",57.8559672580997
"us-ar",113.80823181258
"us-az",122.184568927645
"us-ca",101.556439087494
"us-co",164.59084668581
"us-ct",105.818434742739
"us-fl",75.8062646984356
"us-ga",79.3846041499358
"us-hi",86.255843676135
"us-ia",89.7131693733285
"us-id",148.487929523796
"us-il",183.774928901718
"us-in",104.377277127813
"us-ks",132.498322074054
"us-ky",50.2649008249378
"us-la",67.7431624035159
"us-ma",99.2347991958904
"us-md",85.3144620950467
"us-me",79.33283844385
"us-mi",110.751725928591
"us-mn",304.278969127187
"us-mo",95.7439607716357
"us-ms",59.4346406572185
"us-mt",140.113826324637
"us-nc",69.9540932578043
"us-ne",162.766462143956
"us-nh",124.590064300087
"us-nj",86.731974409609
"us-nm",106.385302512948
"us-nv",56.9041159062899
"us-ny",102.141145835154
"us-oh",88.3463198361406
"us-ok",113.651822669401
"us-or",108.56703737464
"us-pa",71.296869468267
"us-ri",92.9912792162018
"us-sc",87.6220239484384
"us-sd",90.2651505095379
"us-tn",44.6310594632716
"us-tx",72.7879206172597
"us-ut",88.876310336097
"us-va",88.2811619279117
"us-vt",166.199157589573
"us-wa",135.047302134851
"us-wi",130.379683761156
"us-wv",52.6374063279996
