"JS_KEY","NAME_REGIONALITY"
"us-ak",147.77091678087
"us-al",50.7784347764098
"us-ar",55.3147141411173
"us-az",74.6111279194374
"us-ca",90.3869441725324
"us-co",186.487241346125
"us-ct",142.610511916662
"us-dc",94.4303933290414
"us-de",59.200230633401
"us-fl",53.6473219366171
"us-ga",79.6708304919122
"us-hi",71.5309376283595
"us-ia",127.877597972652
"us-id",95.4883376981526
"us-il",169.120158268201
"us-in",83.6044271505342
"us-ks",156.124916970682
"us-ky",65.0746966136291
"us-la",67.5672945486656
"us-ma",132.409169498811
"us-md",88.010619553312
"us-me",116.023828861944
"us-mi",138.111116296296
"us-mn",314.315158813676
"us-mo",99.4655068309712
"us-ms",44.7903285366334
"us-mt",83.0459179374842
"us-nc",86.2312602537263
"us-nd",148.891252069461
"us-ne",164.572703229771
"us-nh",138.441092891421
"us-nj",97.1841838150281
"us-nm",64.1575703136696
"us-nv",61.4777829644555
"us-ny",105.662534784962
"us-oh",108.905451184277
"us-ok",110.320113938385
"us-or",131.785208962842
"us-pa",70.937954013036
"us-ri",110.680778059967
"us-sc",34.1756963720694
"us-sd",155.924060594915
"us-tn",48.2674519308509
"us-tx",59.1703508741839
"us-ut",94.9127075940654
"us-va",90.7063451646103
"us-vt",106.602928770738
"us-wa",138.876327409084
"us-wi",179.22068701768
"us-wv",40.8586487702055
