"JS_KEY","NAME_REGIONALITY"
"us-ak",115.565539447627
"us-al",48.2703453600156
"us-ar",60.8831654588254
"us-az",78.1325635451712
"us-ca",86.1563114766183
"us-co",160.917874759426
"us-ct",176.534078013874
"us-dc",101.593132291607
"us-de",94.8569993488239
"us-fl",60.6096660247472
"us-ga",65.9517806870137
"us-hi",57.8440984064615
"us-ia",150.5902810395
"us-id",65.4471873236427
"us-il",156.515953939604
"us-in",96.5150333760803
"us-ks",137.074045948101
"us-ky",55.996901154053
"us-la",64.3183219154855
"us-ma",150.816663115614
"us-md",90.8482002600961
"us-me",100.446171887948
"us-mi",134.376304044729
"us-mn",331.996603444953
"us-mo",127.717498071519
"us-ms",53.5594295768714
"us-mt",136.317991989922
"us-nc",63.0699251484318
"us-nd",167.550652846441
"us-ne",215.74960504483
"us-nh",131.564645768376
"us-nj",115.736275201719
"us-nm",38.7342962081592
"us-nv",60.9739865627102
"us-ny",110.940875368159
"us-oh",104.448518365001
"us-ok",54.0170122952318
"us-or",117.776292238339
"us-pa",76.7689326898039
"us-ri",106.105528475145
"us-sc",41.6878282707997
"us-sd",102.545408769729
"us-tn",54.8356370533949
"us-tx",58.4880101704187
"us-ut",67.2910804674562
"us-va",88.5305501253917
"us-vt",172.159097733283
"us-wa",135.415209213215
"us-wi",174.129880736427
"us-wv",39.6792137972009
"us-wy",150.421044587825
