"JS_KEY","NAME_REGIONALITY"
"us-ak",116.784806874454
"us-al",54.8866900091844
"us-ar",67.3407903806006
"us-az",82.870581469149
"us-ca",68.7075412279473
"us-co",127.23143630581
"us-ct",162.175025349003
"us-dc",72.4707423530299
"us-de",72.3980919660837
"us-fl",64.2156671703377
"us-ga",70.871419715687
"us-hi",109.480951276645
"us-ia",170.058071646489
"us-id",162.066234072138
"us-il",131.758043222602
"us-in",105.092755180496
"us-ks",127.008901292168
"us-ky",87.9444531638943
"us-la",88.1043900709364
"us-ma",170.473044475624
"us-md",93.3013622166368
"us-me",155.633070582252
"us-mi",167.074596705322
"us-mn",224.806752420527
"us-mo",123.910883987539
"us-ms",55.345591438819
"us-mt",161.328840722255
"us-nc",75.9239068980906
"us-nd",299.54721390303
"us-ne",129.271618759277
"us-nh",200.206699564887
"us-nj",123.080293132375
"us-nm",63.8966054005724
"us-nv",66.4649615903573
"us-ny",110.186046814046
"us-oh",116.139312948236
"us-ok",81.272180708353
"us-or",147.208608470588
"us-pa",115.436387222444
"us-ri",151.468300859444
"us-sc",43.8573666082895
"us-sd",236.896816223965
"us-tn",64.830963496719
"us-tx",57.9048668720725
"us-ut",178.611914306316
"us-va",83.2804072288758
"us-vt",180.386764880293
"us-wa",137.018709383776
"us-wi",210.707940218607
"us-wv",67.0793575859344
"us-wy",90.4349028515649
