"JS_KEY","NAME_REGIONALITY"
"us-ak",155.848749439581
"us-al",70.0708998785794
"us-ar",87.8213109143805
"us-az",80.4869883850724
"us-ca",69.8341229185199
"us-co",154.518933000109
"us-ct",160.508227435647
"us-dc",100.519837222151
"us-de",67.2042000920967
"us-fl",62.7441054918181
"us-ga",70.7824020958099
"us-hi",107.398361012768
"us-ia",161.739435431127
"us-id",143.214304528772
"us-il",108.974634876483
"us-in",120.406392316474
"us-ks",133.389851563002
"us-ky",66.7226722513813
"us-la",99.4692306985507
"us-ma",172.068119793814
"us-md",82.3920602136883
"us-me",182.893091254097
"us-mi",150.375019755211
"us-mn",244.000507873084
"us-mo",121.413614130089
"us-ms",58.3610051866663
"us-mt",137.549089827966
"us-nc",90.9164548691949
"us-nd",287.81714238769
"us-ne",198.738661347348
"us-nh",178.166640581238
"us-nj",103.919777489253
"us-nm",48.4001344706273
"us-nv",73.3470759924427
"us-ny",119.442789287738
"us-oh",112.224932325739
"us-ok",88.1609346460805
"us-or",145.009885795429
"us-pa",101.503868872746
"us-ri",137.338124966267
"us-sc",64.1627557458785
"us-sd",188.245159514812
"us-tn",84.1863566743547
"us-tx",59.2379978425353
"us-ut",179.008579398428
"us-va",85.3352940966868
"us-vt",189.712833639843
"us-wa",136.047802580657
"us-wi",173.515892211103
"us-wv",59.42833721028
"us-wy",156.765506789226
