"JS_KEY","NAME_REGIONALITY"
"us-ak",1.07208581432101
"us-al",0.743226398564897
"us-ar",0.995477427830677
"us-az",0.802582074145067
"us-ca",0.768955863705352
"us-co",1.35222928099564
"us-ct",1.20715386480107
"us-dc",1.06757610106139
"us-de",1.24865490182268
"us-fl",0.675683768181313
"us-ga",0.710077846607568
"us-hi",1.24346531126902
"us-ia",1.54458049956879
"us-id",1.62941144331657
"us-il",1.08635705594034
"us-in",1.05927438565691
"us-ks",1.24089269111814
"us-ky",1.02082723544013
"us-la",0.886853031398901
"us-ma",1.38372764093782
"us-md",0.854033335829408
"us-me",1.79583991893514
"us-mi",1.43738319088809
"us-mn",1.71101138979394
"us-mo",1.3116018755957
"us-ms",0.736911862160371
"us-mt",1.55389564143155
"us-nc",1.01918375900036
"us-nd",1.90304256333345
"us-ne",1.5738406263274
"us-nh",1.45610995803286
"us-nj",0.952597663207072
"us-nm",0.411130283508204
"us-nv",0.934959993536449
"us-ny",1.05356415848855
"us-oh",1.19934991347994
"us-ok",0.98307683437506
"us-or",1.33546846549716
"us-pa",1.10389677694603
"us-ri",1.28316652319797
"us-sc",0.763953883691115
"us-sd",1.72204666736424
"us-tn",0.985853501824098
"us-tx",0.629044223684886
"us-ut",2.05111421068348
"us-va",0.935743505312557
"us-vt",1.94629353068194
"us-wa",1.20953328519278
"us-wi",1.64462464897189
"us-wv",0.946161759716262
"us-wy",2.04546772332815
