"JS_KEY","NAME_REGIONALITY"
"us-ny",5.53065429699902
"us-tx",10.8669914783715
