"JS_KEY","NAME_REGIONALITY"
"us-ny",553.065429699902
"us-tx",1086.69914783715
