"JS_KEY","NAME_REGIONALITY"
"us-ca",2.67296777375957
"us-ny",1.12073437248055
"us-oh",5.81137627501165
"us-pa",1.86032402792282
"us-tx",4.50650403975395
