"JS_KEY","NAME_REGIONALITY"
"us-ak",2.20356666985565
"us-al",1.78209135008606
"us-ar",0.813188431130296
"us-az",1.13930755538351
"us-ca",1.15604163129246
"us-co",0.977756040090652
"us-ct",0.856079709814627
"us-dc",1.21219421881708
"us-de",1.26022710152168
"us-fl",1.49091775948118
"us-ga",1.59908642958112
"us-hi",1.61367570833143
"us-ia",0.467423232999683
"us-id",1.36559670858271
"us-il",0.777328638835205
"us-in",0.832734408853242
"us-ks",0.762831199384949
"us-ky",0.860823042837267
"us-la",1.80785159981197
"us-ma",0.777783463623737
"us-md",1.04548898787129
"us-me",0.698718878733123
"us-mi",0.641690004005301
"us-mn",0.299974399960601
"us-mo",0.677809349660676
"us-ms",0.77544507761916
"us-mt",0.768374540605059
"us-nc",1.15840541533794
"us-ne",1.12983523998828
"us-nh",1.22673694702182
"us-nj",1.07695236263031
"us-nm",1.15752160558567
"us-nv",0.957610584489611
"us-ny",1.20447726335532
"us-oh",0.97566593371402
"us-ok",1.27165351749606
"us-or",1.15390088687047
"us-pa",0.838893242181226
"us-ri",0.759348004739699
"us-sc",1.59630775643597
"us-tn",1.16175662554017
"us-tx",1.02235374996256
"us-ut",0.345780008126658
"us-va",0.853606381412386
"us-wa",0.782324025888362
"us-wi",0.457084342103522
"us-wv",1.10307543734875
"us-wy",1.49446535756547
