"JS_KEY","NAME_REGIONALITY"
"us-ak",1.23962533138088
"us-al",0.679949363222319
"us-ar",1.19018127970977
"us-az",1.17097880699618
"us-ca",0.826676461694139
"us-co",1.04189502990292
"us-ct",0.984692496864228
"us-dc",0.696019680067121
"us-de",0.850388063549297
"us-fl",1.13027281564566
"us-ga",0.858606849522952
"us-hi",1.1825442306941
"us-ia",1.19715644635662
"us-id",0.86327562639289
"us-il",1.14269429122494
"us-in",1.08510673386601
"us-ks",1.09357508873336
"us-ky",1.17023334058166
"us-la",0.786502499176903
"us-ma",0.774147373027247
"us-md",0.936102292990648
"us-me",1.5186720261091
"us-mi",1.02020687878657
"us-mn",1.04197111139709
"us-mo",0.948382184164543
"us-ms",0.980106708429736
"us-mt",0.895820977944751
"us-nc",0.982337690504535
"us-nd",1.19572193422781
"us-ne",1.06414485664105
"us-nh",1.44834071754897
"us-nj",0.927108734049946
"us-nm",1.27540258251816
"us-nv",0.918739967155957
"us-ny",1.06019952637872
"us-oh",0.933765146104501
"us-ok",1.04872504579372
"us-or",0.873649931109908
"us-pa",0.912689959841834
"us-ri",0.835743033752237
"us-sc",0.824996806690864
"us-sd",1.07611322982045
"us-tn",1.07755954788017
"us-tx",1.11294579571055
"us-ut",0.727999707008704
"us-va",1.02070950034505
"us-vt",1.23445289376984
"us-wa",0.924520575516583
"us-wi",1.24376995201704
"us-wv",1.5242482377341
"us-wy",1.19798664663851
