"JS_KEY","NAME_REGIONALITY"
"us-ak",124.463635746091
"us-al",52.7049489412851
"us-ar",66.4788996249152
"us-az",115.038661655935
"us-ca",129.722286316776
"us-co",112.687542363484
"us-ct",113.871758369249
"us-dc",48.3584093763359
"us-de",113.962389393592
"us-fl",100.061478233354
"us-ga",70.7884041857937
"us-hi",127.552270570105
"us-ia",123.558592691489
"us-id",122.245563780165
"us-il",98.3748824078595
"us-in",91.0489711868151
"us-ks",105.929576796566
"us-ky",61.2418831109486
"us-la",70.1553024343929
"us-ma",104.255091296988
"us-md",83.765201758632
"us-me",89.9251423464869
"us-mi",108.186931454386
"us-mn",115.131085818427
"us-mo",91.3301793624094
"us-ms",35.1551662782303
"us-mt",86.766095429724
"us-nc",74.5739163932017
"us-nd",122.360818690354
"us-ne",116.406205984979
"us-nh",98.9307854665692
"us-nj",104.895734828852
"us-nm",110.322729520983
"us-nv",121.004642636744
"us-ny",100.180017291873
"us-oh",89.8818139715039
"us-ok",77.3801971154036
"us-or",111.074946112866
"us-pa",99.3847910579589
"us-ri",127.443483985397
"us-sc",61.5287983757766
"us-sd",100.031788039147
"us-tn",61.3980421049318
"us-tx",99.4539210003086
"us-ut",142.716654070096
"us-va",77.9272221888975
"us-vt",84.2438252137437
"us-wa",124.717991811211
"us-wi",109.07743315269
"us-wv",58.6795542795515
"us-wy",147.582701207781
