"JS_KEY","NAME_REGIONALITY"
"us-al",136.578376915854
"us-ar",86.4156524166478
"us-ca",53.2007006007877
"us-ct",130.270835699385
"us-fl",123.620559258624
"us-ga",110.243827321212
"us-il",121.081210449676
"us-in",34.0994022500778
"us-ks",69.6400373756964
"us-ky",45.6595284778453
"us-la",286.987475544705
"us-ma",153.408415474057
"us-md",56.1911632993747
"us-mi",81.7980572082933
"us-mn",57.340154953987
"us-mo",53.4144605372347
"us-ms",99.7855847477469
"us-nc",129.808193236479
"us-nj",185.150883793533
"us-ny",178.319614544406
"us-oh",57.7575512970775
"us-pa",138.954626591986
"us-ri",152.735183023657
"us-sc",163.69897619158
"us-tn",62.4779832672831
"us-tx",45.4014746385151
"us-va",90.751247847098
"us-wi",88.819284525706
