"JS_KEY","NAME_REGIONALITY"
"us-al",1.30790553051742
"us-ar",0.480107368296856
"us-az",1.40436583261432
"us-ca",0.425265193081465
"us-ct",1.44033210140024
"us-dc",0.886766548624353
"us-fl",0.891158230053258
"us-ga",1.69829860771463
"us-hi",2.93801444043321
"us-ia",0.438801222142344
"us-il",1.05767896453863
"us-in",0.363936387266274
"us-la",1.53097869538635
"us-ma",1.11118241398143
"us-md",0.707268250289687
"us-me",1.0563733125649
"us-mi",0.905661402503887
"us-mn",0.368373882539323
"us-mo",0.471402919369787
"us-ms",1.88416311496974
"us-nc",0.726023824517212
"us-nj",1.39105748686625
"us-ny",2.51478377884472
"us-oh",0.65328064882221
"us-ok",0.434320631871064
"us-pa",1.47684344869532
"us-ri",1.41330824891462
"us-sc",2.27178747557458
"us-sd",1.62441117764471
"us-tn",0.385297081600216
"us-tx",0.672889008717534
"us-va",1.0930069979501
"us-wa",0.506428126944617
"us-wi",0.413623455417553
"us-wv",0.748311197384552
