"JS_KEY","NAME_REGIONALITY"
"us-al",1.12860208987699
"us-ar",0.522992417783006
"us-ca",0.450315036583194
"us-ct",1.40376309120675
"us-dc",0.781576748481302
"us-fl",0.929408993092744
"us-ga",1.22582643701162
"us-hi",2.84821496766586
"us-il",1.06281533525821
"us-in",0.396284030028573
"us-ky",0.531200673471535
"us-la",1.26180952018584
"us-ma",1.18267023123421
"us-md",0.776920144233584
"us-mi",0.80409139795359
"us-mn",0.530008811225448
"us-mo",0.576682911929303
"us-ms",2.90651046257742
"us-nc",1.15285621955425
"us-nj",2.40318240834811
"us-ny",2.46192930594986
"us-oh",0.847868189690104
"us-ok",0.654088651184287
"us-or",0.777319794513539
"us-pa",1.26990565181327
"us-ri",1.28940744712561
"us-sc",2.30851854398336
"us-tx",0.598640580002877
"us-va",0.865194630406005
"us-wa",0.523888336271713
"us-wi",0.337057856971508
"us-wv",0.82707226558543
