"JS_KEY","NAME_REGIONALITY"
"us-ak",1.65049141364946
"us-al",0.310711655822493
"us-ar",0.431044526350974
"us-az",1.16720942997231
"us-ca",1.41558342151923
"us-co",1.33954198068558
"us-ct",1.34712753078094
"us-dc",1.20489167189114
"us-de",1.3872067786783
"us-fl",0.693287681818912
"us-ga",0.334459480640923
"us-hi",1.1027557083622
"us-ia",1.29737955150439
"us-id",0.928232281642538
"us-il",1.01560460676322
"us-in",0.986166469458298
"us-ks",0.745506420902352
"us-ky",0.462942281312682
"us-la",0.690682305572874
"us-ma",1.08635682283419
"us-md",0.989615334084005
"us-me",0.978959279852033
"us-mi",1.51768906924231
"us-mn",0.79119899900836
"us-mo",1.16536503883628
"us-ms",0.296065603901152
"us-mt",1.00746695146517
"us-nc",0.348816129595666
"us-nd",0.583252211734162
"us-ne",0.862134844404496
"us-nh",1.4514826562028
"us-nj",1.19515068128956
"us-nm",1.01547447025833
"us-nv",0.806197431742858
"us-ny",1.25621530907283
"us-oh",1.14967382951112
"us-ok",0.757518137665164
"us-or",1.46636456997112
"us-pa",1.06411538652921
"us-ri",0.8702384561361
"us-sc",0.480135788288605
"us-sd",0.249762267060045
"us-tn",0.366471341465821
"us-tx",0.565464110832772
"us-ut",1.01720785484483
"us-va",0.542041378004888
"us-vt",1.69722418185739
"us-wa",1.67171057312637
"us-wi",0.935028127043106
"us-wv",0.729670680583071
"us-wy",1.26576530352952
