"JS_KEY","NAME_REGIONALITY"
"us-ak",1.39836956333083
"us-al",0.456935597841655
"us-ar",0.432639126391907
"us-az",1.00034509936874
"us-ca",1.21979923153253
"us-co",1.27936923956394
"us-ct",1.33603347457111
"us-dc",1.00750468976179
"us-de",1.16183282871225
"us-fl",0.620893931317145
"us-ga",0.594630860708985
"us-hi",1.19173748139768
"us-ia",1.52017925575426
"us-id",1.2982846449876
"us-il",1.01132660312567
"us-in",1.02948104672896
"us-ks",1.20687538852771
"us-ky",0.452372051999757
"us-la",0.51910066701023
"us-ma",1.23602621189576
"us-md",0.965616689291139
"us-me",1.24331603242551
"us-mi",1.45846303688214
"us-mn",1.18241427877931
"us-mo",1.02521392537627
"us-ms",0.322219554191104
"us-mt",0.945044877416228
"us-nc",0.476061401957517
"us-nd",0.514909693946135
"us-ne",1.34460980163829
"us-nh",1.56954438868643
"us-nj",0.966347127945872
"us-nm",1.0228951513913
"us-nv",0.921910007758434
"us-ny",1.10239814117197
"us-oh",1.23811362386291
"us-ok",0.626442540525427
"us-or",1.38473135476365
"us-pa",1.19072983064515
"us-ri",1.04076532751209
"us-sc",0.476428682731592
"us-sd",0.862026854933991
"us-tn",0.338550805946176
"us-tx",0.612118996115825
"us-ut",1.62926901954106
"us-va",0.717526672036505
"us-vt",1.2326173473989
"us-wa",1.1634610471927
"us-wi",1.11969310011904
"us-wv",0.851724548418782
"us-wy",0.850048714291092
