"JS_KEY","NAME_REGIONALITY"
"us-ak",83.7115722607544
"us-al",69.3769183427038
"us-ar",79.7914793747901
"us-az",91.9815152811593
"us-ca",92.42667514229
"us-co",119.789870115032
"us-ct",105.864601821433
"us-dc",82.3487710334402
"us-de",116.394580475309
"us-fl",81.8660489678389
"us-ga",81.5010317797722
"us-hi",91.7059649747055
"us-ia",153.056801495411
"us-id",102.11864298206
"us-il",107.049095932145
"us-in",118.806333661396
"us-ks",138.86585275331
"us-ky",77.1078739898275
"us-la",55.9942173241265
"us-ma",148.695522746357
"us-md",86.8363426242665
"us-me",157.887596221629
"us-mi",119.439005548155
"us-mn",135.543087326546
"us-mo",123.027161758366
"us-ms",44.626823585567
"us-mt",87.5520756422876
"us-nc",70.5671145822182
"us-nd",122.031102489096
"us-ne",145.581826763376
"us-nh",159.25111973191
"us-nj",79.6141387490025
"us-nm",85.2304837292683
"us-nv",86.5406882485594
"us-ny",87.7787220088031
"us-oh",119.832056706129
"us-ok",96.2346123454548
"us-or",115.377168695981
"us-pa",124.476216344403
"us-ri",132.373249585001
"us-sc",58.5290796295589
"us-sd",127.820691587486
"us-tn",72.815561597375
"us-tx",65.7369419729453
"us-ut",112.440528597275
"us-va",84.6343779809209
"us-vt",132.061785672459
"us-wa",95.386542520374
"us-wi",134.927592669949
"us-wv",97.8820498977261
"us-wy",120.007522581605
