"JS_KEY","NAME_REGIONALITY"
"us-ak",0.976224526696262
"us-al",0.890362316680401
"us-ar",1.00012919124107
"us-az",0.888225003419618
"us-ca",0.80346917116198
"us-co",0.948707914774331
"us-ct",1.22671039682716
"us-dc",0.810935327034093
"us-de",1.21530986754415
"us-fl",0.91659893695692
"us-ga",0.942056456380023
"us-hi",1.0774628609174
"us-ia",1.14089046784751
"us-id",0.879183335556101
"us-il",1.06481817421045
"us-in",1.02506280370074
"us-ks",1.04318014975826
"us-ky",1.07057987714281
"us-la",0.928804113286496
"us-ma",1.21597348272658
"us-md",1.02176029185273
"us-me",1.09572635248962
"us-mi",1.00381435982288
"us-mn",1.15517633269875
"us-mo",1.04304283263587
"us-ms",0.831634074559532
"us-mt",1.13813301154417
"us-nc",1.06138335169007
"us-nd",1.36603011486585
"us-ne",1.21868388456219
"us-nh",1.12511821404807
"us-nj",1.16079911160401
"us-nm",1.01083337048579
"us-nv",0.852333916208312
"us-ny",1.05832576186132
"us-oh",1.05012564960646
"us-ok",1.04110585738197
"us-or",0.939216986376644
"us-pa",1.18898368547709
"us-ri",1.23161432543712
"us-sc",0.85108627254901
"us-sd",1.13394733647729
"us-tn",1.11404029452823
"us-tx",0.887905212585186
"us-ut",1.07451202475238
"us-va",1.03640867161405
"us-vt",0.949990342584245
"us-wa",0.854415750995393
"us-wi",1.06817699401281
"us-wv",1.00385757282314
"us-wy",1.01681940880992
