"JS_KEY","NAME_REGIONALITY"
"us-ak",0.827943297798726
"us-al",0.840951338062723
"us-ar",0.934679435051215
"us-az",0.799661666769417
"us-ca",0.838360137616636
"us-co",0.897922189827126
"us-ct",1.22446036895922
"us-dc",0.871428837602874
"us-de",1.02192725262465
"us-fl",0.943796446069657
"us-ga",0.968422966703696
"us-hi",1.21955244336186
"us-ia",1.03751975127639
"us-id",0.99637349310351
"us-il",1.04396707700234
"us-in",0.995640020372482
"us-ks",1.03143434861648
"us-ky",1.06531087199102
"us-la",1.04564824454288
"us-ma",1.32839713957034
"us-md",1.05493436818161
"us-me",1.06230208303553
"us-mi",0.982355905244827
"us-mn",1.13262616433113
"us-mo",0.96133254991226
"us-ms",0.884622542571454
"us-mt",0.790596797530772
"us-nc",1.00109185726955
"us-nd",1.52619608441448
"us-ne",0.953911226881827
"us-nh",1.37644455663929
"us-nj",1.25324401637514
"us-nm",1.04771596509166
"us-nv",0.88864598698698
"us-ny",1.11460644996478
"us-oh",1.00321257229668
"us-ok",1.0172380261416
"us-or",0.723241490235624
"us-pa",1.17148294328466
"us-ri",1.55912249832673
"us-sc",0.969685270264838
"us-sd",1.19483734376874
"us-tn",1.04403247333875
"us-tx",0.891302280554977
"us-ut",0.967627115364865
"us-va",1.04745616844954
"us-vt",1.05719580771204
"us-wa",0.754661852768305
"us-wi",0.972964852258683
"us-wv",1.13128970199309
"us-wy",1.315582151294
