"JS_KEY","NAME_REGIONALITY"
"us-ak",0.813086248012719
"us-al",0.907055086325825
"us-ar",1.05778828604488
"us-az",0.910892319880885
"us-ca",0.89350610568985
"us-co",0.784500713554267
"us-ct",1.23012963117833
"us-dc",0.666150027398613
"us-de",1.25528392911659
"us-fl",1.02310620794067
"us-ga",0.881850427893059
"us-hi",1.24550360869373
"us-ia",0.86591129640684
"us-id",0.91315220433835
"us-il",1.00504386693608
"us-in",1.01241367556767
"us-ks",0.878156470716122
"us-ky",0.960991594389964
"us-la",1.02103463686167
"us-ma",1.32812097458122
"us-md",1.13369989936632
"us-me",0.954887208502171
"us-mi",0.970342325543585
"us-mn",0.906126879268732
"us-mo",0.977258796291864
"us-ms",0.908802098002607
"us-mt",0.928801759981495
"us-nc",1.01789268090791
"us-nd",1.16319344670823
"us-ne",0.863989143663194
"us-nh",1.38219563608847
"us-nj",1.33568431792773
"us-nm",1.23269720559024
"us-nv",0.862556452055446
"us-ny",1.14230361420279
"us-oh",1.00547037385218
"us-ok",0.992676697498759
"us-or",0.672491944777245
"us-pa",1.15829015742905
"us-ri",1.19961107754919
"us-sc",0.980052618887817
"us-sd",1.09096554098187
"us-tn",1.07770113323313
"us-tx",0.884315957806031
"us-ut",0.872664567986063
"us-va",0.950082668533438
"us-vt",1.46758678420374
"us-wa",0.83702648013685
"us-wi",0.999376787942258
"us-wv",1.03121098744181
"us-wy",0.960984674608328
