"JS_KEY","NAME_REGIONALITY"
"us-ak",79.1793608435708
"us-al",62.9416381290212
"us-ar",91.4581857540136
"us-az",99.7171984473015
"us-ca",135.891414931685
"us-co",76.6209573989625
"us-ct",99.6590155358127
"us-dc",82.0591546103577
"us-de",81.2816776932915
"us-fl",123.985484877257
"us-ga",77.3915771028435
"us-hi",114.302359256191
"us-ia",72.8273238052823
"us-id",83.5148137800113
"us-il",91.8518439553762
"us-in",79.1337637454748
"us-ks",69.2707149308215
"us-ky",72.1582240746567
"us-la",81.6889176187785
"us-ma",88.0510332215473
"us-md",101.529887054735
"us-me",70.331525609581
"us-mi",76.9527848185201
"us-mn",59.4694562640313
"us-mo",67.2767103162187
"us-ms",68.2284894582781
"us-mt",91.3737793404475
"us-nc",80.115702724902
"us-nd",73.7250217202433
"us-ne",68.695527726017
"us-nh",70.3713853854671
"us-nj",139.626530250769
"us-nm",99.0783080192185
"us-nv",99.3466048288039
"us-ny",117.115100024848
"us-oh",75.0757702088367
"us-ok",72.7292125916527
"us-or",75.2436102075041
"us-pa",88.8022472374675
"us-ri",125.010634540472
"us-sc",70.8261173734782
"us-sd",48.7903420865752
"us-tn",76.4946558099125
"us-tx",120.901778521869
"us-ut",76.8312866288715
"us-va",92.9871543417176
"us-vt",82.0202517241644
"us-wa",86.1022151477294
"us-wi",70.8770345778792
"us-wv",66.6383830664871
"us-wy",59.8275746842211
