"JS_KEY","NAME_REGIONALITY"
"us-ak",143.453166619011
"us-al",70.3100888829344
"us-ar",71.1515854946952
"us-az",87.8546300862896
"us-ca",130.598063911461
"us-co",71.3612695701438
"us-ct",106.789120332892
"us-dc",55.394138522166
"us-de",114.867116405745
"us-fl",137.403258519908
"us-ga",89.207479283414
"us-hi",34.5980225449892
"us-ia",75.6381361134118
"us-id",76.5556244521495
"us-il",90.287432526683
"us-in",91.9502899629697
"us-ks",67.6462517366215
"us-ky",83.5016328057603
"us-la",82.2673831236971
"us-ma",91.9273918204467
"us-md",77.7765434190698
"us-me",54.0821720834831
"us-mi",83.3370272196901
"us-mn",63.6909129100328
"us-mo",72.3713509891882
"us-ms",86.0437778075384
"us-mt",88.3923672762305
"us-nc",85.6046282309224
"us-nd",85.2495275508534
"us-ne",71.9412790842132
"us-nh",84.7123882593717
"us-nj",127.295674623446
"us-nm",87.7008195948375
"us-nv",131.805327406835
"us-ny",119.591474395898
"us-oh",82.7485636274418
"us-ok",79.9505579652512
"us-or",74.78028732531
"us-pa",95.7766577502239
"us-ri",106.529030108286
"us-sc",75.5559757048661
"us-sd",77.4394000267845
"us-tn",73.6521204481829
"us-tx",113.878561364963
"us-ut",80.0913790638213
"us-va",96.9309496933901
"us-vt",90.5839135723354
"us-wa",80.8511154477689
"us-wi",69.8546070418885
"us-wv",110.413862589849
"us-wy",170.169382224463
