"JS_KEY","NAME_REGIONALITY"
"us-al",22.116233478288
"us-ar",59.723815862472
"us-az",186.715121186804
"us-ca",364.916674555385
"us-co",136.584141853463
"us-ct",96.1611152040389
"us-dc",142.627071500683
"us-fl",86.9068177121565
"us-ga",19.8219938308597
"us-ia",151.579952824221
"us-id",230.360046891815
"us-il",150.007704741466
"us-in",76.3030981847803
"us-ks",127.151002952856
"us-ky",29.2418019227828
"us-la",58.4847325458231
"us-ma",91.9514801541435
"us-md",25.3652499946583
"us-me",198.489047192331
"us-mi",168.19226219599
"us-mn",183.176628097625
"us-mo",99.834477179637
"us-ms",19.9844600060603
"us-mt",235.404495041768
"us-nc",18.1408666209421
"us-nd",138.527992542468
"us-ne",198.984146316146
"us-nh",101.200824951256
"us-nj",68.5315241908503
"us-nm",173.651161358193
"us-ny",118.917447233524
"us-oh",87.007206272386
"us-ok",138.806694921991
"us-or",486.312521677813
"us-pa",54.4011436995845
"us-ri",64.5655995922409
"us-sc",18.3305669614719
"us-sd",177.166503339717
"us-tn",18.2575395641754
"us-tx",86.9910161468849
"us-ut",164.134207041417
"us-va",34.3747377120906
"us-vt",189.482049450499
"us-wa",399.076981272383
"us-wi",131.228940639488
"us-wv",45.6040092830975
"us-wy",173.306412729026
