"JS_KEY","NAME_REGIONALITY"
"us-ak",1.00310858612927
"us-al",0.239488143151443
"us-ar",0.48426596594593
"us-az",0.760143187771684
"us-ca",1.46071177091024
"us-co",1.19494732495123
"us-ct",1.09365883364622
"us-dc",1.38409453565391
"us-de",0.909411630282034
"us-fl",0.817546099562018
"us-ga",0.324057563771124
"us-hi",0.539289716772699
"us-ia",1.31457968345173
"us-id",1.16861591137691
"us-il",1.41008310454484
"us-in",1.43780687331966
"us-ks",1.33770929728068
"us-ky",0.512212451138839
"us-la",0.581055984199351
"us-ma",1.09566165646197
"us-md",0.967255050821336
"us-me",1.38605055307612
"us-mi",1.44800488984653
"us-mn",1.37509082853934
"us-mo",0.994633351320326
"us-ms",0.200913156081174
"us-mt",1.11575626194747
"us-nc",0.337229553912018
"us-nd",1.16153154272051
"us-ne",1.18636159447787
"us-nh",1.25681537222389
"us-nj",0.971925066561314
"us-nm",0.570734195556311
"us-nv",1.98531907671419
"us-ny",1.24838660719282
"us-oh",1.29723543895499
"us-ok",1.04000711879615
"us-or",1.41712692353203
"us-pa",1.01771378524049
"us-ri",0.650505199553251
"us-sc",0.367161340207759
"us-sd",1.01880225726389
"us-tn",0.364913728179957
"us-tx",0.66117010670305
"us-ut",1.07475919942422
"us-va",0.367857894284338
"us-vt",1.54217020653103
"us-wa",1.56053197132572
"us-wi",1.36850267892512
"us-wv",0.897351881942885
"us-wy",0.925299324731406
