"JS_KEY","NAME_REGIONALITY"
"us-ak",67.4554799160938
"us-al",117.00915164654
"us-ar",88.2026447684581
"us-az",86.670901047875
"us-ca",94.3229732530996
"us-co",98.8955517457857
"us-ct",114.033136497571
"us-dc",133.156516365108
"us-de",118.413262452296
"us-fl",118.472151235092
"us-ga",108.911921880394
"us-hi",108.982904054256
"us-ia",79.7806728130255
"us-id",71.3811635784464
"us-il",103.509194239158
"us-in",85.9863730947565
"us-ks",86.6659643250522
"us-ky",98.5334895583646
"us-la",97.1077099971072
"us-ma",102.001832632399
"us-md",112.821352595432
"us-me",91.6562080571737
"us-mi",100.325449036768
"us-mn",90.3316515418789
"us-mo",95.4325708573122
"us-ms",82.9562049477509
"us-mt",79.1242226813628
"us-nc",98.4832753928872
"us-nd",76.7999214528902
"us-ne",89.8144943947093
"us-nh",92.7339423609978
"us-nj",130.199937905408
"us-nm",87.7620814567511
"us-nv",96.8858235401192
"us-ny",113.09142446202
"us-oh",94.6975073737543
"us-ok",86.528384135179
"us-or",88.7461653243638
"us-pa",102.566525096433
"us-ri",98.0044027724736
"us-sc",96.3984415311139
"us-sd",73.4969725283918
"us-tn",110.093028290803
"us-tx",84.015621532252
"us-ut",79.6605826244182
"us-va",100.996728275345
"us-vt",112.991424033062
"us-wa",92.5106508331185
"us-wi",92.9052895356956
"us-wv",101.395334069212
"us-wy",78.6109286648523
