"JS_KEY","NAME_REGIONALITY"
"us-ak",92.6521729736357
"us-al",115.967861138739
"us-ar",119.503954295178
"us-az",114.889883868469
"us-ca",88.5046476033231
"us-co",86.173560459905
"us-ct",105.707823537016
"us-dc",111.035231121444
"us-de",96.4215318018708
"us-fl",116.852529692422
"us-ga",116.897790885781
"us-hi",71.6421807365089
"us-ia",70.192208477523
"us-id",73.8143526993027
"us-il",98.169872574385
"us-in",71.027946497138
"us-ks",81.268391386533
"us-ky",94.6772145159159
"us-la",103.945098619868
"us-ma",112.467486322175
"us-md",104.164605395028
"us-me",91.7432242525078
"us-mi",86.8213099327656
"us-mn",77.8602951654001
"us-mo",88.3386741265302
"us-ms",147.410159779888
"us-mt",84.1427958503572
"us-nc",95.2295559593328
"us-nd",83.1811370919627
"us-ne",89.8619418723035
"us-nh",88.2379927603091
"us-nj",129.35103647798
"us-nm",113.686195079874
"us-nv",68.2766067882653
"us-ny",116.63696497956
"us-oh",88.9416404016301
"us-ok",77.9721387568549
"us-or",65.6557993920055
"us-pa",103.563222351734
"us-ri",102.691527913184
"us-sc",111.740996241789
"us-sd",105.812022317044
"us-tn",108.188608741178
"us-tx",117.984452388976
"us-ut",60.2589872231475
"us-va",106.741003639438
"us-vt",74.0695537527507
"us-wa",78.5943465047687
"us-wi",81.4341569510622
"us-wv",90.8355944122574
"us-wy",93.8589904644155
