"JS_KEY","NAME_REGIONALITY"
"us-ak",86.1869061782853
"us-al",99.5688595572381
"us-ar",113.517438473937
"us-az",128.795944656293
"us-ca",87.3040223168147
"us-co",90.195887991788
"us-ct",96.3568369909879
"us-dc",89.5136482081522
"us-de",105.731610833042
"us-fl",115.504643260392
"us-ga",121.233380539769
"us-hi",80.4398115794856
"us-ia",66.9642591904552
"us-id",60.5936299841729
"us-il",100.337463749917
"us-in",75.5816877698197
"us-ks",82.1353047211276
"us-ky",96.9432865971636
"us-la",105.894638693817
"us-ma",112.839696439809
"us-md",108.4258792356
"us-me",74.3838361412627
"us-mi",83.3458309689629
"us-mn",84.3781369866256
"us-mo",92.2304393853145
"us-ms",140.480343671815
"us-mt",80.4907752678229
"us-nc",100.089732289492
"us-nd",78.7001003767171
"us-ne",82.9194141284972
"us-nh",87.7811175583705
"us-nj",131.343914443328
"us-nm",107.944670583967
"us-nv",74.9650824161503
"us-ny",119.083394153701
"us-oh",85.8409715375925
"us-ok",79.0261955533458
"us-or",72.7907352831772
"us-pa",101.855288579878
"us-ri",119.798684135604
"us-sc",125.361641049043
"us-sd",80.7075628619081
"us-tn",120.012568835223
"us-tx",112.783111170944
"us-ut",63.4590873912792
"us-va",108.544863692788
"us-vt",87.2101297219545
"us-wa",76.1059469119882
"us-wi",82.8235040604977
"us-wv",84.3452400231746
"us-wy",77.5651926308129
