"JS_KEY","NAME_REGIONALITY"
"us-ak",117.555204145788
"us-al",91.7878260292554
"us-ar",91.1795150448692
"us-az",145.120096723328
"us-ca",154.060365391274
"us-co",88.3863005331093
"us-ct",82.295685552653
"us-dc",113.107121094422
"us-de",59.106462711132
"us-fl",128.954307738817
"us-ga",77.7070584380442
"us-hi",89.1905492224925
"us-ia",59.7660198057626
"us-id",71.189629953243
"us-il",114.266411219629
"us-in",67.5193801194085
"us-ks",71.3669832914424
"us-ky",63.7954460475347
"us-la",83.1178447255755
"us-ma",71.3634275651063
"us-md",89.6297958468743
"us-me",90.644957134673
"us-mi",89.2652220039699
"us-mn",72.1420230582932
"us-mo",75.181442109557
"us-ms",82.0420100317122
"us-mt",81.0092066011792
"us-nc",67.4357511609816
"us-nd",94.9006396779467
"us-ne",95.0480009196826
"us-nh",59.7975167420099
"us-nj",99.1170434232174
"us-nm",154.3872685861
"us-nv",99.6435745646207
"us-ny",105.752505568463
"us-oh",63.4791181878568
"us-ok",103.626425019137
"us-or",77.1583323769155
"us-pa",71.9204576654919
"us-ri",60.8830806197079
"us-sc",73.1459483232016
"us-sd",140.218830607856
"us-tn",68.2031285904887
"us-tx",136.552743157091
"us-ut",103.075370945542
"us-va",82.2512970804111
"us-wa",105.969733009228
"us-wi",41.4896506342191
"us-wv",93.7848194954049
"us-wy",98.2882736783081
