"JS_KEY","NAME_REGIONALITY"
"us-al",179.82845701748
"us-az",229.623744804047
"us-ca",139.890152023373
"us-co",94.2032452504624
"us-fl",99.1973150099944
"us-ga",87.6603582546128
"us-il",138.01750593742
"us-in",105.547887211735
"us-ky",132.60397379049
"us-la",187.945713757852
"us-ma",72.423060379989
"us-md",89.1576186437506
"us-mi",100.391291664544
"us-mo",99.3616990248622
"us-nc",85.1890247661155
"us-nj",98.3650202717415
"us-ny",93.1319069716581
"us-oh",103.16572678119
"us-ok",166.126555635443
"us-or",138.605255837454
"us-pa",97.5144834464035
"us-sc",106.718134026986
"us-tn",95.4644895277978
"us-tx",107.386580366904
"us-va",93.5421450095433
"us-wa",126.686924588584
"us-wv",313.101053249839
