"JS_KEY","NAME_REGIONALITY"
"us-al",133.577378463687
"us-az",169.367781774755
"us-ca",153.914800963588
"us-fl",118.446354728973
"us-ga",121.102472566041
"us-il",110.548880185558
"us-md",174.899704848382
"us-mi",114.292125850117
"us-mn",165.542422502598
"us-mo",234.05367256275
"us-nc",135.403487092232
"us-ny",98.2409752038538
"us-oh",115.091192195276
"us-ok",210.25217315842
"us-or",210.675215760348
"us-pa",87.2416694694542
"us-tn",169.902168207914
"us-tx",131.411749182572
"us-wa",100.567930245644
"us-wi",296.796548139402
