"JS_KEY","NAME_REGIONALITY"
"us-al",1.80826883892576
"us-ar",1.58746222057356
"us-az",1.54632589856119
"us-ca",0.879786312179653
"us-co",0.997041783079017
"us-ct",0.981038542029997
"us-dc",0.671977102179412
"us-de",0.440083833660737
"us-fl",2.25983765333703
"us-ga",1.80641268121798
"us-hi",2.05997502312673
"us-ia",0.927037321817288
"us-id",0.842750365206597
"us-il",0.86446446000567
"us-in",0.558383473893189
"us-ks",0.823016702541601
"us-ky",1.17251365675
"us-la",2.10877111820052
"us-ma",0.918533874006246
"us-md",0.902301193464502
"us-me",0.815631828903667
"us-mi",0.825710689934297
"us-mn",1.21311283367191
"us-mo",0.942758487701308
"us-ms",2.06868252107303
"us-mt",0.511601614641128
"us-nc",1.37978383031627
"us-nd",1.33792444727778
"us-ne",1.21670097454937
"us-nh",1.32777961426988
"us-nj",0.721807214075486
"us-nm",1.08469380796508
"us-ny",0.9001955898403
"us-oh",0.444312126148615
"us-ok",1.08029441892872
"us-or",0.851135245716073
"us-pa",0.501007408318196
"us-ri",0.87916731439547
"us-sc",1.88043021083445
"us-sd",1.5848408087559
"us-tn",0.952826613869416
"us-tx",1.29965778090715
"us-ut",1.02552869116699
"us-va",0.958762797041463
"us-vt",0.710975773288039
"us-wa",0.781164432724855
"us-wi",1.37819919129681
"us-wv",0.65646005904231
"us-wy",1.54531720586807
