"JS_KEY","NAME_REGIONALITY"
"us-ak",1.1575227012178
"us-al",0.663062955868135
"us-ar",0.975704646591847
"us-az",0.964731398457731
"us-ca",1.34030224372367
"us-co",0.933633153888139
"us-ct",1.05544563203867
"us-dc",2.65814952137998
"us-fl",0.741023198671386
"us-ga",1.04819854021614
"us-hi",1.05942972047281
"us-ia",0.882928417483248
"us-id",1.03011757857518
"us-il",0.972387996858189
"us-in",0.736540817242235
"us-ks",0.928195132691072
"us-ky",0.678704440980922
"us-la",0.991111498319275
"us-ma",1.02014783518256
"us-md",0.971909134143816
"us-me",0.862358337465288
"us-mi",0.718188929962977
"us-mn",1.69603630061444
"us-mo",0.83277741396451
"us-ms",1.14162854213057
"us-mt",1.56043719376614
"us-nc",0.937286351168026
"us-ne",0.922019042236825
"us-nh",1.00401697357171
"us-nj",0.839400862402883
"us-nm",0.886785898108521
"us-nv",0.949241271311352
"us-ny",1.24140630700628
"us-oh",0.753288256241785
"us-ok",0.494667821033247
"us-or",1.43351811699608
"us-pa",0.807974939180416
"us-ri",1.04108055843681
"us-sc",1.12793233546925
"us-tn",0.791081036138438
"us-tx",0.927020018124377
"us-ut",0.616226828094076
"us-va",0.948726637930321
"us-vt",2.8465835413757
"us-wa",1.64010898623648
"us-wi",1.01279731418403
