"JS_KEY","NAME_REGIONALITY"
"us-ak",1.55257139594717
"us-al",0.809332714333734
"us-ar",1.17892718592628
"us-az",0.739675980890305
"us-ca",0.647371449266427
"us-co",1.37220495860603
"us-ct",1.19777039592703
"us-dc",1.45793079489244
"us-de",0.781932620038436
"us-fl",0.508429024294206
"us-ga",0.853957022628554
"us-hi",0.72506479312655
"us-ia",2.05533984407359
"us-id",1.88615605876316
"us-il",1.14649141541135
"us-in",1.20088646645713
"us-ks",1.7912229635162
"us-ky",1.21805756581825
"us-la",0.91429630927528
"us-ma",1.17606753306026
"us-md",0.962045877198398
"us-me",2.20640337447919
"us-mi",1.52722229301903
"us-mn",2.30618143919349
"us-mo",1.63548347171786
"us-ms",0.698937554516184
"us-mt",1.82104838987501
"us-nc",1.05394058669877
"us-nd",2.26148800044943
"us-ne",1.93495682487433
"us-nh",1.79315147837054
"us-nj",0.659181492520167
"us-nm",0.617030355452573
"us-nv",0.714029253288754
"us-ny",0.791561848081131
"us-oh",1.19614426823038
"us-ok",0.920554065587418
"us-or",1.86344704454011
"us-pa",0.916349598952132
"us-ri",0.906485225509623
"us-sc",1.04817013224819
"us-sd",1.54776691254042
"us-tn",1.06031216745691
"us-tx",0.65602463117363
"us-ut",1.8034281829096
"us-va",1.06436201414187
"us-vt",2.59967208740051
"us-wa",1.38767485428236
"us-wi",1.81795124339294
"us-wv",1.0200417904125
"us-wy",2.2510181485955
