"JS_KEY","NAME_REGIONALITY"
"us-al",0.345831890177008
"us-ar",0.353258450238276
"us-az",0.689872630472983
"us-ca",1.59859835371103
"us-co",1.03733729402877
"us-ct",1.32644306288453
"us-dc",1.79049141978772
"us-de",1.12905331718701
"us-fl",0.764246653571211
"us-ga",0.45024445787968
"us-hi",1.63351154000042
"us-ia",1.26902991970541
"us-id",1.21592212375971
"us-il",0.996692709838523
"us-in",1.99797141401025
"us-ks",1.39212103095417
"us-ky",0.470954775722866
"us-la",0.429680790774385
"us-ma",1.851462873398
"us-md",0.846646605378522
"us-me",1.92494148276239
"us-mi",0.64115014416863
"us-mn",1.0322177688902
"us-mo",0.940443417527268
"us-ms",0.224896487375596
"us-mt",0.615696865392404
"us-nc",0.56427102115394
"us-nd",0.460560358809014
"us-ne",1.05325284975727
"us-nh",1.30308612877526
"us-nj",1.07488723720336
"us-nm",0.737023254306999
"us-nv",0.983085972401469
"us-ny",1.46601602156408
"us-oh",0.875695904730412
"us-ok",0.761595273190695
"us-or",1.18117514806933
"us-pa",0.957819815951714
"us-ri",1.77181471807529
"us-sc",0.354795674597781
"us-sd",0.543745031829724
"us-tn",0.442429842227446
"us-tx",0.580973282700363
"us-ut",2.3709222417951
"us-va",0.680493116075344
"us-vt",1.41552511038407
"us-wa",1.20025836609457
"us-wi",0.664010936659356
"us-wv",0.770041040674268
"us-wy",0.326999580345853
