"JS_KEY","NAME_REGIONALITY"
"us-ak",53.4907192075001
"us-al",93.6580256354755
"us-ar",91.2518726892546
"us-az",81.2060806034027
"us-ca",91.045587139639
"us-co",94.1955873952727
"us-ct",127.906348852543
"us-dc",126.103729202756
"us-de",110.767296745241
"us-fl",93.2053764919533
"us-ga",92.9350513311593
"us-hi",92.8203279453315
"us-ia",62.3692752544868
"us-id",54.3291234607277
"us-il",80.4654029293874
"us-in",97.140577709773
"us-ks",72.4434550012906
"us-ky",101.7695610594
"us-la",98.1217141141948
"us-ma",178.987976454438
"us-md",108.90989935018
"us-me",165.640601633374
"us-mi",88.4574632757308
"us-mn",64.9907553508603
"us-mo",93.952201920262
"us-ms",79.5341741089687
"us-mt",69.0515310132397
"us-nc",98.7388120665974
"us-nd",64.1018146028698
"us-ne",53.2512556672899
"us-nh",152.400144447865
"us-nj",102.567007142211
"us-nm",81.7804630479464
"us-nv",75.316653099054
"us-ny",109.438510035936
"us-oh",99.9876499433613
"us-ok",112.847698333872
"us-or",73.6956811795635
"us-pa",125.394736405544
"us-ri",164.954335330396
"us-sc",80.447113259441
"us-sd",42.6264091033254
"us-tn",100.631757961576
"us-tx",114.311693783681
"us-ut",101.421213948265
"us-va",111.910593066417
"us-vt",159.600349382546
"us-wa",84.877898985259
"us-wi",48.946380075563
"us-wv",79.6158334784265
"us-wy",60.4344965588629
