"JS_KEY","NAME_REGIONALITY"
"us-ak",83.2727808159397
"us-al",95.0327057697335
"us-ar",100.499311635237
"us-az",90.774629778937
"us-ca",84.8438936700629
"us-co",96.3456900367632
"us-ct",124.931608653625
"us-dc",134.707392092723
"us-de",148.756247008651
"us-fl",105.941675208934
"us-ga",120.275705209637
"us-hi",98.2312748202848
"us-ia",49.6706423762147
"us-id",56.7980394816781
"us-il",78.5268553980638
"us-in",91.1425982199269
"us-ks",85.6954592401999
"us-ky",119.216617766946
"us-la",107.913895541394
"us-ma",162.486545732574
"us-md",96.9419769870406
"us-me",139.091898480022
"us-mi",84.1372625127679
"us-mn",59.3310571522467
"us-mo",96.2067276093383
"us-ms",108.959629118645
"us-mt",82.3789544669375
"us-nc",114.594503676925
"us-nd",46.8914688089757
"us-ne",47.4567914718203
"us-nh",96.890557796945
"us-nj",113.71281029295
"us-nm",78.5024616287009
"us-nv",94.0111199479222
"us-ny",111.618464964652
"us-oh",91.1455233820168
"us-ok",120.490298957552
"us-or",58.4490157251977
"us-pa",130.509062122459
"us-ri",160.409217638177
"us-sc",100.151815185578
"us-sd",49.0531718461903
"us-tn",114.768030589889
"us-tx",108.641127880902
"us-ut",81.9851073072174
"us-va",114.25727507474
"us-vt",98.1807053094378
"us-wa",82.079417926001
"us-wi",53.4311910095597
"us-wv",120.534229798557
"us-wy",83.0936995668731
