"JS_KEY","NAME_REGIONALITY"
"us-ak",96.9475091516409
"us-al",119.712292434418
"us-ar",111.17352887474
"us-az",79.3430725691842
"us-ca",74.0909517148276
"us-co",98.0095511357188
"us-ct",130.478343165343
"us-dc",106.095497280201
"us-de",140.194287376149
"us-fl",112.230362453897
"us-ga",138.473126491208
"us-hi",70.2616365522294
"us-ia",54.9576931953331
"us-id",82.8211868088673
"us-il",77.8822887994335
"us-in",79.6031774152487
"us-ks",65.2025473371538
"us-ky",94.3579720973781
"us-la",118.954982296234
"us-ma",141.001541051357
"us-md",105.423803613833
"us-me",108.314309071418
"us-mi",92.9466627782502
"us-mn",53.1168520587315
"us-mo",93.515300796751
"us-ms",98.5939479626239
"us-mt",77.2635162316854
"us-nc",115.26787663665
"us-nd",53.8643703864074
"us-ne",67.5415302650876
"us-nh",106.518305483233
"us-nj",122.991629135606
"us-nm",90.377871377308
"us-nv",83.9767080072246
"us-ny",106.140264740655
"us-oh",94.8115487075234
"us-ok",121.798576312344
"us-or",77.9478559646166
"us-pa",138.834555394318
"us-ri",173.904268874222
"us-sc",120.696633501442
"us-sd",22.7860738493164
"us-tn",112.974986262299
"us-tx",109.194343111928
"us-ut",126.260039703595
"us-va",119.505705463762
"us-vt",106.605502717364
"us-wa",74.4864470817995
"us-wi",55.5054598860002
"us-wv",86.0211972628984
"us-wy",77.68715586814
