"JS_KEY","NAME_REGIONALITY"
"us-ak",101.093901849666
"us-al",132.392545446682
"us-ar",95.5435996123356
"us-az",84.8945020112267
"us-ca",59.5626056184215
"us-co",99.5711875409619
"us-ct",117.318542615354
"us-dc",92.333696081661
"us-de",101.638832941945
"us-fl",107.402419736922
"us-ga",142.86711722482
"us-hi",88.3210468424503
"us-ia",39.724269393757
"us-id",67.6609766374239
"us-il",60.4261618325523
"us-in",104.28746321621
"us-ks",73.6956822004343
"us-ky",118.750828762802
"us-la",160.529716525106
"us-ma",130.113493405797
"us-md",122.077295574029
"us-me",122.482457053014
"us-mi",92.3413881525623
"us-mn",40.7304272335164
"us-mo",102.853060949962
"us-ms",140.998048286376
"us-mt",67.4532098105744
"us-nc",144.309602668887
"us-nd",74.6170498687125
"us-ne",36.6026603277013
"us-nh",130.202294284445
"us-nj",139.393908736785
"us-nm",66.8875271522827
"us-nv",58.963341673542
"us-ny",104.681376048933
"us-oh",95.4156501167526
"us-ok",131.571317481111
"us-or",81.5686262132192
"us-pa",138.41977576746
"us-ri",144.652232850056
"us-sc",117.33892281216
"us-sd",50.1841737650852
"us-tn",144.324773989605
"us-tx",101.301056077006
"us-ut",66.3564448257609
"us-va",132.619090117368
"us-vt",97.3579376170129
"us-wa",84.4837620714463
"us-wi",46.7078725867338
"us-wv",129.825926079116
