"JS_KEY","NAME_REGIONALITY"
"us-ak",171.324213649709
"us-al",159.424218519866
"us-ar",140.345499836509
"us-az",86.6557357294508
"us-ca",64.7659609151857
"us-co",82.920433874387
"us-ct",116.094567777353
"us-dc",126.048505370124
"us-de",148.146346129055
"us-fl",115.379624815412
"us-ga",127.537648324464
"us-hi",149.414189879231
"us-ia",55.6852667703002
"us-id",65.6017515947025
"us-il",64.8990895384286
"us-in",110.789741730894
"us-ks",35.025060808592
"us-ky",136.398567528957
"us-la",142.388231565613
"us-ma",139.562073646223
"us-md",122.926957831101
"us-me",110.830288408441
"us-mi",96.1750905503989
"us-mn",50.0402658469451
"us-mo",109.719004029682
"us-ms",163.498909430529
"us-nc",140.557984708481
"us-ne",68.3903974813066
"us-nh",116.700980946157
"us-nj",104.145762086926
"us-nm",89.3433378861186
"us-nv",65.8629728327647
"us-ny",100.058762844027
"us-oh",95.8191425674814
"us-ok",96.4681065389989
"us-or",59.5752046048209
"us-pa",170.950876031208
"us-ri",79.2411953053492
"us-sc",125.138948531304
"us-tn",153.78462322122
"us-tx",92.1545041203904
"us-ut",77.7964489779429
"us-va",110.877034984456
"us-wa",65.1387555381811
"us-wi",50.2937030472367
"us-wv",138.691030097383
"us-wy",168.71277357001
