"JS_KEY","NAME_REGIONALITY"
"us-ak",118.601628392577
"us-al",140.870248227026
"us-ar",135.792008924044
"us-az",99.6039962993784
"us-ca",59.1834695011911
"us-co",94.3302742412753
"us-ct",93.3303130363568
"us-de",185.811693323874
"us-fl",114.992331923593
"us-ga",112.650378910767
"us-ia",67.356153042725
"us-id",86.8390016583441
"us-il",86.6474543189974
"us-in",136.61027436908
"us-ks",104.901908701097
"us-ky",154.4410275058
"us-la",151.133547280332
"us-ma",115.37000780362
"us-md",92.6773450675705
"us-me",151.495226158635
"us-mi",119.077557880508
"us-mn",71.9877963550347
"us-mo",96.0534983507425
"us-ms",159.16626183487
"us-nc",127.638280334263
"us-ne",75.0158511978183
"us-nh",154.151311292586
"us-nj",95.5139174464922
"us-nm",70.2227491435967
"us-nv",76.6608243457207
"us-ny",84.2715723786232
"us-oh",94.6812794561035
"us-ok",196.035194381615
"us-or",76.7198123607605
"us-pa",164.808492888033
"us-ri",114.256816263344
"us-sc",133.011917294065
"us-tn",134.943735442577
"us-tx",89.3509449233699
"us-ut",142.616787419764
"us-va",129.378306092013
"us-wa",102.787317161322
"us-wi",43.2854265564315
"us-wv",100.547657514012
