"JS_KEY","NAME_REGIONALITY"
"us-al",158.503002439977
"us-ar",176.280095630837
"us-az",128.284668977289
"us-ca",69.1504133353609
"us-co",91.5999818460734
"us-ct",92.6158227844815
"us-dc",96.2564350224501
"us-de",97.2398390168889
"us-fl",145.588866064975
"us-ga",196.837275900624
"us-hi",237.367783795468
"us-ia",45.2412087535959
"us-id",107.520555531115
"us-il",64.08463116609
"us-in",61.0063056203375
"us-ks",91.8142092171754
"us-ky",89.308186825367
"us-la",173.803002741625
"us-ma",82.1355992366796
"us-md",128.696355920089
"us-me",104.725471907246
"us-mi",66.6543133734988
"us-mn",48.3114604446384
"us-mo",103.645100767173
"us-ms",185.359383924299
"us-mt",110.935043525996
"us-nc",184.576599808519
"us-nd",87.9053942504456
"us-ne",71.2509629150708
"us-nh",42.7505777490425
"us-nj",98.855735955837
"us-nm",139.150872720718
"us-ny",80.2828374513448
"us-oh",72.4449638388606
"us-ok",119.621767480259
"us-or",78.0972904609679
"us-pa",79.5501434808292
"us-ri",71.0417483725555
"us-sc",185.709741849769
"us-sd",119.598335204553
"us-tn",147.832809011923
"us-tx",121.745923586242
"us-ut",88.1303590200701
"us-va",174.252724799477
"us-vt",66.5293665712125
"us-wa",70.7460233899768
"us-wi",36.4131077286887
"us-wv",102.753018556771
"us-wy",124.449551818027
