"JS_KEY","NAME_REGIONALITY"
"us-ak",93.597939368357
"us-al",126.47380135467
"us-ar",163.482555243686
"us-az",157.737558638353
"us-ca",79.3658521573044
"us-co",57.7328423038478
"us-ct",123.277596995956
"us-dc",70.8130315057816
"us-de",72.1568987445889
"us-fl",156.68762489106
"us-ga",145.619401044527
"us-hi",154.981318879019
"us-ia",40.5495434337057
"us-id",52.6392491947747
"us-il",76.8385618031658
"us-in",65.3888178399136
"us-ks",80.3263452266597
"us-ky",74.367747839134
"us-la",138.454310310928
"us-ma",37.2438419165067
"us-md",76.9123137936731
"us-me",121.302314376065
"us-mi",58.0994072792764
"us-mn",19.2738225352979
"us-mo",70.6303130161218
"us-ms",321.661215368887
"us-mt",84.9536605511618
"us-nc",127.00805223419
"us-nd",48.3414486916711
"us-ne",32.310521535378
"us-nj",123.021520216214
"us-nm",207.887908275007
"us-nv",130.298461704676
"us-ny",219.599713176488
"us-oh",61.3985733289221
"us-ok",59.6458054951352
"us-or",59.2488391312614
"us-pa",51.478032865216
"us-ri",71.703329288757
"us-sc",149.184577010887
"us-sd",53.822447469131
"us-tn",115.025360675092
"us-tx",120.537178726161
"us-ut",95.9012741493991
"us-va",121.187314280155
"us-vt",70.3351603773413
"us-wa",50.1606664372665
"us-wi",37.5453942257701
"us-wv",96.2694931686311
