"JS_KEY","NAME_REGIONALITY"
"us-ak",237.02192587253
"us-al",148.976755717937
"us-ar",104.571933183434
"us-az",140.964740940417
"us-ca",95.4980977549936
"us-ct",132.92182892208
"us-dc",115.608899681685
"us-fl",120.185461579912
"us-ga",125.721823581142
"us-hi",168.256950110446
"us-il",126.084009578045
"us-in",60.8912520515634
"us-ky",68.0678611235559
"us-la",148.78596726681
"us-ma",54.8154433189448
"us-md",58.589083047311
"us-me",53.9682053363869
"us-mi",45.7590679474926
"us-mn",15.4827722598224
"us-mo",65.2523819402255
"us-ms",260.486335628851
"us-nc",135.150179744286
"us-nj",160.60059650778
"us-nm",166.33661028953
"us-nv",194.678455481108
"us-ny",224.653832918344
"us-oh",63.9459064274833
"us-ok",85.8960549288355
"us-or",49.15834010256
"us-pa",72.6195018438362
"us-ri",51.8387722144357
"us-sc",128.417043620897
"us-tn",94.8109773084464
"us-tx",100.698350764696
"us-ut",56.1757530336613
"us-va",93.3728149741316
"us-wa",65.0553407582665
"us-wi",20.5335453453437
"us-wv",116.515991226358
