"JS_KEY","NAME_REGIONALITY"
"us-ak",1.85792904696588
"us-al",1.45330242904007
"us-ar",0.83919333303831
"us-az",0.845217181446195
"us-ca",0.936993361910594
"us-ct",0.930148118815672
"us-dc",1.27321562862552
"us-fl",1.17764579140389
"us-ga",0.827354955420597
"us-hi",1.30753836451545
"us-il",1.10198280721069
"us-in",0.435341599195284
"us-ks",0.452567866213675
"us-ky",0.940319497721817
"us-la",1.14743562038348
"us-ma",0.767465324586687
"us-md",0.726955879436502
"us-me",0.827087145227863
"us-mi",0.442533291239435
"us-mo",0.665195746919877
"us-ms",1.72781329019989
"us-nc",1.37337347582359
"us-nj",1.93118221989565
"us-nm",1.41080054146056
"us-ny",2.66959178190303
"us-oh",0.463255721625189
"us-ok",0.821348869515612
"us-pa",0.705705385317849
"us-sc",1.60794387981257
"us-tn",0.833698804934671
"us-tx",1.19403404487792
"us-ut",0.734284787850932
"us-va",1.37868230815222
"us-wa",0.59857141418921
"us-wi",0.22605259988121
"us-wv",0.630524474035808
