"JS_KEY","NAME_REGIONALITY"
"us-ak",1.46340652420831
"us-al",1.04575539080699
"us-ar",0.628434584054828
"us-az",1.12727885874407
"us-ca",3.37972270262312
"us-ct",0.608432525455328
"us-dc",1.89497047432443
"us-fl",0.88306327539604
"us-ga",0.695681555982734
"us-il",1.54747951889538
"us-in",0.554936150578773
"us-ky",0.796958713708738
"us-la",0.456814367096863
"us-ma",0.68127014298773
"us-md",0.460766556075108
"us-mi",0.477866085703931
"us-mn",0.315205725058758
"us-mo",0.437172151672752
"us-ms",1.15002640007091
"us-nc",0.668623665620572
"us-nj",1.37590943630653
"us-ny",1.33694768174147
"us-oh",0.433124404566267
"us-ok",0.89779266835285
"us-pa",0.298861871625273
"us-sc",0.87122278580245
"us-tn",0.370883186155838
"us-tx",1.2312730027957
"us-va",0.572245055636198
"us-wa",0.301672849825666
"us-wi",0.251708459182136
