"JS_KEY","NAME_REGIONALITY"
"us-al",0.427693276188585
"us-az",1.73579862330581
"us-ca",2.50886707810844
"us-co",1.32293504016163
"us-ct",0.594800549659477
"us-dc",1.34016516603289
"us-fl",0.690331611026206
"us-ga",0.624087291673301
"us-il",1.20775668713372
"us-in",0.45871853927139
"us-ks",1.06539377469047
"us-ky",0.407320267887624
"us-la",0.369460209168283
"us-ma",0.439169098540843
"us-md",0.591470857436014
"us-me",0.730518212277269
"us-mi",0.51583666532349
"us-mn",0.79367436455498
"us-mo",0.381775782150503
"us-ms",0.67771958517914
"us-nc",0.787839559458712
"us-nj",0.545486728578015
"us-nm",1.21518376333311
"us-nv",1.88059659129306
"us-ny",0.965825942713124
"us-oh",0.346757272819306
"us-ok",0.36330475320827
"us-or",0.893996831104012
"us-pa",0.367519131163249
"us-ri",0.636401183341017
"us-sc",0.20876477245761
"us-tn",0.399434864761984
"us-tx",1.786538596932
"us-ut",0.976671625454445
"us-va",0.724546074231028
"us-wa",0.85842624230845
"us-wi",0.691805521655412
