"JS_KEY","NAME_REGIONALITY"
"us-ak",1.32799627321182
"us-al",0.714332288478508
"us-ar",0.637498820364007
"us-az",1.36886911635135
"us-ca",1.48966869260885
"us-co",1.46315914915875
"us-ct",0.589923926361161
"us-dc",0.623515785132484
"us-de",0.797694049375829
"us-fl",0.676296780361608
"us-ga",0.79167650709961
"us-hi",0.800319770407349
"us-ia",1.52764741360625
"us-id",1.36901546311798
"us-il",1.22373539755205
"us-in",0.936129973534236
"us-ks",0.894064242818609
"us-ky",0.736993629206535
"us-la",0.48688637823214
"us-ma",0.483463298748212
"us-md",0.717465109258382
"us-me",0.515557986110587
"us-mi",0.932857023267098
"us-mn",1.46977464966683
"us-mo",0.856817952572609
"us-ms",0.412516366219465
"us-mt",0.501024452377499
"us-nc",0.773167658254612
"us-nd",1.48844289103001
"us-ne",1.30731299182269
"us-nh",0.658908255419384
"us-nj",0.501919851292656
"us-nm",1.03798303556076
"us-nv",1.29395930334428
"us-ny",0.581032944081947
"us-oh",0.920470904555932
"us-ok",0.986389603921233
"us-or",1.49609706728927
"us-pa",0.574214761157331
"us-ri",0.392826483808399
"us-sc",0.661561673513693
"us-sd",0.625352742411915
"us-tn",0.810289508060726
"us-tx",1.48533873484434
"us-ut",1.04369567094693
"us-va",0.824173760319735
"us-vt",1.26981144405146
"us-wa",1.03872150434522
"us-wi",1.48780365474395
"us-wv",0.37498017620258
"us-wy",1.38895827620538
