"JS_KEY","NAME_REGIONALITY"
"us-ak",164.764347894629
"us-al",59.416426319503
"us-ar",86.4551204903373
"us-az",93.8187080590503
"us-ca",109.732959544231
"us-co",132.641482175877
"us-ct",64.8333084910816
"us-dc",93.0217034872041
"us-de",67.5123708254238
"us-fl",52.296866743641
"us-ga",86.8010387711843
"us-hi",98.2577343711988
"us-ia",149.023324193529
"us-id",167.712510587708
"us-il",119.928807801685
"us-in",114.773683669907
"us-ks",138.948609087177
"us-ky",69.9282639717167
"us-la",60.0435126131125
"us-ma",74.1935428803224
"us-md",63.8877117567212
"us-me",92.5060621153238
"us-mi",127.531388259403
"us-mn",190.848773176524
"us-mo",109.131380883252
"us-ms",28.4767605573216
"us-mt",97.8773818510523
"us-nc",96.7363406224653
"us-nd",138.590080879231
"us-ne",189.856492520091
"us-nh",110.799395747118
"us-nj",43.77563696855
"us-nm",105.247167794152
"us-nv",110.946171218284
"us-ny",58.8101904713205
"us-oh",101.439191900662
"us-ok",107.543462385381
"us-or",184.323268584874
"us-pa",78.3428336016219
"us-ri",74.4588671750336
"us-sc",74.9620407433579
"us-sd",160.742118024811
"us-tn",90.2249436703564
"us-tx",126.381757149255
"us-ut",150.458341506159
"us-va",81.325463799477
"us-vt",154.281296816065
"us-wa",162.220643469013
"us-wi",226.261562787639
"us-wv",36.2469452771599
"us-wy",140.236080719365
