"JS_KEY","NAME_REGIONALITY"
"us-al",3.58069593987373
"us-ar",1.29710505992444
"us-az",1.480291617051
"us-ca",0.483216115014862
"us-co",0.419736841163516
"us-ct",0.265655420953536
"us-dc",0.852157284340481
"us-de",1.30326800752757
"us-fl",1.90722400572834
"us-ga",3.64340647393212
"us-hi",1.54853924175447
"us-ia",0.181107038282785
"us-id",0.356283962779118
"us-il",0.337029853319541
"us-in",0.73650297672371
"us-ks",0.490405710121283
"us-ky",1.60348752161758
"us-la",1.20082007074518
"us-ma",0.263065307863587
"us-md",1.32243979851565
"us-me",0.216524814525187
"us-mi",0.290099216608031
"us-mn",0.153417744291635
"us-mo",0.724850271433166
"us-ms",2.66797982984206
"us-nc",3.01366205121597
"us-nd",0.316301929533595
"us-ne",0.236554097686172
"us-nj",0.457658535132629
"us-nm",0.978251538819834
"us-ny",0.514519071547277
"us-oh",0.526614779467054
"us-ok",0.746468515524339
"us-or",0.189026854853058
"us-pa",0.79678102720118
"us-ri",0.385207116624259
"us-sc",4.42935096750565
"us-sd",0.305534100840489
"us-tn",1.90233377237397
"us-tx",0.990253432423488
"us-ut",1.06585382476908
"us-va",2.19369019395735
"us-wa",0.373983798164589
"us-wi",0.156147874491401
"us-wv",0.985526720072844
