"JS_KEY","NAME_REGIONALITY"
"us-ak",303.818161079657
"us-al",351.102740516927
"us-ar",146.926781862134
"us-az",100.180410587129
"us-ca",47.624110167861
"us-co",56.6299001994079
"us-ct",43.7761413593112
"us-dc",83.0813445230605
"us-de",113.905197041077
"us-fl",172.01065297378
"us-ga",309.897292035669
"us-hi",46.3414728945449
"us-ia",48.4524165596993
"us-id",55.9768286448958
"us-il",44.5714558930668
"us-in",87.4466931103364
"us-ks",48.2876207670995
"us-ky",142.426542556379
"us-la",158.680492860815
"us-ma",36.8813936968892
"us-md",78.6536657747424
"us-me",56.9556687414828
"us-mi",34.6360165215232
"us-mn",15.0910065309972
"us-mo",50.7526159430522
"us-ms",379.082432342409
"us-mt",36.0965392355355
"us-nc",289.739022321024
"us-ne",35.7695322598825
"us-nh",50.0773451638356
"us-nj",30.7040238886935
"us-nm",202.118900982996
"us-nv",123.700697243239
"us-ny",46.1556003769897
"us-oh",58.524741782627
"us-ok",90.4591720325014
"us-or",35.4123564657116
"us-pa",70.1576644708379
"us-ri",24.4756386353887
"us-sc",419.424686458705
"us-sd",38.2078862709382
"us-tn",218.147955298911
"us-tx",126.134238644543
"us-ut",56.7789735774461
"us-va",174.78972799123
"us-vt",89.0645020151322
"us-wa",29.8334749790669
"us-wi",18.1278368760708
"us-wv",127.340827226508
