"JS_KEY","NAME_REGIONALITY"
"us-ak",171.144491783323
"us-al",233.204929901413
"us-ar",157.472063944027
"us-az",143.425563801396
"us-ca",68.1495632948628
"us-co",56.8149062481632
"us-ct",94.4952585785512
"us-dc",114.118638439799
"us-de",106.574637870915
"us-fl",140.483075512691
"us-ga",212.353681234038
"us-hi",99.5847277052689
"us-ia",69.4580533141487
"us-id",91.5455242323344
"us-il",72.4116146581666
"us-in",101.404419825746
"us-ks",101.590102585604
"us-ky",146.997506795992
"us-la",130.958333403898
"us-ma",83.0548367840475
"us-md",88.8852412472406
"us-me",54.711044996825
"us-mi",57.5983704706356
"us-mn",81.642867959827
"us-mo",68.499411447469
"us-ms",300.753938043561
"us-mt",58.5476240952179
"us-nc",219.402517012962
"us-nd",35.4059112903521
"us-ne",30.767103022982
"us-nh",107.105527210632
"us-nj",42.0487288158635
"us-nm",154.8839482434
"us-ny",77.2478686560096
"us-oh",68.7550107273347
"us-ok",86.4960811775836
"us-or",79.1525036593801
"us-pa",71.9514080277689
"us-sc",307.369917632172
"us-sd",62.2469726717364
"us-tn",161.551819520421
"us-tx",128.584464497936
"us-ut",42.2624894620271
"us-va",178.816927735122
"us-vt",86.4596617749825
"us-wa",52.4156785540967
"us-wi",57.4937586217426
"us-wv",132.280363224949
"us-wy",67.9999437198373
