"JS_KEY","NAME_REGIONALITY"
"us-ak",135.65928526068
"us-al",141.602569488581
"us-ar",158.556021289215
"us-az",146.18314444683
"us-ca",71.6877167457486
"us-co",110.028491887273
"us-ct",114.840826058931
"us-dc",140.083083457137
"us-de",88.7367366813154
"us-fl",115.652702629123
"us-ga",135.660221184054
"us-hi",67.376316248319
"us-ia",125.406271151782
"us-id",108.2164799274
"us-il",88.3913795247611
"us-in",106.39202447962
"us-ks",83.4687575468385
"us-ky",104.354111710046
"us-la",136.392798370483
"us-ma",87.2924191069469
"us-md",61.2499868638247
"us-me",68.8951141591194
"us-mi",89.4559636209824
"us-mn",122.551199975661
"us-mo",104.607464533249
"us-ms",227.556645232561
"us-mt",120.923287614923
"us-nc",166.259896121086
"us-nd",80.0254850313575
"us-ne",91.9697227915335
"us-nh",135.310193659714
"us-nj",50.8755070325748
"us-nm",146.362533276145
"us-ny",74.7727236216221
"us-oh",81.622857406216
"us-ok",110.360786142395
"us-or",115.789422397979
"us-pa",53.3517812125073
"us-ri",79.6720739117903
"us-sc",206.597484876022
"us-sd",105.686503708721
"us-tn",107.722360014511
"us-tx",119.092865284354
"us-ut",81.2997383222675
"us-va",159.333863695661
"us-vt",157.24622438109
"us-wa",110.277700238266
"us-wi",129.357749080417
"us-wv",123.717381374466
