"JS_KEY","NAME_REGIONALITY"
"us-ak",0.756102384603912
"us-al",1.34184023655607
"us-ar",1.00339704350118
"us-az",0.770820237412498
"us-ca",0.753918918639351
"us-co",0.982877229626483
"us-ct",1.09676151736993
"us-dc",0.804905109536095
"us-de",1.58846341761773
"us-fl",1.00474002182161
"us-ga",1.17220418392327
"us-hi",0.904009736834724
"us-ia",0.81957013573804
"us-id",0.920810700316817
"us-il",0.779886893259604
"us-in",1.12478932626765
"us-ks",0.848687222002153
"us-ky",1.38279406783337
"us-la",1.0866835679442
"us-ma",1.24226118448743
"us-md",1.06378333293738
"us-me",0.929443192401443
"us-mi",0.881954535739766
"us-mn",0.788777035402448
"us-mo",1.00953562284612
"us-ms",1.10736693709151
"us-mt",1.06760963598246
"us-nc",1.25269115034695
"us-nd",0.856509642238737
"us-ne",0.848779308585895
"us-nh",1.2347450064084
"us-nj",1.03045357660188
"us-nm",0.7693370534364
"us-nv",0.813785097950374
"us-ny",1.05446190907516
"us-oh",1.11284634384537
"us-ok",1.02829096041162
"us-or",1.10951723222986
"us-pa",1.2875699017882
"us-ri",1.04921670238174
"us-sc",1.25355515969976
"us-sd",0.992546772916475
"us-tn",1.2337598954035
"us-tx",0.839812257392368
"us-ut",1.4544232871748
"us-va",1.24443634970632
"us-vt",0.995111493259929
"us-wa",1.01313337671648
"us-wi",0.806734071147652
"us-wv",1.14367970486164
"us-wy",1.82252827191494
