"JS_KEY","NAME_REGIONALITY"
"us-ak",114.227987660478
"us-al",114.700886209284
"us-ar",69.2673051467726
"us-az",86.6382287204514
"us-ca",75.5126186169526
"us-co",57.9427711732157
"us-ct",83.2241502136596
"us-dc",57.971693391032
"us-de",91.4656669116101
"us-fl",134.378793924198
"us-ga",105.192573457051
"us-hi",162.935592788431
"us-ia",89.9518956422956
"us-id",48.3469774362589
"us-il",84.0948661839244
"us-in",61.4600292849895
"us-ks",111.577361215405
"us-ky",92.5274781226845
"us-la",87.1851968505615
"us-ma",77.4530831526506
"us-md",106.32755697138
"us-me",82.539741083613
"us-mi",80.9068092729087
"us-mn",63.9152993999194
"us-mo",105.409775403516
"us-ms",112.559370863505
"us-mt",86.7237832583584
"us-nc",81.055730777226
"us-nd",95.5888811025462
"us-nh",53.1924936061159
"us-nj",204.369892854991
"us-nm",99.4301128111477
"us-nv",86.2114908678027
"us-ny",214.447072937141
"us-oh",82.6246042403111
"us-ok",48.0078085894484
"us-or",69.8749130866565
"us-pa",108.408312108118
"us-ri",92.904960034872
"us-sc",97.6767870262825
"us-tn",83.6518892826838
"us-tx",88.2918516641368
"us-ut",110.593360409576
"us-va",93.8819367971435
"us-vt",177.747919405561
"us-wa",72.1508022960664
"us-wi",60.9208538637913
"us-wv",74.5493873416738
