"JS_KEY","NAME_REGIONALITY"
"us-ak",67.5856413885489
"us-al",78.5753120983774
"us-ar",41.4384468903664
"us-az",72.68764642132
"us-ca",68.4527932478119
"us-co",92.0640954531709
"us-ct",132.95117465889
"us-dc",123.734763660321
"us-de",139.225445422575
"us-fl",90.4372937005236
"us-ga",80.0845528321986
"us-hi",111.847212195224
"us-ia",56.9727780559307
"us-id",44.3938509041207
"us-il",94.4184546444517
"us-in",79.220931806101
"us-ks",54.9187724131188
"us-ky",87.1359533662071
"us-la",138.932671355801
"us-ma",141.362150411135
"us-md",129.514639229348
"us-me",72.6738679389682
"us-mi",82.8803718115596
"us-mn",73.957532948189
"us-mo",72.0990886919114
"us-ms",67.3972261351813
"us-mt",74.2008787490708
"us-nc",85.5367071615165
"us-nd",37.7229908719254
"us-ne",62.6027909670423
"us-nh",53.6326518940379
"us-nj",182.571301731474
"us-nm",103.665571763228
"us-nv",76.578518226257
"us-ny",172.482688223504
"us-oh",91.0556924721193
"us-ok",38.7205263822817
"us-or",57.1074855742751
"us-pa",169.372925833212
"us-ri",177.656903911782
"us-sc",97.418874492184
"us-sd",56.265413806256
"us-tn",52.2636363051496
"us-tx",52.6210336480565
"us-ut",71.7830432043013
"us-va",86.8829019001795
"us-vt",71.2185292049005
"us-wa",52.7649614032832
"us-wi",80.0319061312015
"us-wv",81.5298908200153
"us-wy",63.711229675203
