"JS_KEY","NAME_REGIONALITY"
"us-ak",0.896508522095417
"us-al",0.766361060347581
"us-ar",0.498468068816071
"us-az",0.695496626468866
"us-ca",0.713016447395539
"us-co",0.850635772950815
"us-ct",1.36398842646382
"us-dc",1.06007954641099
"us-de",1.69714498602081
"us-fl",0.881563762216916
"us-ga",0.812392712406912
"us-hi",0.86500055318782
"us-ia",0.664055903901247
"us-id",0.565862116267849
"us-il",0.945453432601206
"us-in",0.712757922174693
"us-ks",0.543483388505844
"us-ky",0.979108827743723
"us-la",1.30797489940876
"us-ma",1.34878840502813
"us-md",1.24596906781873
"us-me",0.739411519236061
"us-mi",0.862652055627267
"us-mn",0.74606239251745
"us-mo",0.750632946348125
"us-ms",0.681109524224519
"us-mt",0.826020599504769
"us-nc",0.850063475747104
"us-nd",0.382804439705449
"us-ne",0.649828306621146
"us-nh",0.557846328456919
"us-nj",1.8607938945903
"us-nm",0.961426874073585
"us-nv",0.987324588217096
"us-ny",1.68092734732211
"us-oh",0.900133987224478
"us-ok",0.420661637059599
"us-or",0.57929124835654
"us-pa",1.71071471261843
"us-ri",1.56831297299324
"us-sc",0.923759162587532
"us-sd",0.461713937182585
"us-tn",0.575185382600192
"us-tx",0.532089673855084
"us-ut",0.684077098013412
"us-va",0.759091257463277
"us-vt",0.692941320344951
"us-wa",0.527173944594938
"us-wi",0.795089694394237
"us-wv",0.854449474754194
"us-wy",0.940381282544718
