"JS_KEY","NAME_REGIONALITY"
"us-ak",99.4661133124807
"us-al",81.8163938243865
"us-ar",64.5157489336063
"us-az",84.3313003917853
"us-ca",89.6965779060469
"us-co",82.3871087187038
"us-ct",122.73742583245
"us-dc",104.864138748046
"us-de",117.586126907936
"us-fl",98.2881392587507
"us-ga",94.6833243339912
"us-hi",81.753959943821
"us-ia",67.3047908114961
"us-id",70.3032068105968
"us-il",102.187267663004
"us-in",82.4810955236449
"us-ks",63.9691150154638
"us-ky",91.4457029452601
"us-la",136.251090773351
"us-ma",116.74573727929
"us-md",108.49649541666
"us-me",94.4313271966502
"us-mi",98.2101377611127
"us-mn",81.2157207431303
"us-mo",83.3777833089354
"us-ms",89.1844621528344
"us-mt",101.812369464493
"us-nc",80.0928278951783
"us-nd",53.2359304957398
"us-ne",77.5936811330913
"us-nh",70.7802162542244
"us-nj",160.318536598058
"us-nm",117.995536094741
"us-nv",101.512996334459
"us-ny",155.855848413345
"us-oh",92.6716165213407
"us-ok",57.6381403067511
"us-or",75.53764975152
"us-pa",139.972359786414
"us-ri",150.644354465186
"us-sc",89.9696417623962
"us-sd",53.9986982745819
"us-tn",73.0771027122891
"us-tx",66.9373865982495
"us-ut",71.5704835907667
"us-va",94.4149822031752
"us-vt",85.9765302924432
"us-wa",82.6887924084107
"us-wi",84.5413875817864
"us-wv",85.3761960808942
"us-wy",76.0037310902321
