"JS_KEY","NAME_REGIONALITY"
"us-ak",94.1191520122967
"us-al",86.9630258045999
"us-ar",81.4748736639138
"us-az",101.997816313578
"us-ca",92.1064109555194
"us-co",90.3904290756453
"us-ct",106.400581789408
"us-dc",94.6036982395537
"us-de",92.5229239696304
"us-fl",95.5077788714973
"us-ga",91.870816113713
"us-hi",102.380464464766
"us-ia",98.4116040628305
"us-id",82.5510020596431
"us-il",107.220820602768
"us-in",95.2297738601478
"us-ks",90.4166388161167
"us-ky",100.588583844649
"us-la",105.15306808094
"us-ma",117.824004263792
"us-md",91.4837208664474
"us-me",100.330764328938
"us-mi",112.985250270319
"us-mn",108.803060017234
"us-mo",101.806925998579
"us-ms",100.886242797843
"us-mt",95.936571956659
"us-nc",87.8168373606231
"us-nd",75.984418512917
"us-ne",104.481734102522
"us-nh",94.7492863227868
"us-nj",120.235921630201
"us-nm",101.386077196861
"us-nv",106.874184898752
"us-ny",124.695258133224
"us-oh",106.380433010792
"us-ok",85.1910970439052
"us-or",95.7689224550229
"us-pa",110.230125523851
"us-ri",93.7264818464361
"us-sc",90.2543054712617
"us-sd",114.697534827522
"us-tn",90.8431795402677
"us-tx",78.7168760706284
"us-ut",85.4222897485629
"us-va",91.0464061213423
"us-vt",95.3100474051053
"us-wa",96.8173757080492
"us-wi",107.730667251922
"us-wv",102.272317409514
"us-wy",94.6276980180365
