"JS_KEY","NAME_REGIONALITY"
"us-al",9.11282298171223
"us-ar",15.3375111461918
"us-az",35.7794621217945
"us-ca",78.0357284188985
"us-co",60.2790510033466
"us-ct",280.307932540448
"us-dc",43.1394845994632
"us-de",89.4892894814328
"us-fl",29.0305881076373
"us-ga",7.13006789989382
"us-hi",62.4335201428011
"us-ia",24.0893936126206
"us-il",102.054937746426
"us-in",24.4900078466364
"us-ks",24.7278642352486
"us-ky",22.8629792072229
"us-la",124.088872925484
"us-ma",177.412758392646
"us-md",66.9038111417106
"us-me",40.3872622882215
"us-mi",98.5376100715341
"us-mn",63.294706083133
"us-mo",52.5560192729008
"us-mt",18.3718884919649
"us-ne",23.4260023943729
"us-nh",31.8747245693926
"us-nj",276.415072085222
"us-nm",50.9211928048715
"us-ny",259.63612730569
"us-oh",72.1404985395617
"us-ok",16.5242906407899
"us-pa",153.520601374591
"us-ri",270.83963401195
"us-sc",6.71515865033993
"us-sd",27.1125645241646
"us-tn",5.49697390594937
"us-tx",23.2825821942453
"us-va",16.2068437617655
"us-vt",80.3453801129318
"us-wa",25.6077279231056
"us-wi",86.8248280822214
"us-wv",31.8281377167627
