"JS_KEY","NAME_REGIONALITY"
"us-al",10.4972397839421
"us-ar",7.11256887644813
"us-ca",77.3115752624117
"us-co",35.8491650462766
"us-ct",305.023824268388
"us-dc",49.994004135841
"us-de",148.220552900624
"us-fl",33.9800051570961
"us-ga",8.90538782498775
"us-hi",78.1739112989131
"us-ia",25.8699016808485
"us-il",106.192509650659
"us-in",22.2372318170542
"us-ks",23.6712726921749
"us-ky",21.5469453713757
"us-la",130.444677537951
"us-ma",165.413364377016
"us-md",67.9719993634794
"us-me",25.4529273863984
"us-mi",78.8068911752439
"us-mn",53.5363472455781
"us-mo",50.006022224155
"us-ms",26.1022472659747
"us-mt",54.6063771026349
"us-nc",3.18936285403746
"us-nd",48.8414343618745
"us-ne",48.4940999246341
"us-nh",103.396690371853
"us-nj",300.778119504478
"us-ny",291.461911684523
"us-oh",80.1873220578476
"us-or",19.5790617414636
"us-pa",170.255344986812
"us-ri",388.591175279138
"us-sd",30.9446210033747
"us-tn",7.57192537461306
"us-tx",23.5552725085546
"us-va",11.1262500873141
"us-vt",39.6506482251944
"us-wa",25.3063586862319
"us-wi",62.817744973659
"us-wv",37.8017301352389
