"JS_KEY","NAME_REGIONALITY"
"us-al",10.620903499001
"us-ca",70.7229485470336
"us-co",27.6428109115371
"us-ct",308.419161249476
"us-dc",80.2087486142484
"us-de",99.1076073563638
"us-fl",30.0359545414272
"us-ga",7.44840550423601
"us-hi",39.3651711462193
"us-ia",19.5336570515655
"us-il",113.222009461993
"us-in",25.9993966912532
"us-ks",15.3001920049864
"us-ky",11.6953305918241
"us-la",140.79353691294
"us-ma",196.555021469546
"us-md",74.7461690190487
"us-me",54.0702607528301
"us-mi",79.8425914056543
"us-mn",50.1157635265495
"us-mo",38.5339768034545
"us-ms",18.962626055804
"us-nc",3.75756456541988
"us-ne",19.8300048958271
"us-nh",89.5550668882805
"us-nj",313.874116897461
"us-nm",59.2091523839268
"us-ny",310.794363684904
"us-oh",66.5534734566259
"us-pa",166.363557123312
"us-ri",359.117007532322
"us-sc",6.30078281622358
"us-tn",8.23635767040567
"us-tx",25.0259080581931
"us-va",9.87638703565933
"us-vt",49.168170964733
"us-wa",11.7259899667662
"us-wi",53.697563838825
"us-wv",42.2342376401124
