"JS_KEY","NAME_REGIONALITY"
"us-al",14.5682373986685
"us-az",69.7908999524302
"us-ca",74.8165140341148
"us-co",77.5502090886332
"us-ct",306.274340061471
"us-dc",33.9295194532145
"us-de",138.067984506912
"us-fl",48.7873851147083
"us-ga",11.6231132492566
"us-hi",84.3567030142943
"us-ia",15.8855025434856
"us-il",97.6426749971148
"us-in",18.8995320962176
"us-ks",24.0726616997426
"us-ky",27.040913990234
"us-la",147.076319619847
"us-ma",175.876919662607
"us-md",57.7999383095984
"us-me",43.3617223663554
"us-mi",66.8558820684216
"us-mn",43.5309834743659
"us-mo",33.8978420658238
"us-ms",15.4560051545442
"us-mt",31.925977105646
"us-nc",12.2319015870886
"us-nd",35.0042891912381
"us-ne",36.3077398572437
"us-nh",60.4902781173019
"us-nj",319.590642228518
"us-nm",77.5285560915402
"us-ny",330.350394878333
"us-oh",70.9583509616627
"us-ok",11.8712324897008
"us-or",26.424194977075
"us-pa",170.810489541214
"us-ri",453.119879928058
"us-sc",12.0206640171196
"us-sd",39.840737164717
"us-tn",13.0183563993554
"us-tx",23.3328905589034
"us-va",19.5422324272726
"us-vt",46.992689437691
"us-wa",27.6815930575678
"us-wi",63.0996129299514
"us-wv",24.1845884450228
