"JS_KEY","NAME_REGIONALITY"
"us-al",0.299159488197536
"us-ar",0.189009103293877
"us-az",0.886264379003517
"us-ca",1.02634244350127
"us-co",1.1332090737286
"us-ct",2.74121650528432
"us-dc",0.835461716051831
"us-de",1.91574762342555
"us-fl",0.575796916052507
"us-ga",0.31496039167265
"us-hi",1.35584259437074
"us-ia",0.373312521949506
"us-id",0.338064345742151
"us-il",1.01778074528471
"us-in",0.406952336153776
"us-ks",0.230576668658635
"us-ky",0.285494582769341
"us-la",1.23933915552114
"us-ma",1.6801200180532
"us-md",0.674367671773562
"us-me",0.508413221075649
"us-mi",0.704012060085133
"us-mn",0.386441219192112
"us-mo",0.506160646056691
"us-ms",0.324673697188038
"us-mt",0.273076476790588
"us-nc",0.148558829718133
"us-nd",0.214100092477519
"us-ne",0.362190672628637
"us-nh",0.573861850311244
"us-nj",3.05648519223198
"us-nm",1.17521977199879
"us-ny",2.90623120013643
"us-oh",0.739473113403242
"us-ok",0.453150870840118
"us-or",0.283833416040878
"us-pa",1.51440508947193
"us-ri",3.68778796070416
"us-sc",0.16741505128378
"us-sd",0.224308592769035
"us-tn",0.232314219312307
"us-tx",0.54682626648626
"us-ut",0.257506078466431
"us-va",0.2605480755593
"us-vt",0.451290630975143
"us-wa",0.157002403980026
"us-wi",0.75350069757756
"us-wv",0.219375729327821
