"JS_KEY","NAME_REGIONALITY"
"us-al",38.779134151313
"us-ar",23.3820218841932
"us-az",58.1971342039291
"us-ca",96.8860941023144
"us-co",124.043994545506
"us-ct",250.478776545105
"us-dc",81.3655796483529
"us-de",132.478645948642
"us-fl",78.9908509122569
"us-ga",37.4921885324814
"us-hi",142.492925207048
"us-ia",33.8809548085686
"us-id",41.029708901166
"us-il",90.0321935008171
"us-in",43.8149373156248
"us-ks",21.2909685707437
"us-ky",38.7720545943757
"us-la",144.171695282643
"us-ma",153.397855272055
"us-md",84.6081548163788
"us-me",66.9844766326192
"us-mi",71.02236160759
"us-mn",57.3852440287684
"us-mo",57.1212695527994
"us-ms",31.7105064268273
"us-nc",35.4548934222697
"us-nd",37.0241700374638
"us-ne",36.4404092411024
"us-nh",90.4545149356968
"us-nj",266.242154225157
"us-nm",156.680307575823
"us-nv",82.9323903321441
"us-ny",270.86368093469
"us-oh",64.372502074997
"us-ok",43.2082775153872
"us-or",27.9000522136296
"us-pa",155.51454354926
"us-ri",262.638300969107
"us-sc",31.2472282025466
"us-sd",39.1101425878525
"us-tn",37.8378480785225
"us-tx",54.4413570891985
"us-ut",32.4014920367447
"us-va",32.0951086842718
"us-vt",96.3536389678996
"us-wa",38.427301430497
"us-wi",68.8753488219567
"us-wv",28.014034825884
"us-wy",49.6537878421755
