"JS_KEY","NAME_REGIONALITY"
"us-ak",0.734515313386597
"us-al",1.24553600051406
"us-ar",1.15856401621454
"us-az",0.761661747392036
"us-ca",1.09511133556885
"us-co",0.867356069524443
"us-ct",0.88559136867277
"us-dc",1.61212768304877
"us-de",0.948549109997641
"us-fl",1.02377611878497
"us-ga",1.16109931526815
"us-hi",0.795262804987891
"us-ia",0.635431136214211
"us-id",0.499245712972166
"us-il",1.17016113627855
"us-in",0.971680153271809
"us-ks",0.825367390665666
"us-ky",1.08957221889734
"us-la",1.15491014463557
"us-ma",0.682739960687501
"us-md",0.85115814267242
"us-me",0.385043071661222
"us-mi",0.938376554493095
"us-mn",0.784044819255876
"us-mo",0.894829492799915
"us-ms",1.49667830110542
"us-mt",0.561816959491887
"us-nc",1.07120353261419
"us-nd",0.534917378668062
"us-ne",0.62768033958145
"us-nh",0.467666577331666
"us-nj",1.2851002236453
"us-nm",1.1871904783477
"us-nv",0.782556126561087
"us-ny",1.43384930814425
"us-oh",0.942582287599364
"us-ok",0.683678255173092
"us-or",0.806482280244981
"us-pa",0.851288225233916
"us-ri",0.880000759208688
"us-sc",1.23369398544641
"us-sd",0.651980431355691
"us-tn",1.08957033662491
"us-tx",0.807627041760054
"us-ut",0.535396266204918
"us-va",0.943786863349035
"us-vt",0.522198359857712
"us-wa",0.791351785108397
"us-wi",0.68807748281661
"us-wv",0.572418053755771
"us-wy",0.57849727688715
