"JS_KEY","NAME_REGIONALITY"
"us-ak",0.82141220298852
"us-al",1.13743992755321
"us-ar",0.986276174349402
"us-az",1.01456650008798
"us-ca",1.24475781457465
"us-co",0.941161500645875
"us-ct",0.920016212215713
"us-dc",1.57306409501665
"us-de",0.91013616916498
"us-fl",1.0610096488048
"us-ga",1.03518335944805
"us-hi",1.18476658835128
"us-ia",0.734471224783994
"us-id",0.585581685628666
"us-il",1.17601496021269
"us-in",0.895819922329541
"us-ks",0.799454184382427
"us-ky",0.891983317482128
"us-la",1.0644532962459
"us-ma",0.802958015148712
"us-md",0.923612218520572
"us-me",0.487918273199859
"us-mi",0.947364298466096
"us-mn",0.902950535327193
"us-mo",0.777133235575024
"us-ms",1.31726565965155
"us-mt",0.41686919648953
"us-nc",0.911350384211552
"us-nd",0.545998470024899
"us-ne",0.892386894406887
"us-nh",0.496968937625423
"us-nj",1.38056727371411
"us-nm",1.25021285901172
"us-nv",1.43628622830316
"us-ny",1.54026910078723
"us-oh",0.956206790117653
"us-ok",0.722025351439588
"us-or",0.7771911276254
"us-pa",0.978831860652373
"us-ri",0.785101421853181
"us-sc",0.987347233295026
"us-sd",0.640567909311046
"us-tn",0.832676222213973
"us-tx",0.754000915440685
"us-ut",0.623748819107181
"us-va",0.873868231168037
"us-vt",0.574686525229597
"us-wa",0.701583762201579
"us-wi",0.837691507402926
"us-wv",0.70377980459676
"us-wy",0.761454214109507
