"JS_KEY","NAME_REGIONALITY"
"us-ak",64.2484752122799
"us-al",55.8053761664595
"us-ar",55.4576444825171
"us-az",132.667931283538
"us-ca",145.683499903107
"us-co",93.9618387444543
"us-ct",100.295981671529
"us-dc",138.979471869446
"us-de",93.0677501017388
"us-fl",113.592810034877
"us-ga",69.5131134455821
"us-hi",80.7183755690081
"us-ia",74.5386735720122
"us-id",78.4086762950302
"us-il",109.840676448175
"us-in",77.1231067535118
"us-ks",86.6473019378009
"us-ky",63.2256892456604
"us-la",65.56912652425
"us-ma",99.3675688001571
"us-md",87.1933481620719
"us-me",64.288474380459
"us-mi",89.0976423887369
"us-mn",72.0844806975772
"us-mo",79.2118790887265
"us-ms",68.8852720126065
"us-mt",58.2184799400163
"us-nc",58.5419417693979
"us-nd",61.6301488968036
"us-ne",87.9928912699434
"us-nh",63.6173117227493
"us-nj",131.583121397174
"us-nm",135.189835644399
"us-nv",164.372537519687
"us-ny",127.20488153205
"us-oh",89.7273963475355
"us-ok",76.4899922972336
"us-or",99.8102931893252
"us-pa",104.895198514368
"us-ri",102.712673832348
"us-sc",68.2858134679778
"us-sd",91.1974623822378
"us-tn",55.152818280202
"us-tx",89.7881077597392
"us-ut",76.7283401762795
"us-va",62.9384239987634
"us-vt",52.8808316749583
"us-wa",94.780810337128
"us-wi",86.6395148931151
"us-wv",71.0307828419659
"us-wy",76.8609573311545
