"JS_KEY","NAME_REGIONALITY"
"us-ak",0.576454856973759
"us-al",0.554703763697798
"us-ar",0.721502927323107
"us-az",1.34128997512047
"us-ca",1.26081529718477
"us-co",0.915332984628132
"us-ct",1.2491952196443
"us-dc",0.955475220256236
"us-de",1.42818740252348
"us-fl",1.15534771995812
"us-ga",0.786238639735566
"us-hi",0.577905754700903
"us-ia",0.710494810935449
"us-id",0.734463174861312
"us-il",1.21210973132593
"us-in",0.796945383801851
"us-ks",0.720786993800718
"us-ky",0.755139386941606
"us-la",0.796449097614022
"us-ma",0.9376278019023
"us-md",0.844887097726982
"us-me",0.954274874502145
"us-mi",0.893278028775561
"us-mn",0.609443994150089
"us-mo",0.74707865481022
"us-ms",0.670321454390734
"us-mt",0.484491008084474
"us-nc",0.75548211979811
"us-nd",0.497308230520572
"us-ne",0.75795205815495
"us-nh",0.895287155980042
"us-nj",1.39641894291481
"us-nm",1.16721330229563
"us-nv",1.62825196004592
"us-ny",1.1176879364134
"us-oh",0.945503796137651
"us-ok",0.849958097149226
"us-or",0.991576801515917
"us-pa",0.995162553534394
"us-ri",1.39515627642893
"us-sc",0.632416310583694
"us-sd",0.792539506883272
"us-tn",0.626158277824926
"us-tx",1.05987489516015
"us-ut",0.578763888967907
"us-va",0.765747807352775
"us-vt",0.369991343849223
"us-wa",0.864229297518578
"us-wi",0.798695824887412
"us-wv",0.63519926320226
"us-wy",0.590277486759098
