"JS_KEY","NAME_REGIONALITY"
"us-ak",0.484637304551965
"us-al",0.514451777776128
"us-ar",0.686141211903109
"us-az",1.26628169115963
"us-ca",1.19318246776718
"us-co",0.881206109674593
"us-ct",1.26651080540276
"us-dc",0.700125311851302
"us-de",1.52320544729554
"us-fl",1.23221446347544
"us-ga",0.775136817801952
"us-hi",0.417952714196946
"us-ia",0.621359713399157
"us-id",0.878805420644063
"us-il",1.24421307995552
"us-in",0.779037690038378
"us-ks",0.988813346283494
"us-ky",0.620958318235463
"us-la",0.776167199835151
"us-ma",1.0927240323515
"us-md",0.943528252299606
"us-me",0.6480709197765
"us-mi",1.05546272248509
"us-mn",0.71393946457577
"us-mo",0.707673832733795
"us-ms",0.706251743311065
"us-mt",0.314837373030108
"us-nc",0.810330222050118
"us-nd",0.584088918090232
"us-ne",0.771508720682349
"us-nh",1.06143159095385
"us-nj",1.3664771581549
"us-nm",1.06012950619825
"us-nv",1.48733517603879
"us-ny",1.11084678292493
"us-oh",0.992317180332627
"us-ok",0.873209683996965
"us-or",0.812500076398863
"us-pa",1.05051037505318
"us-ri",1.05591970583763
"us-sc",0.611654838326561
"us-sd",0.576383787596323
"us-tn",0.626929071295419
"us-tx",1.08004147306386
"us-ut",0.579434057996792
"us-va",0.767887609026438
"us-vt",0.95426371913993
"us-wa",0.763242116436626
"us-wi",0.878510444267321
"us-wv",0.697773183246477
"us-wy",0.765669587664938
