"JS_KEY","NAME_REGIONALITY"
"us-ak",0.723034218943575
"us-al",0.437738001410607
"us-ar",0.831068405414785
"us-az",1.23324519317712
"us-ca",1.20826826928902
"us-co",1.05175008914913
"us-ct",1.15909245397458
"us-dc",0.879090871478023
"us-de",1.97476934897237
"us-fl",1.21157497408089
"us-ga",0.82825466534031
"us-hi",1.09941773134922
"us-ia",0.790067510571875
"us-id",0.662010764009116
"us-il",1.20589951838621
"us-in",0.938334655173278
"us-ks",0.86270261393728
"us-ky",0.694424386451823
"us-la",0.919920616688203
"us-ma",1.09543331173272
"us-md",0.949202117549498
"us-me",0.650998936430804
"us-mi",0.902306052462484
"us-mn",0.63389720273632
"us-mo",0.789431973440513
"us-ms",0.677646559306893
"us-mt",0.635644586882964
"us-nc",0.831942741252219
"us-nd",1.38741833681821
"us-ne",0.806420702071765
"us-nh",0.975508913796489
"us-nj",1.31832023218316
"us-nm",1.77445004558107
"us-nv",1.31517061454808
"us-ny",1.0977375092689
"us-oh",0.904571766303473
"us-ok",0.92609872917325
"us-or",0.950612268942071
"us-pa",1.12737598211697
"us-ri",1.33722959976099
"us-sc",0.547469538264216
"us-sd",0.473826922778766
"us-tn",0.594287954549679
"us-tx",1.07754088019607
"us-ut",0.497378442299661
"us-va",0.781039662556323
"us-wa",0.81616106475425
"us-wi",0.772477052116857
"us-wv",0.589387770009597
